{"type": "FeatureCollection", "features": [{"type": "Feature", "properties": {"zone_id": 20398991, "name": "Brno-Kníničky", "admin_level": "9", "source": "OSM relation 20398991"}, "geometry": {"type": "Polygon", "coordinates": [[[16.456319, 49.277169], [16.456353, 49.277197], [16.456559, 49.277322], [16.456683, 49.277439], [16.456741, 49.277566], [16.456741, 49.277703], [16.45666, 49.277977], [16.456613, 49.278314], [16.4566, 49.278429], [16.457046, 49.278539], [16.457202, 49.278638], [16.457178, 49.278817], [16.45721, 49.278817], [16.457291, 49.27881], [16.457514, 49.278812], [16.457983, 49.278847], [16.457794, 49.278002], [16.457945, 49.277913], [16.457968, 49.277956], [16.457979, 49.27801], [16.45807, 49.278109], [16.458152, 49.278254], [16.45823, 49.278441], [16.458276, 49.278646], [16.458366, 49.278816], [16.458434, 49.279024], [16.458456, 49.279114], [16.458494, 49.279218], [16.458496, 49.279231], [16.45856, 49.279331], [16.45857, 49.279375], [16.458586, 49.279372], [16.45876, 49.279455], [16.459665, 49.279149], [16.459714, 49.27913], [16.459758, 49.279149], [16.459801, 49.279164], [16.45993, 49.279228], [16.460019, 49.279265], [16.460193, 49.279342], [16.460304, 49.27946], [16.460148, 49.279709], [16.460084, 49.27984], [16.460333, 49.279898], [16.460444, 49.279935], [16.460714, 49.279956], [16.461271, 49.279983], [16.461451, 49.280032], [16.461628, 49.280256], [16.461309, 49.280541], [16.461314, 49.281103], [16.461617, 49.280978], [16.461671, 49.280967], [16.461791, 49.280889], [16.461987, 49.280723], [16.462175, 49.280657], [16.462385, 49.280866], [16.462317, 49.280944], [16.46236, 49.281068], [16.462275, 49.281144], [16.4624, 49.281391], [16.462526, 49.281534], [16.462721, 49.281685], [16.462914, 49.281936], [16.462974, 49.282016], [16.462862, 49.282097], [16.462767, 49.282151], [16.462653, 49.282199], [16.462378, 49.282301], [16.462359, 49.28231], [16.462716, 49.282702], [16.463101, 49.282746], [16.463346, 49.282758], [16.463469, 49.28277], [16.46368, 49.282807], [16.463892, 49.282705], [16.463948, 49.282671], [16.464051, 49.282594], [16.464177, 49.28248], [16.464286, 49.28237], [16.464364, 49.28225], [16.464397, 49.282184], [16.464491, 49.281952], [16.464509, 49.281959], [16.464585, 49.281845], [16.464888, 49.281573], [16.465089, 49.281302], [16.465273, 49.281142], [16.465647, 49.280931], [16.465777, 49.280893], [16.466382, 49.280727], [16.466676, 49.280608], [16.467057, 49.280225], [16.467378, 49.279996], [16.468083, 49.279737], [16.468781, 49.279529], [16.468975, 49.279413], [16.469334, 49.279157], [16.469534, 49.279031], [16.469881, 49.278824], [16.470191, 49.278689], [16.470538, 49.278466], [16.470967, 49.27819], [16.471338, 49.277986], [16.471411, 49.277953], [16.47171, 49.277673], [16.472012, 49.277326], [16.472569, 49.276876], [16.473483, 49.276357], [16.473759, 49.27634], [16.474051, 49.276529], [16.474581, 49.277013], [16.474742, 49.277116], [16.475021, 49.277228], [16.476, 49.277549], [16.476413, 49.277608], [16.47696, 49.277632], [16.477161, 49.277673], [16.47733, 49.277703], [16.478069, 49.277879], [16.478619, 49.277978], [16.479016, 49.278014], [16.479241, 49.278072], [16.479017, 49.278449], [16.478743, 49.278662], [16.479878, 49.278409], [16.480246, 49.278329], [16.480367, 49.278305], [16.480583, 49.27816], [16.481118, 49.278066], [16.481688, 49.277932], [16.482828, 49.277677], [16.483135, 49.277552], [16.483537, 49.277493], [16.483813, 49.277516], [16.48445, 49.277488], [16.485321, 49.277417], [16.485825, 49.277408], [16.486306, 49.277005], [16.486465, 49.276687], [16.486728, 49.276357], [16.486943, 49.276442], [16.487011, 49.276357], [16.487296, 49.276074], [16.487461, 49.275928], [16.487611, 49.275782], [16.487769, 49.275635], [16.487871, 49.275348], [16.488067, 49.274827], [16.488053, 49.274691], [16.488026, 49.274487], [16.488018, 49.274159], [16.487968, 49.273716], [16.4877, 49.273233], [16.487787, 49.273042], [16.488074, 49.272701], [16.488318, 49.272517], [16.488446, 49.272544], [16.488685, 49.272464], [16.489239, 49.272264], [16.489545, 49.27214], [16.489753, 49.271969], [16.49022, 49.271805], [16.490443, 49.27172], [16.49054, 49.271597], [16.490685, 49.271659], [16.490769, 49.27153], [16.491038, 49.27158], [16.491115, 49.271471], [16.491322, 49.271478], [16.491322, 49.271355], [16.491572, 49.271364], [16.491601, 49.271236], [16.4921, 49.270971], [16.492249, 49.271006], [16.49236, 49.270956], [16.492464, 49.270995], [16.492648, 49.270917], [16.492929, 49.27094], [16.493282, 49.270854], [16.493509, 49.27064], [16.493747, 49.270564], [16.495265, 49.271793], [16.495588, 49.271598], [16.496518, 49.271011], [16.497825, 49.270182], [16.498577, 49.269697], [16.500189, 49.268648], [16.50111, 49.268086], [16.501849, 49.267611], [16.504156, 49.266122], [16.504884, 49.265667], [16.505569, 49.265236], [16.505694, 49.265151], [16.506797, 49.264451], [16.507592, 49.263929], [16.507731, 49.263847], [16.508316, 49.263482], [16.508288, 49.263333], [16.508229, 49.263072], [16.50811, 49.262496], [16.507805, 49.261998], [16.507668, 49.261714], [16.507409, 49.261378], [16.507354, 49.261217], [16.507332, 49.261022], [16.507316, 49.260843], [16.506898, 49.260531], [16.506605, 49.260388], [16.506446, 49.260331], [16.506137, 49.260186], [16.505534, 49.260044], [16.50537, 49.260075], [16.505251, 49.260344], [16.505266, 49.260446], [16.505275, 49.260591], [16.505501, 49.26099], [16.505055, 49.261104], [16.504739, 49.260379], [16.504864, 49.260191], [16.504874, 49.259969], [16.504814, 49.259705], [16.504727, 49.259594], [16.504562, 49.259369], [16.504619, 49.259187], [16.502731, 49.258146], [16.502714, 49.258136], [16.502531, 49.257858], [16.502291, 49.25748], [16.501898, 49.256885], [16.502316, 49.25636], [16.502362, 49.256152], [16.502497, 49.255861], [16.502546, 49.255565], [16.502597, 49.255494], [16.502819, 49.255331], [16.502927, 49.255279], [16.503892, 49.255003], [16.504311, 49.254844], [16.504714, 49.254627], [16.505068, 49.254421], [16.505267, 49.25432], [16.505841, 49.254044], [16.505956, 49.25397], [16.506349, 49.253725], [16.50642, 49.253686], [16.50661, 49.253557], [16.506823, 49.25342], [16.506867, 49.253389], [16.507064, 49.253223], [16.507243, 49.253033], [16.507378, 49.252867], [16.507371, 49.252826], [16.507604, 49.252582], [16.507907, 49.252391], [16.50812, 49.252214], [16.508413, 49.251965], [16.508865, 49.251682], [16.509079, 49.251531], [16.509315, 49.251323], [16.509916, 49.250886], [16.510017, 49.250788], [16.510106, 49.250663], [16.510466, 49.249936], [16.510111, 49.249525], [16.510299, 49.249467], [16.510893, 49.249272], [16.512991, 49.248569], [16.513408, 49.248455], [16.515908, 49.247984], [16.516038, 49.247409], [16.517877, 49.246492], [16.518804, 49.246711], [16.517459, 49.244428], [16.517385, 49.244197], [16.517249, 49.243849], [16.517188, 49.243673], [16.517122, 49.243499], [16.517001, 49.243338], [16.517097, 49.243321], [16.517195, 49.243305], [16.518828, 49.243026], [16.519067, 49.243024], [16.519346, 49.243009], [16.519619, 49.243008], [16.519892, 49.243005], [16.520167, 49.24298], [16.520441, 49.242961], [16.520707, 49.242919], [16.520977, 49.242888], [16.521244, 49.242848], [16.521505, 49.242792], [16.521752, 49.242711], [16.522008, 49.242647], [16.52227, 49.242592], [16.52252, 49.242517], [16.52276, 49.242436], [16.523258, 49.2423], [16.523514, 49.242236], [16.523807, 49.242176], [16.523976, 49.242135], [16.524237, 49.242084], [16.524496, 49.242028], [16.524769, 49.241997], [16.525032, 49.241947], [16.525292, 49.241892], [16.526073, 49.241746], [16.526068, 49.241649], [16.526022, 49.241486], [16.525909, 49.24125], [16.525877, 49.241168], [16.525921, 49.241164], [16.526362, 49.241145], [16.526522, 49.241158], [16.526785, 49.241182], [16.527134, 49.241211], [16.527367, 49.241229], [16.527524, 49.241246], [16.527622, 49.24127], [16.527729, 49.241318], [16.527803, 49.241381], [16.527834, 49.241193], [16.5281, 49.241193], [16.528342, 49.241181], [16.528587, 49.241172], [16.528792, 49.241195], [16.528952, 49.241228], [16.529107, 49.241284], [16.529273, 49.241295], [16.529741, 49.24137], [16.530027, 49.241191], [16.530157, 49.241091], [16.530362, 49.241148], [16.530693, 49.241254], [16.531185, 49.241416], [16.531591, 49.24158], [16.53183, 49.241682], [16.5319, 49.241726], [16.532095, 49.241667], [16.532407, 49.241155], [16.532201, 49.24103], [16.532025, 49.24086], [16.532235, 49.240733], [16.531916, 49.240521], [16.531849, 49.240372], [16.532016, 49.240283], [16.532281, 49.240333], [16.532355, 49.240152], [16.532398, 49.239999], [16.532292, 49.239921], [16.532207, 49.23987], [16.53212, 49.239878], [16.531983, 49.239799], [16.531955, 49.239757], [16.531865, 49.239721], [16.531847, 49.239597], [16.531848, 49.239492], [16.53198, 49.239447], [16.532022, 49.239347], [16.531999, 49.239255], [16.532001, 49.239166], [16.531972, 49.239123], [16.531878, 49.239019], [16.531543, 49.238998], [16.531537, 49.238961], [16.531406, 49.238873], [16.531255, 49.238875], [16.531151, 49.238671], [16.531146, 49.238574], [16.531118, 49.238573], [16.531061, 49.238461], [16.530994, 49.238458], [16.530983, 49.238363], [16.53096, 49.238289], [16.530931, 49.238291], [16.530918, 49.238205], [16.530909, 49.238081], [16.530985, 49.237967], [16.530839, 49.237658], [16.530762, 49.237517], [16.530525, 49.23711], [16.5304, 49.236925], [16.530356, 49.236847], [16.530316, 49.236767], [16.530301, 49.236704], [16.530217, 49.236465], [16.530188, 49.236374], [16.529993, 49.235797], [16.529975, 49.235695], [16.529955, 49.235565], [16.529881, 49.235477], [16.529778, 49.235138], [16.529708, 49.234966], [16.52968, 49.23479], [16.529674, 49.234616], [16.529537, 49.234588], [16.528798, 49.234446], [16.528905, 49.234235], [16.529037, 49.234], [16.529096, 49.233906], [16.529175, 49.23379], [16.529239, 49.233703], [16.529383, 49.233537], [16.52946, 49.233455], [16.529646, 49.233259], [16.53008, 49.232819], [16.530187, 49.232702], [16.530336, 49.232547], [16.530111, 49.232457], [16.530083, 49.232345], [16.53004, 49.232303], [16.529941, 49.232194], [16.529766, 49.232035], [16.529646, 49.231976], [16.529606, 49.231944], [16.529502, 49.2318], [16.529497, 49.231774], [16.529415, 49.231557], [16.529404, 49.231496], [16.529411, 49.231404], [16.529372, 49.231242], [16.529105, 49.231232], [16.528828, 49.231195], [16.528361, 49.231092], [16.527911, 49.230939], [16.527589, 49.230858], [16.527396, 49.230839], [16.527238, 49.230833], [16.527116, 49.230837], [16.527018, 49.230848], [16.526558, 49.230939], [16.526252, 49.231091], [16.525896, 49.231293], [16.525566, 49.231559], [16.525209, 49.231869], [16.525085, 49.23196], [16.524753, 49.232176], [16.524722, 49.232186], [16.524497, 49.232282], [16.524313, 49.232348], [16.524148, 49.232401], [16.523954, 49.232446], [16.523728, 49.232489], [16.523498, 49.232513], [16.523252, 49.232531], [16.523153, 49.232531], [16.522812, 49.232517], [16.522307, 49.232473], [16.521888, 49.23243], [16.52133, 49.232369], [16.520771, 49.232311], [16.520295, 49.232271], [16.52021, 49.232269], [16.520008, 49.232267], [16.519654, 49.232286], [16.519264, 49.232317], [16.519007, 49.232335], [16.512805, 49.236539], [16.508725, 49.239307], [16.507195, 49.240347], [16.495975, 49.247955], [16.494622, 49.248868], [16.494444, 49.248925], [16.493758, 49.249217], [16.493575, 49.249192], [16.493186, 49.249366], [16.493048, 49.249553], [16.492789, 49.249601], [16.492208, 49.249645], [16.491592, 49.249565], [16.490296, 49.249138], [16.489243, 49.249133], [16.488701, 49.249489], [16.488059, 49.249758], [16.487854, 49.25001], [16.487817, 49.250228], [16.487854, 49.250566], [16.487794, 49.250744], [16.487517, 49.251317], [16.487295, 49.251476], [16.487057, 49.251609], [16.486693, 49.251665], [16.48591, 49.251579], [16.485468, 49.251577], [16.485002, 49.251675], [16.484871, 49.251738], [16.48475, 49.251817], [16.484641, 49.251932], [16.484541, 49.25214], [16.484263, 49.252311], [16.483969, 49.252597], [16.483803, 49.252661], [16.483283, 49.252724], [16.483091, 49.252721], [16.482847, 49.252687], [16.482496, 49.252738], [16.482292, 49.252797], [16.482188, 49.253042], [16.481922, 49.253171], [16.481727, 49.253701], [16.481709, 49.254062], [16.481855, 49.254576], [16.481875, 49.254886], [16.481886, 49.255388], [16.481854, 49.255655], [16.481871, 49.255778], [16.481723, 49.256052], [16.481559, 49.25642], [16.481249, 49.256881], [16.480731, 49.257448], [16.480435, 49.257546], [16.479845, 49.25795], [16.479557, 49.25814], [16.47934, 49.258277], [16.478993, 49.25842], [16.478038, 49.258855], [16.477055, 49.259092], [16.475812, 49.259507], [16.475759, 49.259522], [16.474484, 49.259797], [16.473801, 49.259987], [16.473603, 49.260048], [16.473038, 49.260137], [16.472127, 49.260287], [16.471709, 49.260377], [16.471553, 49.260408], [16.471214, 49.260562], [16.470659, 49.260681], [16.469944, 49.260815], [16.469545, 49.260927], [16.469067, 49.261072], [16.468893, 49.261126], [16.468577, 49.261214], [16.468237, 49.261311], [16.468099, 49.261335], [16.467395, 49.261507], [16.46719, 49.26156], [16.466949, 49.261607], [16.466896, 49.261614], [16.465952, 49.261677], [16.465439, 49.261692], [16.465203, 49.261638], [16.464948, 49.261484], [16.464782, 49.261334], [16.464661, 49.261232], [16.464471, 49.260919], [16.464006, 49.260413], [16.463957, 49.260362], [16.463654, 49.259903], [16.463438, 49.259673], [16.463104, 49.259022], [16.462954, 49.258696], [16.462941, 49.258359], [16.462551, 49.258183], [16.462163, 49.258189], [16.461634, 49.258077], [16.460734, 49.258007], [16.460403, 49.25801], [16.45912, 49.258108], [16.458594, 49.258097], [16.457656, 49.258247], [16.456581, 49.258407], [16.455655, 49.258578], [16.455601, 49.258589], [16.455159, 49.258775], [16.454739, 49.258862], [16.454541, 49.259079], [16.454515, 49.259735], [16.454501, 49.259899], [16.454811, 49.260404], [16.45513, 49.260737], [16.455442, 49.260963], [16.455743, 49.261148], [16.4559, 49.261357], [16.455989, 49.26164], [16.456079, 49.26198], [16.456311, 49.262348], [16.456443, 49.262848], [16.456577, 49.263121], [16.456491, 49.26373], [16.456433, 49.264343], [16.456599, 49.264458], [16.456493, 49.264964], [16.456264, 49.265273], [16.455993, 49.265518], [16.455449, 49.265975], [16.455229, 49.266221], [16.454865, 49.266484], [16.454459, 49.266857], [16.454189, 49.267191], [16.453911, 49.267485], [16.45352, 49.267768], [16.453546, 49.267906], [16.453593, 49.268249], [16.453763, 49.268604], [16.453909, 49.268763], [16.454296, 49.269682], [16.454392, 49.269962], [16.454756, 49.270719], [16.455133, 49.271316], [16.455456, 49.271733], [16.455755, 49.27199], [16.456088, 49.272374], [16.456418, 49.272966], [16.456691, 49.273302], [16.4568, 49.273815], [16.456854, 49.274387], [16.456871, 49.275104], [16.456774, 49.275448], [16.456729, 49.275517], [16.457129, 49.27568], [16.457315, 49.275892], [16.457223, 49.276008], [16.457235, 49.2761], [16.457365, 49.276168], [16.457452, 49.276474], [16.457447, 49.276578], [16.457494, 49.276722], [16.457394, 49.276905], [16.457433, 49.276966], [16.456565, 49.277125], [16.456319, 49.277169]]]}}, {"type": "Feature", "properties": {"zone_id": 20398992, "name": "Brno-Bystrc", "admin_level": "9", "source": "OSM relation 20398992"}, "geometry": {"type": "Polygon", "coordinates": [[[16.532407, 49.241155], [16.532201, 49.24103], [16.532025, 49.24086], [16.532235, 49.240733], [16.531916, 49.240521], [16.531849, 49.240372], [16.532016, 49.240283], [16.532281, 49.240333], [16.532355, 49.240152], [16.532398, 49.239999], [16.532292, 49.239921], [16.532207, 49.23987], [16.53212, 49.239878], [16.531983, 49.239799], [16.531955, 49.239757], [16.531865, 49.239721], [16.531847, 49.239597], [16.531848, 49.239492], [16.53198, 49.239447], [16.532022, 49.239347], [16.531999, 49.239255], [16.532001, 49.239166], [16.531972, 49.239123], [16.531878, 49.239019], [16.531543, 49.238998], [16.531537, 49.238961], [16.531406, 49.238873], [16.531255, 49.238875], [16.531151, 49.238671], [16.531146, 49.238574], [16.531118, 49.238573], [16.531061, 49.238461], [16.530994, 49.238458], [16.530983, 49.238363], [16.53096, 49.238289], [16.530931, 49.238291], [16.530918, 49.238205], [16.530909, 49.238081], [16.530985, 49.237967], [16.530839, 49.237658], [16.530762, 49.237517], [16.530525, 49.23711], [16.5304, 49.236925], [16.530356, 49.236847], [16.530316, 49.236767], [16.530301, 49.236704], [16.530217, 49.236465], [16.530188, 49.236374], [16.529993, 49.235797], [16.529975, 49.235695], [16.529955, 49.235565], [16.529881, 49.235477], [16.529778, 49.235138], [16.529708, 49.234966], [16.52968, 49.23479], [16.529674, 49.234616], [16.529537, 49.234588], [16.528798, 49.234446], [16.528905, 49.234235], [16.529037, 49.234], [16.529096, 49.233906], [16.529175, 49.23379], [16.529239, 49.233703], [16.529383, 49.233537], [16.52946, 49.233455], [16.529646, 49.233259], [16.53008, 49.232819], [16.530187, 49.232702], [16.530336, 49.232547], [16.530111, 49.232457], [16.530083, 49.232345], [16.53004, 49.232303], [16.529941, 49.232194], [16.529766, 49.232035], [16.529646, 49.231976], [16.529606, 49.231944], [16.529502, 49.2318], [16.529497, 49.231774], [16.529415, 49.231557], [16.529404, 49.231496], [16.529411, 49.231404], [16.529372, 49.231242], [16.529105, 49.231232], [16.528828, 49.231195], [16.528361, 49.231092], [16.527911, 49.230939], [16.527589, 49.230858], [16.527396, 49.230839], [16.527238, 49.230833], [16.527116, 49.230837], [16.527018, 49.230848], [16.526558, 49.230939], [16.526252, 49.231091], [16.525896, 49.231293], [16.525566, 49.231559], [16.525209, 49.231869], [16.525085, 49.23196], [16.524753, 49.232176], [16.524722, 49.232186], [16.524497, 49.232282], [16.524313, 49.232348], [16.524148, 49.232401], [16.523954, 49.232446], [16.523728, 49.232489], [16.523498, 49.232513], [16.523252, 49.232531], [16.523153, 49.232531], [16.522812, 49.232517], [16.522307, 49.232473], [16.521888, 49.23243], [16.52133, 49.232369], [16.520771, 49.232311], [16.520295, 49.232271], [16.52021, 49.232269], [16.520008, 49.232267], [16.519654, 49.232286], [16.519264, 49.232317], [16.519007, 49.232335], [16.512805, 49.236539], [16.508725, 49.239307], [16.507195, 49.240347], [16.495975, 49.247955], [16.494622, 49.248868], [16.494444, 49.248925], [16.493758, 49.249217], [16.493575, 49.249192], [16.493186, 49.249366], [16.493048, 49.249553], [16.492789, 49.249601], [16.492208, 49.249645], [16.491592, 49.249565], [16.490296, 49.249138], [16.489243, 49.249133], [16.488701, 49.249489], [16.488059, 49.249758], [16.487854, 49.25001], [16.487817, 49.250228], [16.487854, 49.250566], [16.487794, 49.250744], [16.487517, 49.251317], [16.487295, 49.251476], [16.487057, 49.251609], [16.486693, 49.251665], [16.48591, 49.251579], [16.485468, 49.251577], [16.485002, 49.251675], [16.484871, 49.251738], [16.48475, 49.251817], [16.484641, 49.251932], [16.484541, 49.25214], [16.484263, 49.252311], [16.483969, 49.252597], [16.483803, 49.252661], [16.483283, 49.252724], [16.483091, 49.252721], [16.482847, 49.252687], [16.482496, 49.252738], [16.482292, 49.252797], [16.482188, 49.253042], [16.481922, 49.253171], [16.481727, 49.253701], [16.481709, 49.254062], [16.481855, 49.254576], [16.481875, 49.254886], [16.481886, 49.255388], [16.481854, 49.255655], [16.481871, 49.255778], [16.481723, 49.256052], [16.481559, 49.25642], [16.481249, 49.256881], [16.480731, 49.257448], [16.480435, 49.257546], [16.479845, 49.25795], [16.479557, 49.25814], [16.47934, 49.258277], [16.478993, 49.25842], [16.478038, 49.258855], [16.477055, 49.259092], [16.475812, 49.259507], [16.475759, 49.259522], [16.474484, 49.259797], [16.473801, 49.259987], [16.473603, 49.260048], [16.473038, 49.260137], [16.472127, 49.260287], [16.471709, 49.260377], [16.471553, 49.260408], [16.471214, 49.260562], [16.470659, 49.260681], [16.469944, 49.260815], [16.469545, 49.260927], [16.469067, 49.261072], [16.468893, 49.261126], [16.468577, 49.261214], [16.468237, 49.261311], [16.468099, 49.261335], [16.467395, 49.261507], [16.46719, 49.26156], [16.466949, 49.261607], [16.466896, 49.261614], [16.465952, 49.261677], [16.465439, 49.261692], [16.465203, 49.261638], [16.464948, 49.261484], [16.464782, 49.261334], [16.464661, 49.261232], [16.464471, 49.260919], [16.464006, 49.260413], [16.463957, 49.260362], [16.463654, 49.259903], [16.463438, 49.259673], [16.463104, 49.259022], [16.462954, 49.258696], [16.462941, 49.258359], [16.462551, 49.258183], [16.462163, 49.258189], [16.461634, 49.258077], [16.460734, 49.258007], [16.460403, 49.25801], [16.45912, 49.258108], [16.458594, 49.258097], [16.457656, 49.258247], [16.456581, 49.258407], [16.455655, 49.258578], [16.455601, 49.258589], [16.455159, 49.258775], [16.454739, 49.258862], [16.454541, 49.259079], [16.454515, 49.259735], [16.454501, 49.259899], [16.454811, 49.260404], [16.45513, 49.260737], [16.455442, 49.260963], [16.455743, 49.261148], [16.4559, 49.261357], [16.455989, 49.26164], [16.456079, 49.26198], [16.456311, 49.262348], [16.456443, 49.262848], [16.456577, 49.263121], [16.456491, 49.26373], [16.456433, 49.264343], [16.456599, 49.264458], [16.456493, 49.264964], [16.456264, 49.265273], [16.455993, 49.265518], [16.455449, 49.265975], [16.455229, 49.266221], [16.454865, 49.266484], [16.454459, 49.266857], [16.454189, 49.267191], [16.453911, 49.267485], [16.45352, 49.267768], [16.453546, 49.267906], [16.453593, 49.268249], [16.453763, 49.268604], [16.453909, 49.268763], [16.454296, 49.269682], [16.454392, 49.269962], [16.454756, 49.270719], [16.455133, 49.271316], [16.455456, 49.271733], [16.455755, 49.27199], [16.456088, 49.272374], [16.456418, 49.272966], [16.456691, 49.273302], [16.4568, 49.273815], [16.456854, 49.274387], [16.456871, 49.275104], [16.456774, 49.275448], [16.456729, 49.275517], [16.457129, 49.27568], [16.457315, 49.275892], [16.457223, 49.276008], [16.457235, 49.2761], [16.457365, 49.276168], [16.457452, 49.276474], [16.457447, 49.276578], [16.457494, 49.276722], [16.457394, 49.276905], [16.457433, 49.276966], [16.456565, 49.277125], [16.456319, 49.277169], [16.456149, 49.277113], [16.45594, 49.277082], [16.455242, 49.277078], [16.455122, 49.277064], [16.454965, 49.277008], [16.45479, 49.276901], [16.454771, 49.276907], [16.454345, 49.276503], [16.454342, 49.276491], [16.45432, 49.276466], [16.454299, 49.276449], [16.454206, 49.276369], [16.454412, 49.27627], [16.454783, 49.276065], [16.454622, 49.275948], [16.454575, 49.275842], [16.454981, 49.275567], [16.455101, 49.275399], [16.455142, 49.275237], [16.455108, 49.275058], [16.455014, 49.274854], [16.454828, 49.274628], [16.454534, 49.274389], [16.453923, 49.274037], [16.453791, 49.273954], [16.453427, 49.273747], [16.453388, 49.273722], [16.453032, 49.273517], [16.452137, 49.273025], [16.451609, 49.272703], [16.451283, 49.272513], [16.450856, 49.272266], [16.450748, 49.272248], [16.450747, 49.272192], [16.450772, 49.272095], [16.450785, 49.272028], [16.450777, 49.271847], [16.450803, 49.27122], [16.450817, 49.271141], [16.450851, 49.27093], [16.45091, 49.270722], [16.450971, 49.27015], [16.450955, 49.269895], [16.45087, 49.269653], [16.450843, 49.269446], [16.450805, 49.26905], [16.45082, 49.268822], [16.450845, 49.268602], [16.450932, 49.268443], [16.451181, 49.268148], [16.451635, 49.267587], [16.45159, 49.267573], [16.451472, 49.267527], [16.451212, 49.267431], [16.451117, 49.267431], [16.45093, 49.267361], [16.450821, 49.267347], [16.450704, 49.26722], [16.450533, 49.267114], [16.450429, 49.267018], [16.450268, 49.266867], [16.450207, 49.266788], [16.45008, 49.266658], [16.449924, 49.266545], [16.449843, 49.266508], [16.449612, 49.266393], [16.449308, 49.266253], [16.449186, 49.26619], [16.448975, 49.266177], [16.448901, 49.266171], [16.448894, 49.266173], [16.448699, 49.266153], [16.448668, 49.266148], [16.448615, 49.266145], [16.448415, 49.266122], [16.448094, 49.266043], [16.447927, 49.265995], [16.447802, 49.265945], [16.447643, 49.265817], [16.447582, 49.265728], [16.447511, 49.265672], [16.447419, 49.265674], [16.447299, 49.265681], [16.447127, 49.265635], [16.447087, 49.265566], [16.447081, 49.265229], [16.447121, 49.265146], [16.447177, 49.264927], [16.447266, 49.264506], [16.447305, 49.264069], [16.447311, 49.263969], [16.447286, 49.263866], [16.447288, 49.26376], [16.447313, 49.263714], [16.447389, 49.263709], [16.447388, 49.263682], [16.447337, 49.263505], [16.447027, 49.262375], [16.446971, 49.262335], [16.446713, 49.262102], [16.446513, 49.261866], [16.4464, 49.261754], [16.446333, 49.261692], [16.446331, 49.261642], [16.446771, 49.261397], [16.447015, 49.261282], [16.447591, 49.261031], [16.447622, 49.261016], [16.44783, 49.26101], [16.448016, 49.260884], [16.448109, 49.260739], [16.448293, 49.26061], [16.448392, 49.260553], [16.448554, 49.260607], [16.448656, 49.260452], [16.448828, 49.260313], [16.448943, 49.260192], [16.449043, 49.260066], [16.449055, 49.259912], [16.448981, 49.259664], [16.448943, 49.259442], [16.448931, 49.259305], [16.449041, 49.259136], [16.449165, 49.259028], [16.44927, 49.258965], [16.449676, 49.258918], [16.449928, 49.25875], [16.450101, 49.258632], [16.450258, 49.258507], [16.45042, 49.258367], [16.450436, 49.258347], [16.450554, 49.258174], [16.450575, 49.257258], [16.450589, 49.256817], [16.450708, 49.256765], [16.450508, 49.256592], [16.450368, 49.256422], [16.450225, 49.256193], [16.450243, 49.255963], [16.45035, 49.255757], [16.450897, 49.255478], [16.451214, 49.25528], [16.451487, 49.255063], [16.451982, 49.254736], [16.452203, 49.254623], [16.452314, 49.254569], [16.452673, 49.25443], [16.452957, 49.254362], [16.453114, 49.254335], [16.452866, 49.254191], [16.453423, 49.254085], [16.454054, 49.253979], [16.454286, 49.253932], [16.454514, 49.253853], [16.454662, 49.253779], [16.454827, 49.253676], [16.454891, 49.253571], [16.454932, 49.25347], [16.454953, 49.253355], [16.454919, 49.253212], [16.454856, 49.25308], [16.454763, 49.25297], [16.454636, 49.252862], [16.454471, 49.252785], [16.454296, 49.25274], [16.454025, 49.252711], [16.453748, 49.252716], [16.453549, 49.252751], [16.453274, 49.25282], [16.452905, 49.252881], [16.452376, 49.253025], [16.451916, 49.253085], [16.451567, 49.253127], [16.451155, 49.253168], [16.450957, 49.253228], [16.450545, 49.253292], [16.450279, 49.253309], [16.450048, 49.25329], [16.449747, 49.253195], [16.449539, 49.253106], [16.44932, 49.252918], [16.449308, 49.252849], [16.449278, 49.252775], [16.449148, 49.252673], [16.449071, 49.252569], [16.449, 49.252409], [16.448965, 49.252233], [16.448925, 49.252087], [16.448845, 49.252042], [16.448705, 49.251992], [16.448785, 49.251906], [16.448851, 49.251842], [16.448892, 49.251796], [16.449103, 49.251831], [16.449255, 49.251788], [16.449484, 49.251674], [16.449721, 49.251569], [16.450101, 49.251444], [16.450227, 49.251399], [16.450642, 49.251292], [16.450848, 49.251269], [16.451657, 49.25107], [16.451704, 49.251075], [16.45174, 49.251061], [16.452044, 49.251059], [16.45243, 49.25105], [16.452737, 49.251058], [16.452931, 49.25107], [16.453123, 49.2511], [16.453541, 49.251191], [16.454073, 49.251323], [16.454198, 49.251179], [16.454212, 49.25116], [16.454246, 49.251124], [16.454275, 49.251104], [16.452592, 49.250523], [16.452141, 49.250321], [16.45185, 49.250143], [16.451552, 49.249915], [16.451331, 49.249533], [16.451152, 49.249295], [16.450635, 49.248899], [16.450351, 49.24864], [16.449751, 49.248291], [16.449034, 49.247968], [16.448802, 49.247836], [16.44866, 49.247715], [16.448555, 49.247561], [16.448395, 49.246896], [16.448272, 49.246482], [16.448148, 49.246133], [16.448108, 49.246076], [16.447913, 49.245834], [16.447697, 49.245525], [16.447273, 49.244828], [16.447225, 49.244833], [16.446614, 49.244677], [16.446299, 49.24473], [16.445997, 49.244813], [16.445971, 49.244776], [16.445755, 49.243758], [16.445463, 49.242625], [16.444777, 49.242078], [16.444844, 49.242005], [16.44533, 49.241691], [16.44526, 49.24149], [16.445126, 49.241332], [16.445072, 49.241235], [16.44509, 49.24107], [16.445149, 49.240999], [16.44528, 49.240934], [16.445227, 49.240559], [16.445179, 49.240429], [16.444864, 49.240171], [16.444765, 49.24011], [16.444431, 49.24006], [16.444283, 49.240002], [16.444095, 49.23975], [16.444079, 49.239625], [16.444148, 49.239511], [16.4442, 49.23919], [16.443928, 49.239064], [16.443859, 49.239068], [16.443818, 49.238954], [16.443771, 49.23888], [16.443727, 49.238822], [16.443515, 49.238587], [16.443287, 49.238489], [16.443096, 49.238392], [16.442886, 49.238182], [16.442611, 49.237964], [16.442547, 49.237857], [16.44244, 49.23766], [16.442375, 49.237435], [16.442277, 49.23716], [16.442065, 49.236941], [16.441658, 49.236581], [16.441454, 49.236379], [16.441284, 49.236283], [16.440506, 49.235746], [16.440142, 49.235466], [16.439947, 49.235219], [16.439314, 49.235518], [16.438864, 49.235249], [16.438319, 49.234835], [16.438147, 49.234763], [16.437796, 49.234763], [16.437587, 49.234761], [16.437434, 49.234733], [16.437038, 49.234709], [16.436801, 49.234667], [16.436736, 49.234592], [16.436646, 49.234586], [16.436528, 49.234631], [16.436424, 49.234625], [16.435329, 49.235842], [16.434966, 49.235674], [16.43463, 49.235484], [16.434264, 49.235289], [16.433789, 49.235122], [16.433418, 49.234956], [16.432706, 49.234657], [16.433073, 49.234572], [16.434102, 49.234315], [16.4351, 49.234023], [16.435996, 49.233863], [16.436967, 49.233787], [16.437513, 49.23372], [16.438071, 49.233635], [16.438901, 49.233467], [16.439837, 49.23333], [16.439719, 49.231896], [16.43929, 49.231634], [16.438935, 49.23149], [16.438661, 49.231301], [16.438412, 49.231175], [16.436224, 49.231705], [16.435303, 49.230149], [16.435382, 49.23016], [16.435522, 49.229714], [16.435573, 49.229441], [16.435629, 49.229298], [16.435636, 49.229245], [16.435654, 49.229136], [16.435852, 49.228895], [16.436108, 49.228688], [16.436555, 49.228842], [16.436815, 49.22869], [16.436921, 49.228718], [16.437204, 49.228501], [16.437358, 49.228327], [16.437514, 49.22789], [16.43766, 49.227673], [16.437693, 49.22755], [16.437393, 49.226899], [16.43712, 49.226821], [16.436902, 49.22682], [16.43671, 49.226775], [16.436271, 49.226774], [16.435936, 49.226746], [16.435733, 49.226702], [16.435509, 49.22661], [16.435453, 49.226507], [16.435353, 49.226466], [16.435221, 49.226212], [16.434664, 49.225945], [16.434498, 49.22577], [16.434413, 49.225707], [16.434572, 49.225716], [16.434518, 49.225677], [16.434302, 49.2255], [16.43374, 49.225062], [16.432996, 49.224506], [16.432914, 49.224438], [16.432809, 49.224335], [16.432684, 49.224206], [16.432638, 49.224153], [16.432588, 49.224105], [16.432574, 49.223818], [16.432627, 49.223439], [16.432698, 49.223114], [16.43184, 49.223321], [16.432168, 49.222747], [16.43283, 49.221769], [16.433015, 49.221488], [16.432966, 49.221444], [16.432896, 49.221397], [16.431912, 49.220843], [16.431612, 49.220677], [16.430548, 49.220191], [16.43049, 49.220079], [16.429826, 49.219025], [16.429739, 49.218881], [16.429709, 49.21885], [16.429652, 49.218692], [16.429576, 49.218564], [16.42952, 49.218478], [16.429389, 49.218335], [16.429291, 49.218135], [16.429174, 49.217999], [16.428749, 49.217447], [16.428641, 49.2173], [16.42799, 49.216666], [16.428818, 49.216329], [16.428949, 49.21628], [16.429105, 49.216216], [16.429251, 49.216366], [16.429507, 49.216509], [16.429671, 49.216598], [16.429868, 49.216646], [16.430232, 49.216652], [16.430343, 49.216661], [16.430548, 49.216693], [16.430801, 49.216693], [16.431047, 49.216671], [16.431279, 49.21662], [16.431505, 49.216556], [16.43211, 49.216312], [16.432559, 49.216108], [16.432785, 49.215995], [16.433152, 49.215836], [16.433645, 49.215666], [16.433848, 49.215587], [16.434299, 49.215378], [16.434503, 49.215257], [16.434663, 49.215111], [16.434697, 49.215026], [16.434722, 49.214948], [16.434744, 49.214876], [16.434778, 49.21462], [16.434795, 49.214472], [16.43485, 49.214274], [16.43488, 49.21405], [16.435033, 49.213856], [16.435266, 49.213748], [16.435564, 49.213622], [16.435764, 49.213495], [16.43586, 49.213392], [16.43598, 49.213214], [16.436033, 49.213149], [16.436134, 49.213063], [16.436358, 49.212852], [16.43657, 49.21254], [16.436708, 49.212398], [16.436811, 49.212339], [16.437232, 49.212195], [16.43746, 49.212153], [16.437651, 49.212086], [16.438225, 49.211977], [16.438353, 49.211942], [16.439042, 49.212366], [16.439032, 49.212458], [16.439594, 49.212516], [16.440137, 49.21256], [16.440571, 49.212582], [16.440921, 49.212596], [16.441116, 49.212561], [16.441433, 49.212444], [16.441668, 49.212371], [16.44201, 49.212243], [16.442219, 49.212098], [16.442306, 49.212041], [16.442481, 49.211985], [16.442805, 49.211825], [16.442991, 49.211761], [16.443431, 49.211558], [16.443732, 49.211424], [16.443841, 49.211303], [16.444057, 49.21127], [16.444265, 49.211143], [16.444673, 49.210927], [16.444877, 49.210777], [16.445152, 49.210664], [16.445858, 49.210443], [16.44636, 49.210133], [16.44649, 49.209982], [16.446875, 49.209527], [16.447, 49.209299], [16.447078, 49.208978], [16.44699, 49.208638], [16.44688, 49.208349], [16.447184, 49.208431], [16.447571, 49.208613], [16.447932, 49.208858], [16.448301, 49.209124], [16.448605, 49.209336], [16.448977, 49.209582], [16.449268, 49.209764], [16.449628, 49.209902], [16.450431, 49.210114], [16.451049, 49.210281], [16.451788, 49.210505], [16.452264, 49.210613], [16.452671, 49.210713], [16.453332, 49.210886], [16.453988, 49.211036], [16.454116, 49.211056], [16.454703, 49.211124], [16.455235, 49.211189], [16.455568, 49.211274], [16.456561, 49.211596], [16.456756, 49.211723], [16.456883, 49.211818], [16.456972, 49.212063], [16.457105, 49.212278], [16.457387, 49.212335], [16.45807, 49.212206], [16.458681, 49.212114], [16.459177, 49.212024], [16.459944, 49.211829], [16.460438, 49.211685], [16.460855, 49.211589], [16.461765, 49.211505], [16.462153, 49.211531], [16.462916, 49.211687], [16.463522, 49.211828], [16.464299, 49.211971], [16.464837, 49.212096], [16.465325, 49.212144], [16.466056, 49.21215], [16.466721, 49.21215], [16.467051, 49.212181], [16.467234, 49.212229], [16.467583, 49.212333], [16.468105, 49.212372], [16.468641, 49.212337], [16.469219, 49.212313], [16.470189, 49.212279], [16.4704, 49.212331], [16.470456, 49.212459], [16.470568, 49.212526], [16.470603, 49.212553], [16.470675, 49.21259], [16.470883, 49.212634], [16.471867, 49.212509], [16.472301, 49.212754], [16.472657, 49.21277], [16.472828, 49.212804], [16.473155, 49.21299], [16.473198, 49.2131], [16.473648, 49.213286], [16.4738, 49.213347], [16.47401, 49.213458], [16.474162, 49.213602], [16.474119, 49.213751], [16.474128, 49.21386], [16.474182, 49.213987], [16.474277, 49.214129], [16.474494, 49.214327], [16.474844, 49.214259], [16.475047, 49.21441], [16.475374, 49.214616], [16.475585, 49.214763], [16.475727, 49.214902], [16.475911, 49.215228], [16.476149, 49.215227], [16.476172, 49.215381], [16.476439, 49.215306], [16.476657, 49.215295], [16.476743, 49.215285], [16.477701, 49.215263], [16.478052, 49.215158], [16.478452, 49.215064], [16.478699, 49.215001], [16.479179, 49.214884], [16.479532, 49.214774], [16.479675, 49.214847], [16.479728, 49.214963], [16.479837, 49.215112], [16.479741, 49.21508], [16.47952, 49.215148], [16.479336, 49.215277], [16.479153, 49.215284], [16.478921, 49.215372], [16.478856, 49.215436], [16.478444, 49.215597], [16.47838, 49.21565], [16.47849, 49.215675], [16.478609, 49.215709], [16.479149, 49.215631], [16.479519, 49.215529], [16.479661, 49.215618], [16.479702, 49.215672], [16.479318, 49.215786], [16.478906, 49.215928], [16.478925, 49.215967], [16.478806, 49.215986], [16.478752, 49.216112], [16.47878, 49.216232], [16.479039, 49.21641], [16.479289, 49.216498], [16.480053, 49.21674], [16.480283, 49.216643], [16.481133, 49.216372], [16.48191, 49.216136], [16.48208, 49.216029], [16.482412, 49.215833], [16.482323, 49.216153], [16.482214, 49.216429], [16.482635, 49.216337], [16.483551, 49.216108], [16.484061, 49.215933], [16.484335, 49.215819], [16.484631, 49.215763], [16.485117, 49.21562], [16.485566, 49.215696], [16.485684, 49.215747], [16.485939, 49.215885], [16.485784, 49.216231], [16.485751, 49.216338], [16.485729, 49.216532], [16.485724, 49.216576], [16.485733, 49.216698], [16.485623, 49.216734], [16.485253, 49.216827], [16.48492, 49.216965], [16.484574, 49.217122], [16.483991, 49.217508], [16.483833, 49.217586], [16.483561, 49.217766], [16.483221, 49.218011], [16.482929, 49.218314], [16.482738, 49.218494], [16.482544, 49.218744], [16.482359, 49.218992], [16.482138, 49.219147], [16.482198, 49.219261], [16.482052, 49.219387], [16.481934, 49.219483], [16.481676, 49.219676], [16.481387, 49.219915], [16.481124, 49.220153], [16.480668, 49.220424], [16.480811, 49.220731], [16.480933, 49.221008], [16.481065, 49.22135], [16.481089, 49.221407], [16.48149, 49.221396], [16.48199, 49.221262], [16.482434, 49.221102], [16.482877, 49.220861], [16.483229, 49.22066], [16.483297, 49.220666], [16.483607, 49.220702], [16.483947, 49.220757], [16.484228, 49.220973], [16.484978, 49.221564], [16.486348, 49.221935], [16.486583, 49.221965], [16.486448, 49.222051], [16.486349, 49.222065], [16.486217, 49.222085], [16.485988, 49.222119], [16.48595, 49.222122], [16.485716, 49.22215], [16.485285, 49.222217], [16.484814, 49.222282], [16.484259, 49.222352], [16.483756, 49.222405], [16.48393, 49.222642], [16.484233, 49.223088], [16.484325, 49.223216], [16.484586, 49.22359], [16.484853, 49.223954], [16.484997, 49.224145], [16.485226, 49.224069], [16.485401, 49.223989], [16.485585, 49.223923], [16.485792, 49.223862], [16.485973, 49.223828], [16.48617, 49.223829], [16.486306, 49.223816], [16.486703, 49.22364], [16.48713, 49.22359], [16.487648, 49.223556], [16.488097, 49.223574], [16.488809, 49.223568], [16.489327, 49.223544], [16.489539, 49.223761], [16.490022, 49.22368], [16.490291, 49.223643], [16.490854, 49.223414], [16.491057, 49.223082], [16.491372, 49.223074], [16.491539, 49.222886], [16.491758, 49.222614], [16.492124, 49.222167], [16.492442, 49.22181], [16.492729, 49.221603], [16.493062, 49.221412], [16.493036, 49.22139], [16.493636, 49.221171], [16.494107, 49.220918], [16.494233, 49.220853], [16.494279, 49.220794], [16.494294, 49.220812], [16.494338, 49.220803], [16.494373, 49.220802], [16.494437, 49.22081], [16.494502, 49.220821], [16.494563, 49.220828], [16.494628, 49.220832], [16.494785, 49.220835], [16.494924, 49.220831], [16.494968, 49.220828], [16.495038, 49.220823], [16.495206, 49.220806], [16.49537, 49.220783], [16.495587, 49.220747], [16.496068, 49.22066], [16.49639, 49.220605], [16.496793, 49.220536], [16.496993, 49.220507], [16.496948, 49.22038], [16.497006, 49.220343], [16.497039, 49.220297], [16.49704, 49.220288], [16.497026, 49.220188], [16.497036, 49.220117], [16.497382, 49.218711], [16.497564, 49.217986], [16.497591, 49.217928], [16.497626, 49.217877], [16.49767, 49.217829], [16.497715, 49.21779], [16.497757, 49.21776], [16.497841, 49.217715], [16.498277, 49.217543], [16.498201, 49.217549], [16.498173, 49.217544], [16.498156, 49.217533], [16.498177, 49.217517], [16.498098, 49.217434], [16.497801, 49.217107], [16.497789, 49.217113], [16.497771, 49.217108], [16.497637, 49.216963], [16.497641, 49.216951], [16.497654, 49.216946], [16.497284, 49.216545], [16.497272, 49.21655], [16.497254, 49.216547], [16.497249, 49.216539], [16.497122, 49.216405], [16.497127, 49.216392], [16.497138, 49.216388], [16.49677, 49.215986], [16.496758, 49.21599], [16.496741, 49.215988], [16.496748, 49.215997], [16.496602, 49.215838], [16.496611, 49.215846], [16.496615, 49.215834], [16.496626, 49.215829], [16.496254, 49.215423], [16.496242, 49.215427], [16.496223, 49.215423], [16.496222, 49.215406], [16.496224, 49.215393], [16.496233, 49.215371], [16.496251, 49.215353], [16.496268, 49.215343], [16.496285, 49.215336], [16.496305, 49.215338], [16.496334, 49.215369], [16.496464, 49.215318], [16.496436, 49.215286], [16.496441, 49.215274], [16.49658, 49.21522], [16.496598, 49.215222], [16.496624, 49.21525], [16.496767, 49.21518], [16.496926, 49.21509], [16.496631, 49.214878], [16.496591, 49.214847], [16.497133, 49.2147], [16.497664, 49.214586], [16.497844, 49.214533], [16.497947, 49.214503], [16.498043, 49.214475], [16.498084, 49.214463], [16.498412, 49.214326], [16.49845, 49.21431], [16.49869, 49.214201], [16.498703, 49.21418], [16.498729, 49.214135], [16.498735, 49.214125], [16.499497, 49.213834], [16.499595, 49.213811], [16.499896, 49.213751], [16.499929, 49.213741], [16.500004, 49.213737], [16.500043, 49.21373], [16.500082, 49.213729], [16.500136, 49.213776], [16.500331, 49.213768], [16.500519, 49.213774], [16.500839, 49.213771], [16.501044, 49.213778], [16.501286, 49.213771], [16.501572, 49.213798], [16.501932, 49.213673], [16.502161, 49.21362], [16.502205, 49.213611], [16.502212, 49.213608], [16.502312, 49.213803], [16.502691, 49.213853], [16.502828, 49.213839], [16.502692, 49.21383], [16.502995, 49.213734], [16.503182, 49.213758], [16.503249, 49.213855], [16.503286, 49.213887], [16.503299, 49.213896], [16.503542, 49.213904], [16.503862, 49.213899], [16.504326, 49.213697], [16.504477, 49.21368], [16.50463, 49.213679], [16.504724, 49.213803], [16.504942, 49.213787], [16.505032, 49.213559], [16.505169, 49.213532], [16.50537, 49.213544], [16.505786, 49.213497], [16.506242, 49.213334], [16.506403, 49.213383], [16.506766, 49.213276], [16.507043, 49.213282], [16.507359, 49.213218], [16.507586, 49.213172], [16.507773, 49.213061], [16.507956, 49.213081], [16.508267, 49.212929], [16.508472, 49.212917], [16.508779, 49.21282], [16.508978, 49.212735], [16.509104, 49.212641], [16.50925, 49.21258], [16.509495, 49.212519], [16.50969, 49.212594], [16.509849, 49.212578], [16.510183, 49.21256], [16.510536, 49.21257], [16.5107, 49.212587], [16.510821, 49.212597], [16.51103, 49.212584], [16.511328, 49.212539], [16.512043, 49.212612], [16.512564, 49.212637], [16.512563, 49.212697], [16.512846, 49.212739], [16.513075, 49.212743], [16.513348, 49.212804], [16.513642, 49.21285], [16.513998, 49.212975], [16.514073, 49.213192], [16.514281, 49.213489], [16.514491, 49.213875], [16.51453, 49.214176], [16.514603, 49.214259], [16.514755, 49.214341], [16.514953, 49.214452], [16.515334, 49.214453], [16.515747, 49.21439], [16.516117, 49.21439], [16.517213, 49.214241], [16.517619, 49.214159], [16.518173, 49.214179], [16.518802, 49.214075], [16.518937, 49.21397], [16.51904, 49.21372], [16.519199, 49.213594], [16.519245, 49.213551], [16.519264, 49.213565], [16.519349, 49.213524], [16.519406, 49.213498], [16.519444, 49.213317], [16.519515, 49.213075], [16.519665, 49.212619], [16.519784, 49.212431], [16.519945, 49.212286], [16.519851, 49.21204], [16.519669, 49.21178], [16.51947, 49.211629], [16.519575, 49.211355], [16.520306, 49.211234], [16.521268, 49.211064], [16.521811, 49.210912], [16.522015, 49.210872], [16.522535, 49.210723], [16.523011, 49.210525], [16.52307, 49.210344], [16.523005, 49.209975], [16.523148, 49.20995], [16.523149, 49.209847], [16.523001, 49.209746], [16.523224, 49.209576], [16.523291, 49.209427], [16.523389, 49.209487], [16.523792, 49.209264], [16.523647, 49.210164], [16.523511, 49.21042], [16.523257, 49.210755], [16.523239, 49.210913], [16.523313, 49.211204], [16.523417, 49.211283], [16.523624, 49.211278], [16.523867, 49.211386], [16.524412, 49.211494], [16.525509, 49.211664], [16.525563, 49.211752], [16.526192, 49.211782], [16.526413, 49.211916], [16.526569, 49.212276], [16.526716, 49.212588], [16.526942, 49.213007], [16.527066, 49.213059], [16.527241, 49.213409], [16.527255, 49.213699], [16.527027, 49.214016], [16.526898, 49.214288], [16.526532, 49.214549], [16.526198, 49.214868], [16.526234, 49.215129], [16.526458, 49.215474], [16.527478, 49.215604], [16.527697, 49.215755], [16.527555, 49.216124], [16.5276, 49.216291], [16.52761, 49.21664], [16.527652, 49.216905], [16.527596, 49.217036], [16.527493, 49.217383], [16.527286, 49.2179], [16.527332, 49.218075], [16.527599, 49.218237], [16.527841, 49.218518], [16.528037, 49.218602], [16.528295, 49.21875], [16.528515, 49.218865], [16.529132, 49.219012], [16.529452, 49.219018], [16.530129, 49.219159], [16.530302, 49.219164], [16.530463, 49.219195], [16.530664, 49.219264], [16.530993, 49.219425], [16.531304, 49.219636], [16.531429, 49.219709], [16.531444, 49.219717], [16.531725, 49.219807], [16.532084, 49.219934], [16.532634, 49.220142], [16.533227, 49.220361], [16.533612, 49.220459], [16.533724, 49.220477], [16.5338, 49.220497], [16.534385, 49.220545], [16.534401, 49.220489], [16.534453, 49.220495], [16.534458, 49.220482], [16.534503, 49.220491], [16.534733, 49.220521], [16.534835, 49.22052], [16.534918, 49.220508], [16.535016, 49.220484], [16.535281, 49.220399], [16.535288, 49.220404], [16.535409, 49.220351], [16.535509, 49.220297], [16.535612, 49.220249], [16.535725, 49.220208], [16.5357, 49.220186], [16.535842, 49.220054], [16.53609, 49.219853], [16.536238, 49.219739], [16.53658, 49.219595], [16.536587, 49.219631], [16.536589, 49.219664], [16.5366, 49.219722], [16.53648, 49.219887], [16.536326, 49.219946], [16.536775, 49.220126], [16.537019, 49.22022], [16.536892, 49.220305], [16.536656, 49.220532], [16.536364, 49.2211], [16.536265, 49.221182], [16.536155, 49.221337], [16.536117, 49.221455], [16.53605, 49.221636], [16.535924, 49.221764], [16.535736, 49.221972], [16.535336, 49.22237], [16.535281, 49.222436], [16.535161, 49.222626], [16.53505, 49.222751], [16.535026, 49.222895], [16.535078, 49.223087], [16.53528, 49.223589], [16.535358, 49.223805], [16.535352, 49.223884], [16.535318, 49.224056], [16.535216, 49.224457], [16.535192, 49.224522], [16.535174, 49.224563], [16.535163, 49.224605], [16.534976, 49.224897], [16.534715, 49.224968], [16.534641, 49.225176], [16.534666, 49.225362], [16.534705, 49.225566], [16.534656, 49.225593], [16.534607, 49.225625], [16.534579, 49.225747], [16.534644, 49.225722], [16.534688, 49.225949], [16.534684, 49.225951], [16.534691, 49.22596], [16.534698, 49.225957], [16.534715, 49.225976], [16.534745, 49.226], [16.534789, 49.226025], [16.534866, 49.226051], [16.534911, 49.226059], [16.53491, 49.226062], [16.534926, 49.226064], [16.534927, 49.226061], [16.534973, 49.226054], [16.53499, 49.226054], [16.535029, 49.226046], [16.53512, 49.226036], [16.535171, 49.226029], [16.53518, 49.226023], [16.535117, 49.226124], [16.535061, 49.226221], [16.535014, 49.226311], [16.535319, 49.226467], [16.535385, 49.226515], [16.535422, 49.226547], [16.535481, 49.226697], [16.535473, 49.226775], [16.535462, 49.226818], [16.535401, 49.226898], [16.535323, 49.226945], [16.535224, 49.226988], [16.534967, 49.22705], [16.534892, 49.227125], [16.535083, 49.227168], [16.535182, 49.22723], [16.535305, 49.227298], [16.535602, 49.227393], [16.535836, 49.227452], [16.535983, 49.227547], [16.536161, 49.227702], [16.536212, 49.227739], [16.536268, 49.227776], [16.53631, 49.2278], [16.536361, 49.227827], [16.536746, 49.227979], [16.5368, 49.227997], [16.53704, 49.228104], [16.53704, 49.228197], [16.536958, 49.228221], [16.536869, 49.228241], [16.537249, 49.229519], [16.537284, 49.229625], [16.537326, 49.229788], [16.537401, 49.229802], [16.537854, 49.229821], [16.538217, 49.229832], [16.538398, 49.22982], [16.538398, 49.229848], [16.538364, 49.230135], [16.538321, 49.230473], [16.53827, 49.230696], [16.538205, 49.230953], [16.538068, 49.231335], [16.53803, 49.231464], [16.537965, 49.231587], [16.537673, 49.23199], [16.537615, 49.231933], [16.537553, 49.231954], [16.537167, 49.232287], [16.536777, 49.23261], [16.536501, 49.232782], [16.536201, 49.233011], [16.536476, 49.233285], [16.53649, 49.2333], [16.536515, 49.233323], [16.536748, 49.233552], [16.536543, 49.233657], [16.536694, 49.233776], [16.536724, 49.233796], [16.537239, 49.234186], [16.537527, 49.234462], [16.537706, 49.234656], [16.537831, 49.234784], [16.537887, 49.234886], [16.538016, 49.235123], [16.538115, 49.235447], [16.538224, 49.235802], [16.53851, 49.236411], [16.538559, 49.236786], [16.538564, 49.236841], [16.538528, 49.237039], [16.538609, 49.2373], [16.538649, 49.237293], [16.538712, 49.237483], [16.538755, 49.237693], [16.538877, 49.237884], [16.539069, 49.238058], [16.539601, 49.238463], [16.539798, 49.238589], [16.540072, 49.238826], [16.540182, 49.238931], [16.54013, 49.23896], [16.540019, 49.238852], [16.53961, 49.239055], [16.539214, 49.239278], [16.539018, 49.239395], [16.538377, 49.239852], [16.538163, 49.239942], [16.538066, 49.240173], [16.538082, 49.240367], [16.53801, 49.240493], [16.538663, 49.240789], [16.538645, 49.240825], [16.538508, 49.240846], [16.538361, 49.240927], [16.538175, 49.241062], [16.538091, 49.241093], [16.538054, 49.241113], [16.537952, 49.241144], [16.537831, 49.241162], [16.537637, 49.241185], [16.537532, 49.241213], [16.537291, 49.241298], [16.536767, 49.241592], [16.536367, 49.24176], [16.536326, 49.241773], [16.536053, 49.241836], [16.535547, 49.241869], [16.535272, 49.241826], [16.534378, 49.241822], [16.534361, 49.24184], [16.534343, 49.241857], [16.534187, 49.24181], [16.533921, 49.241865], [16.533695, 49.241807], [16.533675, 49.241628], [16.5334, 49.241369], [16.533288, 49.241346], [16.533219, 49.241496], [16.533089, 49.241592], [16.532808, 49.241296], [16.532407, 49.241155]]]}}, {"type": "Feature", "properties": {"zone_id": 20398993, "name": "Brno-Žebětín", "admin_level": "9", "source": "OSM relation 20398993"}, "geometry": {"type": "Polygon", "coordinates": [[[16.535203, 49.203122], [16.535062, 49.202898], [16.535008, 49.202673], [16.53494, 49.202345], [16.534884, 49.202179], [16.53472, 49.20194], [16.534576, 49.201775], [16.534125, 49.201456], [16.533661, 49.201033], [16.532991, 49.200639], [16.532753, 49.200495], [16.532712, 49.200508], [16.532665, 49.20044], [16.532639, 49.200422], [16.532628, 49.20041], [16.532611, 49.200376], [16.532501, 49.200182], [16.532444, 49.200081], [16.532346, 49.199915], [16.532301, 49.199883], [16.532267, 49.199856], [16.532067, 49.199689], [16.531944, 49.199595], [16.531815, 49.199487], [16.531711, 49.199415], [16.53159, 49.199327], [16.531425, 49.199212], [16.531166, 49.199094], [16.53069, 49.199016], [16.530476, 49.19866], [16.5304, 49.198524], [16.530083, 49.198544], [16.529709, 49.198606], [16.529539, 49.198189], [16.529305, 49.19758], [16.529141, 49.197026], [16.528792, 49.196308], [16.528548, 49.195919], [16.528409, 49.195726], [16.528, 49.1952], [16.527718, 49.194818], [16.527223, 49.194217], [16.526635, 49.193463], [16.52634, 49.193073], [16.526155, 49.192903], [16.525945, 49.192714], [16.525278, 49.192151], [16.52508, 49.191867], [16.524987, 49.191753], [16.524441, 49.19128], [16.524169, 49.19124], [16.52392, 49.191252], [16.523614, 49.191261], [16.522955, 49.191168], [16.522088, 49.190962], [16.520998, 49.190866], [16.520543, 49.190867], [16.519835, 49.1908], [16.51895, 49.190682], [16.518154, 49.190498], [16.517615, 49.19041], [16.517247, 49.190282], [16.516749, 49.190389], [16.516262, 49.190666], [16.516177, 49.19077], [16.515737, 49.191226], [16.515692, 49.19134], [16.515681, 49.191491], [16.515699, 49.191651], [16.515635, 49.191764], [16.515393, 49.192149], [16.515253, 49.192335], [16.515212, 49.19239], [16.515205, 49.192692], [16.515207, 49.192751], [16.515204, 49.192799], [16.515175, 49.192926], [16.515163, 49.192988], [16.51508, 49.193339], [16.514851, 49.193438], [16.514467, 49.193562], [16.513986, 49.193743], [16.513349, 49.19366], [16.51324, 49.193646], [16.513196, 49.19364], [16.513041, 49.193649], [16.512807, 49.19366], [16.512554, 49.193719], [16.512421, 49.193789], [16.512011, 49.194067], [16.511743, 49.194283], [16.511604, 49.19445], [16.511419, 49.194708], [16.511284, 49.194945], [16.511205, 49.195019], [16.511175, 49.195073], [16.510749, 49.195925], [16.510739, 49.195937], [16.510267, 49.195489], [16.509825, 49.19503], [16.509606, 49.194665], [16.509211, 49.194213], [16.506275, 49.194348], [16.504471, 49.194431], [16.504378, 49.194453], [16.504302, 49.194438], [16.504273, 49.194415], [16.504594, 49.194046], [16.504694, 49.193878], [16.504838, 49.193448], [16.503528, 49.193488], [16.502906, 49.193491], [16.502469, 49.193494], [16.502278, 49.193492], [16.501847, 49.193511], [16.501447, 49.193594], [16.501389, 49.193596], [16.50134, 49.193596], [16.501238, 49.193593], [16.501098, 49.193565], [16.500864, 49.193468], [16.500284, 49.193468], [16.500154, 49.193471], [16.499894, 49.193433], [16.499594, 49.193473], [16.499345, 49.193478], [16.499112, 49.193512], [16.499044, 49.193523], [16.498686, 49.193495], [16.498275, 49.193506], [16.497671, 49.193686], [16.496972, 49.193745], [16.49626, 49.19388], [16.495795, 49.193903], [16.495506, 49.193891], [16.495264, 49.193906], [16.494967, 49.194015], [16.494782, 49.194027], [16.494291, 49.194096], [16.494457, 49.194429], [16.494488, 49.194497], [16.494474, 49.194672], [16.494484, 49.194835], [16.494459, 49.194956], [16.494403, 49.195101], [16.494327, 49.195233], [16.494129, 49.195492], [16.494046, 49.195615], [16.493959, 49.1957], [16.49391, 49.195729], [16.493336, 49.196049], [16.493184, 49.196124], [16.492601, 49.196292], [16.492191, 49.196324], [16.491944, 49.196325], [16.49175, 49.196304], [16.491267, 49.196226], [16.49019, 49.196129], [16.489894, 49.196115], [16.48938, 49.196066], [16.489205, 49.196035], [16.489115, 49.196016], [16.489093, 49.196016], [16.488805, 49.195971], [16.488694, 49.195854], [16.488137, 49.195288], [16.487653, 49.19497], [16.487199, 49.194369], [16.486967, 49.194221], [16.486771, 49.194176], [16.48619, 49.194405], [16.486002, 49.194467], [16.485833, 49.194506], [16.485623, 49.194567], [16.485399, 49.194629], [16.485139, 49.194943], [16.485106, 49.195216], [16.485081, 49.195375], [16.485057, 49.195573], [16.484863, 49.195676], [16.484743, 49.195671], [16.484588, 49.195661], [16.48438, 49.195643], [16.484327, 49.195646], [16.48427, 49.195655], [16.484169, 49.195665], [16.484056, 49.195699], [16.483773, 49.195715], [16.483679, 49.195722], [16.483448, 49.195778], [16.483208, 49.195871], [16.482923, 49.19601], [16.482795, 49.196155], [16.482619, 49.196373], [16.48266, 49.196643], [16.482596, 49.196818], [16.48252, 49.197127], [16.482488, 49.19724], [16.482367, 49.197609], [16.482214, 49.197828], [16.481975, 49.198025], [16.481113, 49.198531], [16.480844, 49.198674], [16.479972, 49.199051], [16.479527, 49.199201], [16.479305, 49.199149], [16.479053, 49.199052], [16.478941, 49.198743], [16.478932, 49.19857], [16.478612, 49.198344], [16.478259, 49.19827], [16.477815, 49.198273], [16.477617, 49.198312], [16.477104, 49.19853], [16.477014, 49.198477], [16.47678, 49.198348], [16.476163, 49.19833], [16.475628, 49.198053], [16.474703, 49.19814], [16.474643, 49.198199], [16.474475, 49.198308], [16.474078, 49.198588], [16.473414, 49.198538], [16.473136, 49.198243], [16.472716, 49.198156], [16.472151, 49.198178], [16.471838, 49.198082], [16.471903, 49.197784], [16.471962, 49.197692], [16.47225, 49.197418], [16.472549, 49.197083], [16.472752, 49.196894], [16.472937, 49.196726], [16.47305, 49.196434], [16.473181, 49.196066], [16.473459, 49.19608], [16.473544, 49.196022], [16.473847, 49.195869], [16.474271, 49.195846], [16.474566, 49.195782], [16.474647, 49.195542], [16.474687, 49.195253], [16.474636, 49.194684], [16.474514, 49.194415], [16.474541, 49.194012], [16.474725, 49.19378], [16.474806, 49.193635], [16.474905, 49.193329], [16.474915, 49.193253], [16.474875, 49.193039], [16.474769, 49.192848], [16.474733, 49.192806], [16.474491, 49.192569], [16.474131, 49.192503], [16.473837, 49.192498], [16.473589, 49.192504], [16.472954, 49.192573], [16.472669, 49.192574], [16.472529, 49.192556], [16.472437, 49.192413], [16.471679, 49.192433], [16.471583, 49.192494], [16.471516, 49.192556], [16.471284, 49.192529], [16.471254, 49.192473], [16.471167, 49.192439], [16.470987, 49.192492], [16.470807, 49.192529], [16.470604, 49.192512], [16.470211, 49.192578], [16.470083, 49.192552], [16.469809, 49.192547], [16.469721, 49.192499], [16.469553, 49.19253], [16.469439, 49.192514], [16.469038, 49.192557], [16.468959, 49.192488], [16.468803, 49.192485], [16.468639, 49.192446], [16.468532, 49.19248], [16.468401, 49.192466], [16.46827, 49.192462], [16.46817, 49.192397], [16.468106, 49.192331], [16.467779, 49.192234], [16.467425, 49.19218], [16.467218, 49.192193], [16.467009, 49.192171], [16.466577, 49.192122], [16.466611, 49.192182], [16.466404, 49.192189], [16.466303, 49.19219], [16.466185, 49.192268], [16.465899, 49.192228], [16.465594, 49.192234], [16.465475, 49.192117], [16.46537, 49.192136], [16.465221, 49.192273], [16.465095, 49.192287], [16.464924, 49.192228], [16.464806, 49.192172], [16.464549, 49.192163], [16.464474, 49.192244], [16.464439, 49.192359], [16.464221, 49.192463], [16.463903, 49.19242], [16.46366, 49.192459], [16.463449, 49.192521], [16.462764, 49.192622], [16.461254, 49.192798], [16.459962, 49.193063], [16.459096, 49.193191], [16.458625, 49.193324], [16.457975, 49.193424], [16.457396, 49.193648], [16.456751, 49.193959], [16.456292, 49.194287], [16.456101, 49.194285], [16.455862, 49.19449], [16.45579, 49.194594], [16.455716, 49.194744], [16.455714, 49.19475], [16.455605, 49.194979], [16.455411, 49.19531], [16.455312, 49.195498], [16.455157, 49.195627], [16.455206, 49.195826], [16.454991, 49.196519], [16.454855, 49.196677], [16.45483, 49.19681], [16.454472, 49.197313], [16.454531, 49.197443], [16.454354, 49.197526], [16.454389, 49.197684], [16.453859, 49.198019], [16.453732, 49.198339], [16.453587, 49.19839], [16.453508, 49.198434], [16.453417, 49.198659], [16.453051, 49.199026], [16.4528, 49.19926], [16.452764, 49.199513], [16.452763, 49.199528], [16.452722, 49.199627], [16.452666, 49.199827], [16.452723, 49.199961], [16.452461, 49.200126], [16.451751, 49.200628], [16.451435, 49.20082], [16.45121, 49.200996], [16.450971, 49.201148], [16.45068, 49.201293], [16.450306, 49.201263], [16.449915, 49.20133], [16.449848, 49.201343], [16.44967, 49.201383], [16.449272, 49.201517], [16.448976, 49.20166], [16.448489, 49.202043], [16.448225, 49.202345], [16.448146, 49.202516], [16.448096, 49.20273], [16.448063, 49.202812], [16.448038, 49.202871], [16.447747, 49.20347], [16.447631, 49.203684], [16.447625, 49.20376], [16.447617, 49.203866], [16.447616, 49.203886], [16.447598, 49.203934], [16.447589, 49.204056], [16.447439, 49.204244], [16.44714, 49.204305], [16.446929, 49.204384], [16.446904, 49.204394], [16.446866, 49.20441], [16.446626, 49.204509], [16.446445, 49.204567], [16.446148, 49.204761], [16.446028, 49.204846], [16.445904, 49.204931], [16.445804, 49.20502], [16.445825, 49.205143], [16.445665, 49.205256], [16.44582, 49.205557], [16.445821, 49.206038], [16.445797, 49.20606], [16.445754, 49.206176], [16.445504, 49.206405], [16.445358, 49.20661], [16.445287, 49.206708], [16.445276, 49.206722], [16.445233, 49.20678], [16.445132, 49.206897], [16.444975, 49.207087], [16.444908, 49.207163], [16.444895, 49.207217], [16.444885, 49.207296], [16.444864, 49.207418], [16.445167, 49.207449], [16.445277, 49.207492], [16.445468, 49.207594], [16.445924, 49.207878], [16.446424, 49.208184], [16.446569, 49.208257], [16.446716, 49.208306], [16.44688, 49.208349], [16.447184, 49.208431], [16.447571, 49.208613], [16.447932, 49.208858], [16.448301, 49.209124], [16.448605, 49.209336], [16.448977, 49.209582], [16.449268, 49.209764], [16.449628, 49.209902], [16.450431, 49.210114], [16.451049, 49.210281], [16.451788, 49.210505], [16.452264, 49.210613], [16.452671, 49.210713], [16.453332, 49.210886], [16.453988, 49.211036], [16.454116, 49.211056], [16.454703, 49.211124], [16.455235, 49.211189], [16.455568, 49.211274], [16.456561, 49.211596], [16.456756, 49.211723], [16.456883, 49.211818], [16.456972, 49.212063], [16.457105, 49.212278], [16.457387, 49.212335], [16.45807, 49.212206], [16.458681, 49.212114], [16.459177, 49.212024], [16.459944, 49.211829], [16.460438, 49.211685], [16.460855, 49.211589], [16.461765, 49.211505], [16.462153, 49.211531], [16.462916, 49.211687], [16.463522, 49.211828], [16.464299, 49.211971], [16.464837, 49.212096], [16.465325, 49.212144], [16.466056, 49.21215], [16.466721, 49.21215], [16.467051, 49.212181], [16.467234, 49.212229], [16.467583, 49.212333], [16.468105, 49.212372], [16.468641, 49.212337], [16.469219, 49.212313], [16.470189, 49.212279], [16.4704, 49.212331], [16.470456, 49.212459], [16.470568, 49.212526], [16.470603, 49.212553], [16.470675, 49.21259], [16.470883, 49.212634], [16.471867, 49.212509], [16.472301, 49.212754], [16.472657, 49.21277], [16.472828, 49.212804], [16.473155, 49.21299], [16.473198, 49.2131], [16.473648, 49.213286], [16.4738, 49.213347], [16.47401, 49.213458], [16.474162, 49.213602], [16.474119, 49.213751], [16.474128, 49.21386], [16.474182, 49.213987], [16.474277, 49.214129], [16.474494, 49.214327], [16.474844, 49.214259], [16.475047, 49.21441], [16.475374, 49.214616], [16.475585, 49.214763], [16.475727, 49.214902], [16.475911, 49.215228], [16.476149, 49.215227], [16.476172, 49.215381], [16.476439, 49.215306], [16.476657, 49.215295], [16.476743, 49.215285], [16.477701, 49.215263], [16.478052, 49.215158], [16.478452, 49.215064], [16.478699, 49.215001], [16.479179, 49.214884], [16.479532, 49.214774], [16.479675, 49.214847], [16.479728, 49.214963], [16.479837, 49.215112], [16.479741, 49.21508], [16.47952, 49.215148], [16.479336, 49.215277], [16.479153, 49.215284], [16.478921, 49.215372], [16.478856, 49.215436], [16.478444, 49.215597], [16.47838, 49.21565], [16.47849, 49.215675], [16.478609, 49.215709], [16.479149, 49.215631], [16.479519, 49.215529], [16.479661, 49.215618], [16.479702, 49.215672], [16.479318, 49.215786], [16.478906, 49.215928], [16.478925, 49.215967], [16.478806, 49.215986], [16.478752, 49.216112], [16.47878, 49.216232], [16.479039, 49.21641], [16.479289, 49.216498], [16.480053, 49.21674], [16.480283, 49.216643], [16.481133, 49.216372], [16.48191, 49.216136], [16.48208, 49.216029], [16.482412, 49.215833], [16.482323, 49.216153], [16.482214, 49.216429], [16.482635, 49.216337], [16.483551, 49.216108], [16.484061, 49.215933], [16.484335, 49.215819], [16.484631, 49.215763], [16.485117, 49.21562], [16.485566, 49.215696], [16.485684, 49.215747], [16.485939, 49.215885], [16.485784, 49.216231], [16.485751, 49.216338], [16.485729, 49.216532], [16.485724, 49.216576], [16.485733, 49.216698], [16.485623, 49.216734], [16.485253, 49.216827], [16.48492, 49.216965], [16.484574, 49.217122], [16.483991, 49.217508], [16.483833, 49.217586], [16.483561, 49.217766], [16.483221, 49.218011], [16.482929, 49.218314], [16.482738, 49.218494], [16.482544, 49.218744], [16.482359, 49.218992], [16.482138, 49.219147], [16.482198, 49.219261], [16.482052, 49.219387], [16.481934, 49.219483], [16.481676, 49.219676], [16.481387, 49.219915], [16.481124, 49.220153], [16.480668, 49.220424], [16.480811, 49.220731], [16.480933, 49.221008], [16.481065, 49.22135], [16.481089, 49.221407], [16.48149, 49.221396], [16.48199, 49.221262], [16.482434, 49.221102], [16.482877, 49.220861], [16.483229, 49.22066], [16.483297, 49.220666], [16.483607, 49.220702], [16.483947, 49.220757], [16.484228, 49.220973], [16.484978, 49.221564], [16.486348, 49.221935], [16.486583, 49.221965], [16.486448, 49.222051], [16.486349, 49.222065], [16.486217, 49.222085], [16.485988, 49.222119], [16.48595, 49.222122], [16.485716, 49.22215], [16.485285, 49.222217], [16.484814, 49.222282], [16.484259, 49.222352], [16.483756, 49.222405], [16.48393, 49.222642], [16.484233, 49.223088], [16.484325, 49.223216], [16.484586, 49.22359], [16.484853, 49.223954], [16.484997, 49.224145], [16.485226, 49.224069], [16.485401, 49.223989], [16.485585, 49.223923], [16.485792, 49.223862], [16.485973, 49.223828], [16.48617, 49.223829], [16.486306, 49.223816], [16.486703, 49.22364], [16.48713, 49.22359], [16.487648, 49.223556], [16.488097, 49.223574], [16.488809, 49.223568], [16.489327, 49.223544], [16.489539, 49.223761], [16.490022, 49.22368], [16.490291, 49.223643], [16.490854, 49.223414], [16.491057, 49.223082], [16.491372, 49.223074], [16.491539, 49.222886], [16.491758, 49.222614], [16.492124, 49.222167], [16.492442, 49.22181], [16.492729, 49.221603], [16.493062, 49.221412], [16.493036, 49.22139], [16.493636, 49.221171], [16.494107, 49.220918], [16.494233, 49.220853], [16.494279, 49.220794], [16.494294, 49.220812], [16.494338, 49.220803], [16.494373, 49.220802], [16.494437, 49.22081], [16.494502, 49.220821], [16.494563, 49.220828], [16.494628, 49.220832], [16.494785, 49.220835], [16.494924, 49.220831], [16.494968, 49.220828], [16.495038, 49.220823], [16.495206, 49.220806], [16.49537, 49.220783], [16.495587, 49.220747], [16.496068, 49.22066], [16.49639, 49.220605], [16.496793, 49.220536], [16.496993, 49.220507], [16.496948, 49.22038], [16.497006, 49.220343], [16.497039, 49.220297], [16.49704, 49.220288], [16.497026, 49.220188], [16.497036, 49.220117], [16.497382, 49.218711], [16.497564, 49.217986], [16.497591, 49.217928], [16.497626, 49.217877], [16.49767, 49.217829], [16.497715, 49.21779], [16.497757, 49.21776], [16.497841, 49.217715], [16.498277, 49.217543], [16.498201, 49.217549], [16.498173, 49.217544], [16.498156, 49.217533], [16.498177, 49.217517], [16.498098, 49.217434], [16.497801, 49.217107], [16.497789, 49.217113], [16.497771, 49.217108], [16.497637, 49.216963], [16.497641, 49.216951], [16.497654, 49.216946], [16.497284, 49.216545], [16.497272, 49.21655], [16.497254, 49.216547], [16.497249, 49.216539], [16.497122, 49.216405], [16.497127, 49.216392], [16.497138, 49.216388], [16.49677, 49.215986], [16.496758, 49.21599], [16.496741, 49.215988], [16.496748, 49.215997], [16.496602, 49.215838], [16.496611, 49.215846], [16.496615, 49.215834], [16.496626, 49.215829], [16.496254, 49.215423], [16.496242, 49.215427], [16.496223, 49.215423], [16.496222, 49.215406], [16.496224, 49.215393], [16.496233, 49.215371], [16.496251, 49.215353], [16.496268, 49.215343], [16.496285, 49.215336], [16.496305, 49.215338], [16.496334, 49.215369], [16.496464, 49.215318], [16.496436, 49.215286], [16.496441, 49.215274], [16.49658, 49.21522], [16.496598, 49.215222], [16.496624, 49.21525], [16.496767, 49.21518], [16.496926, 49.21509], [16.496631, 49.214878], [16.496591, 49.214847], [16.497133, 49.2147], [16.497664, 49.214586], [16.497844, 49.214533], [16.497947, 49.214503], [16.498043, 49.214475], [16.498084, 49.214463], [16.498412, 49.214326], [16.49845, 49.21431], [16.49869, 49.214201], [16.498703, 49.21418], [16.498729, 49.214135], [16.498735, 49.214125], [16.499497, 49.213834], [16.499595, 49.213811], [16.499896, 49.213751], [16.499929, 49.213741], [16.500004, 49.213737], [16.500043, 49.21373], [16.500082, 49.213729], [16.500136, 49.213776], [16.500331, 49.213768], [16.500519, 49.213774], [16.500839, 49.213771], [16.501044, 49.213778], [16.501286, 49.213771], [16.501572, 49.213798], [16.501932, 49.213673], [16.502161, 49.21362], [16.502205, 49.213611], [16.502212, 49.213608], [16.502312, 49.213803], [16.502691, 49.213853], [16.502828, 49.213839], [16.502692, 49.21383], [16.502995, 49.213734], [16.503182, 49.213758], [16.503249, 49.213855], [16.503286, 49.213887], [16.503299, 49.213896], [16.503542, 49.213904], [16.503862, 49.213899], [16.504326, 49.213697], [16.504477, 49.21368], [16.50463, 49.213679], [16.504724, 49.213803], [16.504942, 49.213787], [16.505032, 49.213559], [16.505169, 49.213532], [16.50537, 49.213544], [16.505786, 49.213497], [16.506242, 49.213334], [16.506403, 49.213383], [16.506766, 49.213276], [16.507043, 49.213282], [16.507359, 49.213218], [16.507586, 49.213172], [16.507773, 49.213061], [16.507956, 49.213081], [16.508267, 49.212929], [16.508472, 49.212917], [16.508779, 49.21282], [16.508978, 49.212735], [16.509104, 49.212641], [16.50925, 49.21258], [16.509495, 49.212519], [16.50969, 49.212594], [16.509849, 49.212578], [16.510183, 49.21256], [16.510536, 49.21257], [16.5107, 49.212587], [16.510821, 49.212597], [16.51103, 49.212584], [16.511328, 49.212539], [16.512043, 49.212612], [16.512564, 49.212637], [16.512563, 49.212697], [16.512846, 49.212739], [16.513075, 49.212743], [16.513348, 49.212804], [16.513642, 49.21285], [16.513998, 49.212975], [16.514073, 49.213192], [16.514281, 49.213489], [16.514491, 49.213875], [16.51453, 49.214176], [16.514603, 49.214259], [16.514755, 49.214341], [16.514953, 49.214452], [16.515334, 49.214453], [16.515747, 49.21439], [16.516117, 49.21439], [16.517213, 49.214241], [16.517619, 49.214159], [16.518173, 49.214179], [16.518802, 49.214075], [16.518937, 49.21397], [16.51904, 49.21372], [16.519199, 49.213594], [16.519245, 49.213551], [16.519264, 49.213565], [16.519349, 49.213524], [16.519406, 49.213498], [16.519444, 49.213317], [16.519515, 49.213075], [16.519665, 49.212619], [16.519784, 49.212431], [16.519945, 49.212286], [16.519851, 49.21204], [16.519669, 49.21178], [16.51947, 49.211629], [16.519575, 49.211355], [16.520306, 49.211234], [16.521268, 49.211064], [16.521811, 49.210912], [16.522015, 49.210872], [16.522535, 49.210723], [16.523011, 49.210525], [16.52307, 49.210344], [16.523005, 49.209975], [16.523148, 49.20995], [16.523149, 49.209847], [16.523001, 49.209746], [16.523224, 49.209576], [16.523291, 49.209427], [16.523389, 49.209487], [16.523792, 49.209264], [16.524053, 49.209139], [16.524387, 49.209031], [16.524692, 49.20894], [16.524725, 49.20893], [16.524917, 49.208993], [16.52571, 49.20933], [16.52592, 49.209372], [16.526558, 49.209284], [16.527624, 49.209668], [16.528216, 49.209747], [16.528662, 49.209807], [16.528942, 49.209926], [16.529365, 49.2101], [16.529819, 49.210221], [16.530037, 49.210277], [16.530203, 49.21036], [16.530279, 49.210397], [16.530494, 49.210477], [16.530734, 49.210566], [16.53115, 49.210622], [16.531593, 49.210659], [16.531891, 49.210737], [16.532178, 49.210815], [16.532278, 49.210866], [16.533062, 49.210762], [16.533789, 49.210517], [16.534343, 49.210229], [16.534962, 49.209713], [16.535184, 49.20957], [16.535539, 49.209391], [16.535934, 49.209145], [16.536148, 49.209009], [16.536262, 49.208887], [16.536305, 49.208841], [16.536347, 49.208799], [16.536536, 49.208605], [16.536629, 49.208509], [16.536865, 49.208306], [16.537298, 49.20781], [16.537287, 49.207742], [16.537267, 49.20763], [16.537213, 49.207441], [16.537215, 49.207282], [16.537132, 49.20692], [16.537114, 49.206832], [16.537026, 49.206651], [16.536897, 49.206388], [16.536805, 49.206162], [16.536745, 49.206062], [16.536729, 49.205881], [16.536636, 49.205715], [16.536656, 49.205535], [16.53663, 49.205258], [16.536592, 49.205222], [16.536508, 49.205142], [16.536423, 49.205063], [16.536274, 49.20492], [16.536033, 49.204688], [16.535708, 49.204301], [16.535589, 49.204147], [16.535541, 49.204088], [16.535531, 49.204038], [16.535507, 49.203933], [16.535436, 49.203614], [16.535279, 49.20328], [16.535203, 49.203122]]]}}, {"type": "Feature", "properties": {"zone_id": 20398994, "name": "Brno-Jundrov", "admin_level": "9", "source": "OSM relation 20398994"}, "geometry": {"type": "Polygon", "coordinates": [[[16.55263, 49.216364], [16.552606, 49.216465], [16.55256, 49.216569], [16.552536, 49.216679], [16.5525, 49.216804], [16.552471, 49.216935], [16.552378, 49.217231], [16.552296, 49.217178], [16.552147, 49.217082], [16.552004, 49.216994], [16.551818, 49.216918], [16.55176, 49.216902], [16.55143, 49.216814], [16.550967, 49.216693], [16.550439, 49.216617], [16.550282, 49.216727], [16.550105, 49.216785], [16.549863, 49.217138], [16.549746, 49.217277], [16.549111, 49.217328], [16.548522, 49.217419], [16.548454, 49.217428], [16.54779, 49.217602], [16.54651, 49.217907], [16.546415, 49.217936], [16.546389, 49.217944], [16.546222, 49.217955], [16.545946, 49.217901], [16.545756, 49.217847], [16.545231, 49.217743], [16.54497, 49.21769], [16.544209, 49.217669], [16.544037, 49.217661], [16.543859, 49.217681], [16.543696, 49.217704], [16.543318, 49.217704], [16.542915, 49.217747], [16.542696, 49.217741], [16.542497, 49.217763], [16.542286, 49.217731], [16.54177, 49.217781], [16.541235, 49.217812], [16.54112, 49.217803], [16.540802, 49.217852], [16.540358, 49.217882], [16.540185, 49.217926], [16.540021, 49.217976], [16.539866, 49.218027], [16.539617, 49.218116], [16.53936, 49.218204], [16.539122, 49.218298], [16.538901, 49.218416], [16.538703, 49.218514], [16.538661, 49.218534], [16.538428, 49.218651], [16.538329, 49.218701], [16.538231, 49.21876], [16.538097, 49.218823], [16.538005, 49.218877], [16.537892, 49.218952], [16.537615, 49.219055], [16.537063, 49.219343], [16.53658, 49.219595], [16.536238, 49.219739], [16.53609, 49.219853], [16.535842, 49.220054], [16.5357, 49.220186], [16.535725, 49.220208], [16.535612, 49.220249], [16.535509, 49.220297], [16.535409, 49.220351], [16.535288, 49.220404], [16.535281, 49.220399], [16.535016, 49.220484], [16.534918, 49.220508], [16.534835, 49.22052], [16.534733, 49.220521], [16.534503, 49.220491], [16.534458, 49.220482], [16.534453, 49.220495], [16.534401, 49.220489], [16.534385, 49.220545], [16.5338, 49.220497], [16.533724, 49.220477], [16.533612, 49.220459], [16.533227, 49.220361], [16.532634, 49.220142], [16.532084, 49.219934], [16.531725, 49.219807], [16.531444, 49.219717], [16.531429, 49.219709], [16.531304, 49.219636], [16.530993, 49.219425], [16.530664, 49.219264], [16.530463, 49.219195], [16.530302, 49.219164], [16.530129, 49.219159], [16.529452, 49.219018], [16.529132, 49.219012], [16.528515, 49.218865], [16.528295, 49.21875], [16.528037, 49.218602], [16.527841, 49.218518], [16.527599, 49.218237], [16.527332, 49.218075], [16.527286, 49.2179], [16.527493, 49.217383], [16.527596, 49.217036], [16.527652, 49.216905], [16.52761, 49.21664], [16.5276, 49.216291], [16.527555, 49.216124], [16.527697, 49.215755], [16.527478, 49.215604], [16.526458, 49.215474], [16.526234, 49.215129], [16.526198, 49.214868], [16.526532, 49.214549], [16.526898, 49.214288], [16.527027, 49.214016], [16.527255, 49.213699], [16.527241, 49.213409], [16.527066, 49.213059], [16.526942, 49.213007], [16.526716, 49.212588], [16.526569, 49.212276], [16.526413, 49.211916], [16.526192, 49.211782], [16.525563, 49.211752], [16.525509, 49.211664], [16.524412, 49.211494], [16.523867, 49.211386], [16.523624, 49.211278], [16.523417, 49.211283], [16.523313, 49.211204], [16.523239, 49.210913], [16.523257, 49.210755], [16.523511, 49.21042], [16.523647, 49.210164], [16.523792, 49.209264], [16.524053, 49.209139], [16.524387, 49.209031], [16.524692, 49.20894], [16.524725, 49.20893], [16.524917, 49.208993], [16.52571, 49.20933], [16.52592, 49.209372], [16.526558, 49.209284], [16.527624, 49.209668], [16.528216, 49.209747], [16.528662, 49.209807], [16.528942, 49.209926], [16.529365, 49.2101], [16.529819, 49.210221], [16.530037, 49.210277], [16.530203, 49.21036], [16.530279, 49.210397], [16.530494, 49.210477], [16.530734, 49.210566], [16.53115, 49.210622], [16.531593, 49.210659], [16.531891, 49.210737], [16.532178, 49.210815], [16.532278, 49.210866], [16.533062, 49.210762], [16.533789, 49.210517], [16.534343, 49.210229], [16.534962, 49.209713], [16.535184, 49.20957], [16.535539, 49.209391], [16.535934, 49.209145], [16.536148, 49.209009], [16.536262, 49.208887], [16.536305, 49.208841], [16.536347, 49.208799], [16.536536, 49.208605], [16.536629, 49.208509], [16.536865, 49.208306], [16.537298, 49.20781], [16.537287, 49.207742], [16.537267, 49.20763], [16.537213, 49.207441], [16.537215, 49.207282], [16.537132, 49.20692], [16.537114, 49.206832], [16.537026, 49.206651], [16.536897, 49.206388], [16.536805, 49.206162], [16.536745, 49.206062], [16.536729, 49.205881], [16.536636, 49.205715], [16.536656, 49.205535], [16.53663, 49.205258], [16.536592, 49.205222], [16.536508, 49.205142], [16.536423, 49.205063], [16.536274, 49.20492], [16.536033, 49.204688], [16.535708, 49.204301], [16.535589, 49.204147], [16.535541, 49.204088], [16.535531, 49.204038], [16.535507, 49.203933], [16.535436, 49.203614], [16.535279, 49.20328], [16.535203, 49.203122], [16.535362, 49.203082], [16.535499, 49.203049], [16.535807, 49.202973], [16.536246, 49.202855], [16.536403, 49.202814], [16.536459, 49.202803], [16.536759, 49.202749], [16.536874, 49.202728], [16.537749, 49.202352], [16.538192, 49.202175], [16.538708, 49.201995], [16.539078, 49.201811], [16.539585, 49.201612], [16.54004, 49.201304], [16.540137, 49.201237], [16.540538, 49.201114], [16.540766, 49.200854], [16.54084, 49.200738], [16.5412, 49.20068], [16.541926, 49.200563], [16.542465, 49.2003], [16.542931, 49.200261], [16.543264, 49.200175], [16.543812, 49.200227], [16.544258, 49.200268], [16.544797, 49.200387], [16.545378, 49.200569], [16.545356, 49.200649], [16.545778, 49.200686], [16.54605, 49.200677], [16.546469, 49.200626], [16.546997, 49.200522], [16.547475, 49.200385], [16.547691, 49.200365], [16.54791, 49.200324], [16.548223, 49.200298], [16.548649, 49.200232], [16.5488, 49.200192], [16.548936, 49.200191], [16.548939, 49.200411], [16.549161, 49.200834], [16.549216, 49.201162], [16.549232, 49.201412], [16.549265, 49.20163], [16.549419, 49.202069], [16.549817, 49.202012], [16.550196, 49.201866], [16.550767, 49.201618], [16.55125, 49.201531], [16.551633, 49.201399], [16.551824, 49.201363], [16.552591, 49.201093], [16.553147, 49.20084], [16.552693, 49.200482], [16.552643, 49.200393], [16.552597, 49.200262], [16.55264, 49.200064], [16.552919, 49.199745], [16.553424, 49.199817], [16.554205, 49.199866], [16.554621, 49.199864], [16.554833, 49.199837], [16.554674, 49.199608], [16.554464, 49.199236], [16.554544, 49.199237], [16.554964, 49.199185], [16.555408, 49.1991], [16.555552, 49.199114], [16.555723, 49.199126], [16.555733, 49.199119], [16.555867, 49.199103], [16.556229, 49.199047], [16.556397, 49.199034], [16.55667, 49.19907], [16.556783, 49.199077], [16.556757, 49.199055], [16.55687, 49.199054], [16.556886, 49.199062], [16.556998, 49.199043], [16.557089, 49.199022], [16.557115, 49.199036], [16.5572, 49.199013], [16.557304, 49.198982], [16.557428, 49.19891], [16.557579, 49.198835], [16.557888, 49.198639], [16.558012, 49.198533], [16.557992, 49.198521], [16.558134, 49.198406], [16.55822, 49.198309], [16.558338, 49.1982], [16.558492, 49.198126], [16.558633, 49.198045], [16.558801, 49.197978], [16.559362, 49.1978], [16.559537, 49.197925], [16.55956, 49.197882], [16.559582, 49.197762], [16.559735, 49.197634], [16.559884, 49.197544], [16.560068, 49.197448], [16.56024, 49.197352], [16.560406, 49.197246], [16.560303, 49.197231], [16.560392, 49.197155], [16.560477, 49.197071], [16.560553, 49.196956], [16.560729, 49.196723], [16.560798, 49.196555], [16.560783, 49.196477], [16.560744, 49.196423], [16.560682, 49.196386], [16.560521, 49.196354], [16.560573, 49.196329], [16.560589, 49.196288], [16.560582, 49.196259], [16.560618, 49.196254], [16.56084, 49.196194], [16.560915, 49.196161], [16.560998, 49.196127], [16.5611, 49.1961], [16.561245, 49.196066], [16.56156, 49.195927], [16.561651, 49.19594], [16.5618, 49.195935], [16.561812, 49.19593], [16.561765, 49.1958], [16.561699, 49.195673], [16.561607, 49.19555], [16.56157, 49.195414], [16.561501, 49.195206], [16.561432, 49.194864], [16.561418, 49.194805], [16.561399, 49.194757], [16.561375, 49.194645], [16.562024, 49.194504], [16.562324, 49.194425], [16.562367, 49.194411], [16.562419, 49.194401], [16.56247, 49.194386], [16.562513, 49.194367], [16.562552, 49.194344], [16.562665, 49.194295], [16.562787, 49.194246], [16.562908, 49.194202], [16.563251, 49.194117], [16.563466, 49.194064], [16.563592, 49.194029], [16.563665, 49.194037], [16.563922, 49.193981], [16.563951, 49.193936], [16.56419, 49.193889], [16.564245, 49.193898], [16.564469, 49.193864], [16.565003, 49.193837], [16.565015, 49.193808], [16.565112, 49.193684], [16.565182, 49.193618], [16.565399, 49.19345], [16.565417, 49.193439], [16.565523, 49.193405], [16.56565, 49.193373], [16.56575, 49.193365], [16.565856, 49.193356], [16.565867, 49.193353], [16.565877, 49.193347], [16.565882, 49.193341], [16.565892, 49.193334], [16.565902, 49.193324], [16.565908, 49.193314], [16.565911, 49.193301], [16.565909, 49.193289], [16.565904, 49.193278], [16.565869, 49.193251], [16.566115, 49.19332], [16.566376, 49.193403], [16.566844, 49.193537], [16.567, 49.193582], [16.566998, 49.193585], [16.567039, 49.193598], [16.566752, 49.193849], [16.566686, 49.19395], [16.56652, 49.194287], [16.566478, 49.194519], [16.56645, 49.194806], [16.566554, 49.195179], [16.566661, 49.195783], [16.566615, 49.195838], [16.566595, 49.196174], [16.566552, 49.196525], [16.566472, 49.196791], [16.566473, 49.197027], [16.566411, 49.197829], [16.566429, 49.198129], [16.566446, 49.198531], [16.566469, 49.199019], [16.566481, 49.199015], [16.566551, 49.199154], [16.566558, 49.199152], [16.566572, 49.199182], [16.56659, 49.199211], [16.566627, 49.199256], [16.566659, 49.199284], [16.56686, 49.199421], [16.567025, 49.199557], [16.567091, 49.199633], [16.567222, 49.199957], [16.567282, 49.200094], [16.567321, 49.200231], [16.567323, 49.200315], [16.567383, 49.200604], [16.567437, 49.200864], [16.567642, 49.200818], [16.567648, 49.200859], [16.567622, 49.201335], [16.567581, 49.201502], [16.567466, 49.20171], [16.56726, 49.201952], [16.567155, 49.202056], [16.567, 49.202152], [16.566932, 49.20219], [16.566679, 49.202332], [16.566154, 49.202602], [16.566124, 49.202613], [16.56598, 49.202674], [16.56584, 49.202735], [16.56577, 49.202765], [16.565638, 49.202826], [16.56549, 49.202892], [16.565432, 49.20292], [16.564988, 49.203206], [16.564901, 49.203252], [16.564542, 49.203383], [16.564299, 49.203472], [16.564202, 49.203503], [16.564175, 49.203503], [16.563874, 49.203603], [16.563745, 49.203636], [16.563549, 49.203684], [16.563279, 49.203759], [16.563091, 49.203809], [16.56294, 49.203874], [16.562728, 49.203946], [16.562485, 49.204043], [16.5621, 49.20426], [16.561936, 49.204423], [16.561758, 49.204676], [16.561687, 49.20478], [16.56159, 49.204961], [16.5615, 49.205168], [16.56149, 49.205238], [16.561489, 49.205307], [16.56149, 49.205341], [16.561498, 49.20538], [16.561517, 49.205453], [16.561545, 49.205525], [16.561584, 49.205591], [16.561588, 49.205642], [16.56161, 49.205704], [16.561633, 49.205774], [16.56168, 49.205891], [16.561709, 49.205961], [16.561756, 49.206001], [16.561774, 49.206086], [16.561766, 49.206203], [16.561768, 49.206339], [16.56173, 49.20642], [16.5616, 49.20664], [16.561493, 49.206788], [16.561433, 49.206849], [16.561367, 49.206907], [16.56128, 49.206963], [16.561167, 49.207027], [16.561065, 49.207077], [16.560434, 49.207351], [16.56031, 49.207419], [16.560132, 49.207531], [16.559947, 49.207681], [16.559852, 49.207782], [16.559746, 49.2079], [16.559658, 49.208008], [16.559602, 49.208083], [16.559563, 49.208144], [16.559535, 49.208202], [16.559516, 49.208278], [16.559475, 49.208503], [16.559447, 49.208666], [16.559423, 49.20875], [16.559384, 49.208829], [16.559331, 49.208923], [16.55927, 49.209021], [16.559185, 49.209097], [16.559094, 49.209167], [16.558976, 49.209252], [16.558876, 49.20932], [16.558816, 49.209354], [16.558726, 49.209401], [16.558639, 49.209444], [16.558546, 49.209483], [16.558386, 49.209542], [16.558232, 49.209593], [16.55809, 49.209637], [16.557802, 49.209711], [16.557679, 49.209752], [16.557617, 49.209779], [16.557331, 49.20992], [16.557299, 49.209933], [16.557167, 49.209989], [16.557141, 49.21], [16.557136, 49.210002], [16.557063, 49.209927], [16.557059, 49.209928], [16.557055, 49.209924], [16.557058, 49.209923], [16.556959, 49.209821], [16.556936, 49.209798], [16.556932, 49.209799], [16.556926, 49.209794], [16.556929, 49.209793], [16.556895, 49.209759], [16.556609, 49.209838], [16.556435, 49.209883], [16.556197, 49.209923], [16.556, 49.20997], [16.555842, 49.210021], [16.555681, 49.21005], [16.555647, 49.210054], [16.555556, 49.21007], [16.555394, 49.210217], [16.555241, 49.210337], [16.555013, 49.210591], [16.554899, 49.210749], [16.554898, 49.210752], [16.554846, 49.210879], [16.554728, 49.211177], [16.554678, 49.211321], [16.554664, 49.21151], [16.554636, 49.211609], [16.554646, 49.211626], [16.554623, 49.211763], [16.554617, 49.211766], [16.554606, 49.211966], [16.554585, 49.212232], [16.554598, 49.212238], [16.554619, 49.212247], [16.554597, 49.2123], [16.554569, 49.212409], [16.554582, 49.212412], [16.554568, 49.212438], [16.55454, 49.21246], [16.554492, 49.212489], [16.554426, 49.212526], [16.554376, 49.212553], [16.554343, 49.212585], [16.554324, 49.212623], [16.554308, 49.212668], [16.554291, 49.212713], [16.554267, 49.212752], [16.554238, 49.212796], [16.554192, 49.212858], [16.554161, 49.212913], [16.553984, 49.213083], [16.553957, 49.213147], [16.553835, 49.213225], [16.553767, 49.213301], [16.553731, 49.213375], [16.553664, 49.21345], [16.55359, 49.213542], [16.553547, 49.213601], [16.553461, 49.213691], [16.5534, 49.213769], [16.553336, 49.213863], [16.553266, 49.214021], [16.553189, 49.214195], [16.553003, 49.214613], [16.552899, 49.214848], [16.552655, 49.215395], [16.552632, 49.215465], [16.552618, 49.215613], [16.552634, 49.215697], [16.552633, 49.215791], [16.552635, 49.21587], [16.552635, 49.215976], [16.552642, 49.216073], [16.552655, 49.21617], [16.552646, 49.216263], [16.55263, 49.216364]]]}}, {"type": "Feature", "properties": {"zone_id": 20398995, "name": "Brno-Komín", "admin_level": "9", "source": "OSM relation 20398995"}, "geometry": {"type": "Polygon", "coordinates": [[[16.553735, 49.244472], [16.553692, 49.244151], [16.553645, 49.2436], [16.55364, 49.243296], [16.553655, 49.243041], [16.554106, 49.242428], [16.554246, 49.242298], [16.554519, 49.242272], [16.555395, 49.242217], [16.556922, 49.24214], [16.557015, 49.242118], [16.557027, 49.242052], [16.55709, 49.24203], [16.557256, 49.241979], [16.557628, 49.241865], [16.55809, 49.241728], [16.558256, 49.24166], [16.558352, 49.241627], [16.558908, 49.241374], [16.559099, 49.241259], [16.559249, 49.241177], [16.559386, 49.241087], [16.559395, 49.241075], [16.559991, 49.240699], [16.56028, 49.240472], [16.560402, 49.240358], [16.560508, 49.240231], [16.560619, 49.240125], [16.560772, 49.240027], [16.561065, 49.239848], [16.561676, 49.239537], [16.56183, 49.239449], [16.562274, 49.239254], [16.56274, 49.239009], [16.563365, 49.238669], [16.563916, 49.238393], [16.563981, 49.238353], [16.564025, 49.23833], [16.564362, 49.238087], [16.564672, 49.237904], [16.564836, 49.237815], [16.565099, 49.237657], [16.564792, 49.237442], [16.564727, 49.237391], [16.564537, 49.237162], [16.564359, 49.236871], [16.564328, 49.23673], [16.564394, 49.236307], [16.564482, 49.235966], [16.564678, 49.235355], [16.564659, 49.235102], [16.564664, 49.234652], [16.564719, 49.234167], [16.564502, 49.233612], [16.564256, 49.232919], [16.564111, 49.232575], [16.56407, 49.232357], [16.564033, 49.232277], [16.563776, 49.23221], [16.563693, 49.232083], [16.56353, 49.231877], [16.563446, 49.231708], [16.563377, 49.231362], [16.563257, 49.231208], [16.563098, 49.230878], [16.563112, 49.230515], [16.563127, 49.230212], [16.563161, 49.230069], [16.563178, 49.229973], [16.563223, 49.229767], [16.563228, 49.229731], [16.563535, 49.229775], [16.56363, 49.229629], [16.56374, 49.2295], [16.563869, 49.229375], [16.563944, 49.229234], [16.563941, 49.229212], [16.563938, 49.229202], [16.563937, 49.229194], [16.563934, 49.229177], [16.563862, 49.229077], [16.563788, 49.228992], [16.563177, 49.228716], [16.562772, 49.228534], [16.562394, 49.228335], [16.562251, 49.228095], [16.562262, 49.227783], [16.562671, 49.227522], [16.562673, 49.227451], [16.562686, 49.226808], [16.562718, 49.226443], [16.562725, 49.226413], [16.562755, 49.226287], [16.562771, 49.22601], [16.562547, 49.225649], [16.561666, 49.225474], [16.561239, 49.225467], [16.561513, 49.225085], [16.561464, 49.225015], [16.561291, 49.224768], [16.561166, 49.224586], [16.561126, 49.224529], [16.561283, 49.224179], [16.561333, 49.223638], [16.561202, 49.223143], [16.561131, 49.222896], [16.561094, 49.222837], [16.56102, 49.222726], [16.560949, 49.222617], [16.560858, 49.222477], [16.560979, 49.222324], [16.560989, 49.222312], [16.561005, 49.222292], [16.561532, 49.221626], [16.561684, 49.221514], [16.562041, 49.22129], [16.562126, 49.221275], [16.562242, 49.221231], [16.562473, 49.221006], [16.56273, 49.220856], [16.563071, 49.220752], [16.563392, 49.220718], [16.563586, 49.220655], [16.563681, 49.220591], [16.563712, 49.220422], [16.563906, 49.220169], [16.563918, 49.220101], [16.56392, 49.22009], [16.563933, 49.220017], [16.563943, 49.219971], [16.56406, 49.219742], [16.56418, 49.219541], [16.564296, 49.219357], [16.564374, 49.219215], [16.56444, 49.219101], [16.564636, 49.218752], [16.564658, 49.218715], [16.564758, 49.218229], [16.564781, 49.218093], [16.564782, 49.218024], [16.564781, 49.21788], [16.564781, 49.217867], [16.564746, 49.217758], [16.564707, 49.217639], [16.564644, 49.217454], [16.564624, 49.21739], [16.56462, 49.217319], [16.564616, 49.217283], [16.564604, 49.217224], [16.564542, 49.217046], [16.564337, 49.216752], [16.564399, 49.216701], [16.564516, 49.216613], [16.564666, 49.216497], [16.56475, 49.216431], [16.564846, 49.216357], [16.564925, 49.216296], [16.564953, 49.216274], [16.564986, 49.216248], [16.565012, 49.216228], [16.565042, 49.216206], [16.565173, 49.216104], [16.565209, 49.216076], [16.565227, 49.216062], [16.565402, 49.215823], [16.565419, 49.215796], [16.565503, 49.215684], [16.565524, 49.215654], [16.565559, 49.215608], [16.565548, 49.215595], [16.565544, 49.215504], [16.565541, 49.215446], [16.565566, 49.215437], [16.565818, 49.215356], [16.565636, 49.215124], [16.565572, 49.214999], [16.565548, 49.214955], [16.565517, 49.214908], [16.565482, 49.214861], [16.565456, 49.214813], [16.565398, 49.214728], [16.565322, 49.214643], [16.565284, 49.2146], [16.565247, 49.214559], [16.565202, 49.214516], [16.565098, 49.214415], [16.564915, 49.214248], [16.564435, 49.213913], [16.56448, 49.213901], [16.564873, 49.21376], [16.564947, 49.21377], [16.564991, 49.213704], [16.565068, 49.213649], [16.565125, 49.213643], [16.56494, 49.213595], [16.564745, 49.213543], [16.564577, 49.213499], [16.564276, 49.213419], [16.564164, 49.21339], [16.563726, 49.213277], [16.563298, 49.213163], [16.563143, 49.213122], [16.562846, 49.213042], [16.562486, 49.212948], [16.562175, 49.212865], [16.56215, 49.212859], [16.562146, 49.212858], [16.562005, 49.212823], [16.561825, 49.212776], [16.561778, 49.212764], [16.561709, 49.212746], [16.561689, 49.212742], [16.561529, 49.212698], [16.561443, 49.212675], [16.56138, 49.212658], [16.56131, 49.212639], [16.561127, 49.212593], [16.560806, 49.212509], [16.560672, 49.212482], [16.560537, 49.212454], [16.560376, 49.212408], [16.560302, 49.212387], [16.560219, 49.212366], [16.560174, 49.212354], [16.559731, 49.21224], [16.559707, 49.212234], [16.559674, 49.212228], [16.559624, 49.212226], [16.55957, 49.212229], [16.559547, 49.212236], [16.559517, 49.212243], [16.559477, 49.212259], [16.559442, 49.212282], [16.559247, 49.212236], [16.55923, 49.212232], [16.559248, 49.212201], [16.559474, 49.211815], [16.559484, 49.211798], [16.5595, 49.211775], [16.559533, 49.21172], [16.559597, 49.211619], [16.559619, 49.211582], [16.559662, 49.211511], [16.559707, 49.21144], [16.55971, 49.211433], [16.559716, 49.211411], [16.559715, 49.211389], [16.559707, 49.211366], [16.559689, 49.211343], [16.559665, 49.211322], [16.55962, 49.211293], [16.559326, 49.21116], [16.55896, 49.210994], [16.558846, 49.210942], [16.558576, 49.210822], [16.558472, 49.210776], [16.558188, 49.210656], [16.558043, 49.210594], [16.557852, 49.210512], [16.55769, 49.210442], [16.557666, 49.210431], [16.557566, 49.210382], [16.55757, 49.21038], [16.557554, 49.21037], [16.55746, 49.210307], [16.557405, 49.210269], [16.557369, 49.21024], [16.557343, 49.21021], [16.557338, 49.210212], [16.557334, 49.210208], [16.557337, 49.210206], [16.557328, 49.210198], [16.557212, 49.210079], [16.557208, 49.21008], [16.557204, 49.210076], [16.557207, 49.210074], [16.557136, 49.210002], [16.557063, 49.209927], [16.557059, 49.209928], [16.557055, 49.209924], [16.557058, 49.209923], [16.556959, 49.209821], [16.556936, 49.209798], [16.556932, 49.209799], [16.556926, 49.209794], [16.556929, 49.209793], [16.556895, 49.209759], [16.556609, 49.209838], [16.556435, 49.209883], [16.556197, 49.209923], [16.556, 49.20997], [16.555842, 49.210021], [16.555681, 49.21005], [16.555647, 49.210054], [16.555556, 49.21007], [16.555394, 49.210217], [16.555241, 49.210337], [16.555013, 49.210591], [16.554899, 49.210749], [16.554898, 49.210752], [16.554846, 49.210879], [16.554728, 49.211177], [16.554678, 49.211321], [16.554664, 49.21151], [16.554636, 49.211609], [16.554646, 49.211626], [16.554623, 49.211763], [16.554617, 49.211766], [16.554606, 49.211966], [16.554585, 49.212232], [16.554598, 49.212238], [16.554619, 49.212247], [16.554597, 49.2123], [16.554569, 49.212409], [16.554582, 49.212412], [16.554568, 49.212438], [16.55454, 49.21246], [16.554492, 49.212489], [16.554426, 49.212526], [16.554376, 49.212553], [16.554343, 49.212585], [16.554324, 49.212623], [16.554308, 49.212668], [16.554291, 49.212713], [16.554267, 49.212752], [16.554238, 49.212796], [16.554192, 49.212858], [16.554161, 49.212913], [16.553984, 49.213083], [16.553957, 49.213147], [16.553835, 49.213225], [16.553767, 49.213301], [16.553731, 49.213375], [16.553664, 49.21345], [16.55359, 49.213542], [16.553547, 49.213601], [16.553461, 49.213691], [16.5534, 49.213769], [16.553336, 49.213863], [16.553266, 49.214021], [16.553189, 49.214195], [16.553003, 49.214613], [16.552899, 49.214848], [16.552655, 49.215395], [16.552632, 49.215465], [16.552618, 49.215613], [16.552634, 49.215697], [16.552633, 49.215791], [16.552635, 49.21587], [16.552635, 49.215976], [16.552642, 49.216073], [16.552655, 49.21617], [16.552646, 49.216263], [16.55263, 49.216364], [16.552606, 49.216465], [16.55256, 49.216569], [16.552536, 49.216679], [16.5525, 49.216804], [16.552471, 49.216935], [16.552378, 49.217231], [16.552296, 49.217178], [16.552147, 49.217082], [16.552004, 49.216994], [16.551818, 49.216918], [16.55176, 49.216902], [16.55143, 49.216814], [16.550967, 49.216693], [16.550439, 49.216617], [16.550282, 49.216727], [16.550105, 49.216785], [16.549863, 49.217138], [16.549746, 49.217277], [16.549111, 49.217328], [16.548522, 49.217419], [16.548454, 49.217428], [16.54779, 49.217602], [16.54651, 49.217907], [16.546415, 49.217936], [16.546389, 49.217944], [16.546222, 49.217955], [16.545946, 49.217901], [16.545756, 49.217847], [16.545231, 49.217743], [16.54497, 49.21769], [16.544209, 49.217669], [16.544037, 49.217661], [16.543859, 49.217681], [16.543696, 49.217704], [16.543318, 49.217704], [16.542915, 49.217747], [16.542696, 49.217741], [16.542497, 49.217763], [16.542286, 49.217731], [16.54177, 49.217781], [16.541235, 49.217812], [16.54112, 49.217803], [16.540802, 49.217852], [16.540358, 49.217882], [16.540185, 49.217926], [16.540021, 49.217976], [16.539866, 49.218027], [16.539617, 49.218116], [16.53936, 49.218204], [16.539122, 49.218298], [16.538901, 49.218416], [16.538703, 49.218514], [16.538661, 49.218534], [16.538428, 49.218651], [16.538329, 49.218701], [16.538231, 49.21876], [16.538097, 49.218823], [16.538005, 49.218877], [16.537892, 49.218952], [16.537615, 49.219055], [16.537063, 49.219343], [16.53658, 49.219595], [16.536587, 49.219631], [16.536589, 49.219664], [16.5366, 49.219722], [16.53648, 49.219887], [16.536326, 49.219946], [16.536775, 49.220126], [16.537019, 49.22022], [16.536892, 49.220305], [16.536656, 49.220532], [16.536364, 49.2211], [16.536265, 49.221182], [16.536155, 49.221337], [16.536117, 49.221455], [16.53605, 49.221636], [16.535924, 49.221764], [16.535736, 49.221972], [16.535336, 49.22237], [16.535281, 49.222436], [16.535161, 49.222626], [16.53505, 49.222751], [16.535026, 49.222895], [16.535078, 49.223087], [16.53528, 49.223589], [16.535358, 49.223805], [16.535352, 49.223884], [16.535318, 49.224056], [16.535216, 49.224457], [16.535192, 49.224522], [16.535174, 49.224563], [16.535163, 49.224605], [16.534976, 49.224897], [16.534715, 49.224968], [16.534641, 49.225176], [16.534666, 49.225362], [16.534705, 49.225566], [16.534656, 49.225593], [16.534607, 49.225625], [16.534579, 49.225747], [16.534644, 49.225722], [16.534688, 49.225949], [16.534684, 49.225951], [16.534691, 49.22596], [16.534698, 49.225957], [16.534715, 49.225976], [16.534745, 49.226], [16.534789, 49.226025], [16.534866, 49.226051], [16.534911, 49.226059], [16.53491, 49.226062], [16.534926, 49.226064], [16.534927, 49.226061], [16.534973, 49.226054], [16.53499, 49.226054], [16.535029, 49.226046], [16.53512, 49.226036], [16.535171, 49.226029], [16.53518, 49.226023], [16.535117, 49.226124], [16.535061, 49.226221], [16.535014, 49.226311], [16.535319, 49.226467], [16.535385, 49.226515], [16.535422, 49.226547], [16.535481, 49.226697], [16.535473, 49.226775], [16.535462, 49.226818], [16.535401, 49.226898], [16.535323, 49.226945], [16.535224, 49.226988], [16.534967, 49.22705], [16.534892, 49.227125], [16.535083, 49.227168], [16.535182, 49.22723], [16.535305, 49.227298], [16.535602, 49.227393], [16.535836, 49.227452], [16.535983, 49.227547], [16.536161, 49.227702], [16.536212, 49.227739], [16.536268, 49.227776], [16.53631, 49.2278], [16.536361, 49.227827], [16.536746, 49.227979], [16.5368, 49.227997], [16.53704, 49.228104], [16.53704, 49.228197], [16.536958, 49.228221], [16.536869, 49.228241], [16.537249, 49.229519], [16.537284, 49.229625], [16.537326, 49.229788], [16.537401, 49.229802], [16.537854, 49.229821], [16.538217, 49.229832], [16.538398, 49.22982], [16.538398, 49.229848], [16.538364, 49.230135], [16.538321, 49.230473], [16.53827, 49.230696], [16.538205, 49.230953], [16.538068, 49.231335], [16.53803, 49.231464], [16.537965, 49.231587], [16.537673, 49.23199], [16.537615, 49.231933], [16.537553, 49.231954], [16.537167, 49.232287], [16.536777, 49.23261], [16.536501, 49.232782], [16.536201, 49.233011], [16.536476, 49.233285], [16.53649, 49.2333], [16.536515, 49.233323], [16.536748, 49.233552], [16.536543, 49.233657], [16.536694, 49.233776], [16.536724, 49.233796], [16.537239, 49.234186], [16.537527, 49.234462], [16.537706, 49.234656], [16.537831, 49.234784], [16.537887, 49.234886], [16.538016, 49.235123], [16.538115, 49.235447], [16.538224, 49.235802], [16.53851, 49.236411], [16.538559, 49.236786], [16.538564, 49.236841], [16.538528, 49.237039], [16.538609, 49.2373], [16.538649, 49.237293], [16.538712, 49.237483], [16.538755, 49.237693], [16.538877, 49.237884], [16.539069, 49.238058], [16.539601, 49.238463], [16.539798, 49.238589], [16.540072, 49.238826], [16.540182, 49.238931], [16.54013, 49.23896], [16.540019, 49.238852], [16.53961, 49.239055], [16.539214, 49.239278], [16.539018, 49.239395], [16.538377, 49.239852], [16.538163, 49.239942], [16.538066, 49.240173], [16.538082, 49.240367], [16.53801, 49.240493], [16.538663, 49.240789], [16.538645, 49.240825], [16.538508, 49.240846], [16.538361, 49.240927], [16.538175, 49.241062], [16.538091, 49.241093], [16.538054, 49.241113], [16.537952, 49.241144], [16.537831, 49.241162], [16.537637, 49.241185], [16.537532, 49.241213], [16.537291, 49.241298], [16.536767, 49.241592], [16.536367, 49.24176], [16.536326, 49.241773], [16.536053, 49.241836], [16.535547, 49.241869], [16.535272, 49.241826], [16.534378, 49.241822], [16.534361, 49.24184], [16.534634, 49.242099], [16.534635, 49.242185], [16.534485, 49.242329], [16.534395, 49.242479], [16.534297, 49.242557], [16.534271, 49.242764], [16.534214, 49.242861], [16.534203, 49.242937], [16.534147, 49.243063], [16.533918, 49.243377], [16.534041, 49.243439], [16.534162, 49.243419], [16.534114, 49.243653], [16.53399, 49.243722], [16.533983, 49.243875], [16.533734, 49.243919], [16.533584, 49.244101], [16.533426, 49.244098], [16.533319, 49.244222], [16.533023, 49.244161], [16.532888, 49.244029], [16.532671, 49.244066], [16.532117, 49.244508], [16.531742, 49.244685], [16.531716, 49.244778], [16.531445, 49.244871], [16.531489, 49.245122], [16.531382, 49.245295], [16.531196, 49.24537], [16.531062, 49.245548], [16.531179, 49.245744], [16.531095, 49.246195], [16.531016, 49.246444], [16.531172, 49.246564], [16.531185, 49.246715], [16.53113, 49.246927], [16.530957, 49.247096], [16.530985, 49.247322], [16.531336, 49.247665], [16.531198, 49.247828], [16.531066, 49.248003], [16.530939, 49.248336], [16.530874, 49.248434], [16.530684, 49.24859], [16.530377, 49.248735], [16.529903, 49.248834], [16.529762, 49.248959], [16.529667, 49.249202], [16.529568, 49.249329], [16.529617, 49.249561], [16.529524, 49.249697], [16.52918, 49.24989], [16.529085, 49.249924], [16.529002, 49.250022], [16.528924, 49.250279], [16.528947, 49.250332], [16.528821, 49.250525], [16.52873, 49.250558], [16.528331, 49.250594], [16.528095, 49.250728], [16.528037, 49.250841], [16.528174, 49.250951], [16.528662, 49.251158], [16.528948, 49.251223], [16.529269, 49.251256], [16.529909, 49.251618], [16.531017, 49.251886], [16.531577, 49.252004], [16.531985, 49.252254], [16.531975, 49.252457], [16.531671, 49.252748], [16.531499, 49.252807], [16.531311, 49.252595], [16.530989, 49.25298], [16.531176, 49.253115], [16.531009, 49.253422], [16.530917, 49.253653], [16.531503, 49.25394], [16.531538, 49.254212], [16.531445, 49.254383], [16.531526, 49.254417], [16.531655, 49.254514], [16.531792, 49.254747], [16.531994, 49.254917], [16.532139, 49.255001], [16.532259, 49.255057], [16.532924, 49.255339], [16.533182, 49.255365], [16.533655, 49.255334], [16.533727, 49.25542], [16.534628, 49.25552], [16.535128, 49.255692], [16.535638, 49.255796], [16.536756, 49.255743], [16.537223, 49.255671], [16.537608, 49.255661], [16.537872, 49.255653], [16.538497, 49.255389], [16.538643, 49.255006], [16.538617, 49.254469], [16.538662, 49.254114], [16.538736, 49.253751], [16.538867, 49.253448], [16.538949, 49.252887], [16.539005, 49.252399], [16.539025, 49.252231], [16.539135, 49.251511], [16.539299, 49.251098], [16.53943, 49.250692], [16.539997, 49.25055], [16.540361, 49.250643], [16.540802, 49.250789], [16.540968, 49.251002], [16.541069, 49.251132], [16.541352, 49.25129], [16.54134, 49.251744], [16.541336, 49.25181], [16.541602, 49.251969], [16.54179, 49.252084], [16.542147, 49.2522], [16.542191, 49.252238], [16.542291, 49.25233], [16.542662, 49.252504], [16.542644, 49.252562], [16.542352, 49.252806], [16.542513, 49.252888], [16.542524, 49.252892], [16.542071, 49.253229], [16.542006, 49.253279], [16.541846, 49.253431], [16.54177, 49.253573], [16.541574, 49.253982], [16.541569, 49.254002], [16.541459, 49.254406], [16.54146, 49.254953], [16.54155, 49.255244], [16.541706, 49.255497], [16.541935, 49.255664], [16.542189, 49.255815], [16.542373, 49.255871], [16.542542, 49.255764], [16.543877, 49.254652], [16.544002, 49.254548], [16.544734, 49.253939], [16.545091, 49.253638], [16.545781, 49.253064], [16.546507, 49.252463], [16.546967, 49.252081], [16.547368, 49.25174], [16.547456, 49.251769], [16.54745, 49.251701], [16.547695, 49.25151], [16.547842, 49.251359], [16.547963, 49.251215], [16.548056, 49.251111], [16.548156, 49.251011], [16.548257, 49.250911], [16.548555, 49.250801], [16.548749, 49.250717], [16.548667, 49.250658], [16.549241, 49.250181], [16.549841, 49.249683], [16.550747, 49.248926], [16.551555, 49.248258], [16.551854, 49.248005], [16.551967, 49.247816], [16.552317, 49.247529], [16.552743, 49.246617], [16.553625, 49.244933], [16.553652, 49.244719], [16.553735, 49.244472]]]}}, {"type": "Feature", "properties": {"zone_id": 20398996, "name": "Brno-Bosonohy", "admin_level": "9", "source": "OSM relation 20398996"}, "geometry": {"type": "Polygon", "coordinates": [[[16.536334, 49.187078], [16.535936, 49.186815], [16.535697, 49.186924], [16.534605, 49.18652], [16.533512, 49.187131], [16.529688, 49.189027], [16.528378, 49.18944], [16.528054, 49.189724], [16.525375, 49.189732], [16.525364, 49.190129], [16.526166, 49.190154], [16.526164, 49.190312], [16.525784, 49.190409], [16.525602, 49.19052], [16.525591, 49.19056], [16.525452, 49.190599], [16.524735, 49.190911], [16.524169, 49.19124], [16.52392, 49.191252], [16.523614, 49.191261], [16.522955, 49.191168], [16.522088, 49.190962], [16.520998, 49.190866], [16.520543, 49.190867], [16.519835, 49.1908], [16.51895, 49.190682], [16.518154, 49.190498], [16.517615, 49.19041], [16.517247, 49.190282], [16.516749, 49.190389], [16.516262, 49.190666], [16.516177, 49.19077], [16.515737, 49.191226], [16.515692, 49.19134], [16.515681, 49.191491], [16.515699, 49.191651], [16.515635, 49.191764], [16.515393, 49.192149], [16.515253, 49.192335], [16.515212, 49.19239], [16.515205, 49.192692], [16.515207, 49.192751], [16.515204, 49.192799], [16.515175, 49.192926], [16.515163, 49.192988], [16.51508, 49.193339], [16.514851, 49.193438], [16.514467, 49.193562], [16.513986, 49.193743], [16.513349, 49.19366], [16.51324, 49.193646], [16.513196, 49.19364], [16.513041, 49.193649], [16.512807, 49.19366], [16.512554, 49.193719], [16.512421, 49.193789], [16.512011, 49.194067], [16.511743, 49.194283], [16.511604, 49.19445], [16.511419, 49.194708], [16.511284, 49.194945], [16.511205, 49.195019], [16.511175, 49.195073], [16.510749, 49.195925], [16.510739, 49.195937], [16.510267, 49.195489], [16.509825, 49.19503], [16.509606, 49.194665], [16.509211, 49.194213], [16.506275, 49.194348], [16.504471, 49.194431], [16.504378, 49.194453], [16.504302, 49.194438], [16.504273, 49.194415], [16.504594, 49.194046], [16.504694, 49.193878], [16.504838, 49.193448], [16.503528, 49.193488], [16.502906, 49.193491], [16.502469, 49.193494], [16.502278, 49.193492], [16.501847, 49.193511], [16.501447, 49.193594], [16.501389, 49.193596], [16.50134, 49.193596], [16.501238, 49.193593], [16.501098, 49.193565], [16.500864, 49.193468], [16.500284, 49.193468], [16.500154, 49.193471], [16.499894, 49.193433], [16.499594, 49.193473], [16.499345, 49.193478], [16.499112, 49.193512], [16.499044, 49.193523], [16.498686, 49.193495], [16.498275, 49.193506], [16.497671, 49.193686], [16.496972, 49.193745], [16.49626, 49.19388], [16.495795, 49.193903], [16.495506, 49.193891], [16.495264, 49.193906], [16.494967, 49.194015], [16.494782, 49.194027], [16.494738, 49.193674], [16.494805, 49.192896], [16.494848, 49.192678], [16.494881, 49.191933], [16.494818, 49.191689], [16.494508, 49.191161], [16.494487, 49.190974], [16.494496, 49.190929], [16.494507, 49.190694], [16.494498, 49.190262], [16.494553, 49.189823], [16.494544, 49.189725], [16.494546, 49.189614], [16.494605, 49.189287], [16.494502, 49.189022], [16.494472, 49.188684], [16.494564, 49.188437], [16.494686, 49.188247], [16.494722, 49.187967], [16.494628, 49.187602], [16.494608, 49.187323], [16.494566, 49.187044], [16.494615, 49.186745], [16.494703, 49.186587], [16.494745, 49.186476], [16.494794, 49.186373], [16.494941, 49.186225], [16.49507, 49.186121], [16.495171, 49.186071], [16.495508, 49.185936], [16.496056, 49.185556], [16.496376, 49.185429], [16.497289, 49.185108], [16.497533, 49.184996], [16.497495, 49.184885], [16.497479, 49.184836], [16.497435, 49.184781], [16.497332, 49.184716], [16.497167, 49.184624], [16.497, 49.184551], [16.496944, 49.18452], [16.496876, 49.184486], [16.497505, 49.18416], [16.49884, 49.183567], [16.500756, 49.182856], [16.504717, 49.181561], [16.504788, 49.181542], [16.504896, 49.181516], [16.504949, 49.181504], [16.505346, 49.18137], [16.50553, 49.181309], [16.505702, 49.18125], [16.507069, 49.180788], [16.50743, 49.180666], [16.507433, 49.180666], [16.507565, 49.180621], [16.509866, 49.179847], [16.510475, 49.179666], [16.510589, 49.179632], [16.511495, 49.179362], [16.512209, 49.179255], [16.512384, 49.179234], [16.512618, 49.179252], [16.512865, 49.179311], [16.513045, 49.179162], [16.514176, 49.178215], [16.514857, 49.178426], [16.515754, 49.177737], [16.516712, 49.176985], [16.517531, 49.176332], [16.51826, 49.175768], [16.518162, 49.17535], [16.518415, 49.175137], [16.5184, 49.175111], [16.518555, 49.174929], [16.518688, 49.174552], [16.518686, 49.174528], [16.51841, 49.17331], [16.518182, 49.172213], [16.51801, 49.171576], [16.517968, 49.171421], [16.520225, 49.170121], [16.520593, 49.169909], [16.520833, 49.169788], [16.521166, 49.169637], [16.521524, 49.169539], [16.521622, 49.169466], [16.521694, 49.16943], [16.521881, 49.169336], [16.522878, 49.168866], [16.523161, 49.168743], [16.525727, 49.167731], [16.525945, 49.167615], [16.525966, 49.167589], [16.527059, 49.166391], [16.528286, 49.165447], [16.528375, 49.165226], [16.528418, 49.165206], [16.528657, 49.165038], [16.528711, 49.164988], [16.529076, 49.164646], [16.529422, 49.16432], [16.529763, 49.164538], [16.530234, 49.164864], [16.530861, 49.165395], [16.53114, 49.165686], [16.531433, 49.166059], [16.531817, 49.166625], [16.531754, 49.166642], [16.531796, 49.166798], [16.531735, 49.166931], [16.532456, 49.167242], [16.533463, 49.167503], [16.534408, 49.167631], [16.534963, 49.167716], [16.535778, 49.1678], [16.535771, 49.167824], [16.536338, 49.167813], [16.536984, 49.167771], [16.537221, 49.167921], [16.537413, 49.168023], [16.537946, 49.16791], [16.538693, 49.168439], [16.538756, 49.168484], [16.539251, 49.168831], [16.539298, 49.168863], [16.539694, 49.169142], [16.540056, 49.169398], [16.540066, 49.169404], [16.540662, 49.169825], [16.541278, 49.169548], [16.541889, 49.169251], [16.541995, 49.1692], [16.542031, 49.169184], [16.542053, 49.169174], [16.542676, 49.168889], [16.543266, 49.168607], [16.543332, 49.168663], [16.544052, 49.169321], [16.544081, 49.169348], [16.54504, 49.170224], [16.54614, 49.169787], [16.546339, 49.169708], [16.548551, 49.16884], [16.548934, 49.168677], [16.54915, 49.168928], [16.549257, 49.169035], [16.549512, 49.169298], [16.549589, 49.169378], [16.55049, 49.170328], [16.550582, 49.170432], [16.550602, 49.170455], [16.550621, 49.170478], [16.550646, 49.170505], [16.550733, 49.170607], [16.550768, 49.170646], [16.550786, 49.170667], [16.550814, 49.170698], [16.550838, 49.170726], [16.550912, 49.170804], [16.550934, 49.170829], [16.551005, 49.170903], [16.551167, 49.171078], [16.551213, 49.171126], [16.551266, 49.171182], [16.551309, 49.17123], [16.551359, 49.171285], [16.551926, 49.171857], [16.551915, 49.171979], [16.551904, 49.172109], [16.551873, 49.172258], [16.551844, 49.172405], [16.551642, 49.172752], [16.551849, 49.172729], [16.552601, 49.172617], [16.552704, 49.172593], [16.552799, 49.172562], [16.552906, 49.172513], [16.552977, 49.172467], [16.553074, 49.172483], [16.553196, 49.172503], [16.553264, 49.172516], [16.553002, 49.172917], [16.552892, 49.173117], [16.552828, 49.173215], [16.55276, 49.173196], [16.552654, 49.173361], [16.552599, 49.173447], [16.552624, 49.173564], [16.552582, 49.173597], [16.552539, 49.173629], [16.552526, 49.173637], [16.55246, 49.173679], [16.552373, 49.173722], [16.552294, 49.173754], [16.552108, 49.173817], [16.552266, 49.173845], [16.551302, 49.174869], [16.551128, 49.174912], [16.551073, 49.174925], [16.550856, 49.174949], [16.550626, 49.174977], [16.550575, 49.174929], [16.550008, 49.17444], [16.549988, 49.17445], [16.549972, 49.174456], [16.549824, 49.174521], [16.549768, 49.174543], [16.549667, 49.174591], [16.54965, 49.174596], [16.549462, 49.174683], [16.549236, 49.174783], [16.549139, 49.174853], [16.548927, 49.174997], [16.548775, 49.175166], [16.548618, 49.175345], [16.548441, 49.175542], [16.548307, 49.175686], [16.548029, 49.176063], [16.547774, 49.176436], [16.547715, 49.176512], [16.547423, 49.17688], [16.547187, 49.177145], [16.547012, 49.177338], [16.546863, 49.177546], [16.5467, 49.177836], [16.546351, 49.17837], [16.546302, 49.178485], [16.546251, 49.178563], [16.545906, 49.179054], [16.545782, 49.179206], [16.54566, 49.179346], [16.545914, 49.179506], [16.545862, 49.179572], [16.545851, 49.179582], [16.545853, 49.179623], [16.545692, 49.179815], [16.545606, 49.179941], [16.545521, 49.180084], [16.545425, 49.180353], [16.545324, 49.180716], [16.545324, 49.180916], [16.545316, 49.181315], [16.545361, 49.181524], [16.545365, 49.181742], [16.545284, 49.181884], [16.545275, 49.182088], [16.545434, 49.182322], [16.545442, 49.182898], [16.545509, 49.183226], [16.545496, 49.183584], [16.545357, 49.183951], [16.545131, 49.18442], [16.545137, 49.184584], [16.54519, 49.184797], [16.543778, 49.185132], [16.543792, 49.185244], [16.543233, 49.185256], [16.542234, 49.185456], [16.53891, 49.186358], [16.537305, 49.186713], [16.536334, 49.187078]]]}}, {"type": "Feature", "properties": {"zone_id": 20398997, "name": "Brno-Kohoutovice", "admin_level": "9", "source": "OSM relation 20398997"}, "geometry": {"type": "Polygon", "coordinates": [[[16.560521, 49.196354], [16.560682, 49.196386], [16.560744, 49.196423], [16.560783, 49.196477], [16.560798, 49.196555], [16.560729, 49.196723], [16.560553, 49.196956], [16.560477, 49.197071], [16.560392, 49.197155], [16.560303, 49.197231], [16.560406, 49.197246], [16.56024, 49.197352], [16.560068, 49.197448], [16.559884, 49.197544], [16.559735, 49.197634], [16.559582, 49.197762], [16.55956, 49.197882], [16.559537, 49.197925], [16.559362, 49.1978], [16.558801, 49.197978], [16.558633, 49.198045], [16.558492, 49.198126], [16.558338, 49.1982], [16.55822, 49.198309], [16.558134, 49.198406], [16.557992, 49.198521], [16.558012, 49.198533], [16.557888, 49.198639], [16.557579, 49.198835], [16.557428, 49.19891], [16.557304, 49.198982], [16.5572, 49.199013], [16.557115, 49.199036], [16.557089, 49.199022], [16.556998, 49.199043], [16.556886, 49.199062], [16.55687, 49.199054], [16.556757, 49.199055], [16.556783, 49.199077], [16.55667, 49.19907], [16.556397, 49.199034], [16.556229, 49.199047], [16.555867, 49.199103], [16.555733, 49.199119], [16.555723, 49.199126], [16.555552, 49.199114], [16.555408, 49.1991], [16.554964, 49.199185], [16.554544, 49.199237], [16.554464, 49.199236], [16.554674, 49.199608], [16.554833, 49.199837], [16.554621, 49.199864], [16.554205, 49.199866], [16.553424, 49.199817], [16.552919, 49.199745], [16.55264, 49.200064], [16.552597, 49.200262], [16.552643, 49.200393], [16.552693, 49.200482], [16.553147, 49.20084], [16.552591, 49.201093], [16.551824, 49.201363], [16.551633, 49.201399], [16.55125, 49.201531], [16.550767, 49.201618], [16.550196, 49.201866], [16.549817, 49.202012], [16.549419, 49.202069], [16.549265, 49.20163], [16.549232, 49.201412], [16.549216, 49.201162], [16.549161, 49.200834], [16.548939, 49.200411], [16.548936, 49.200191], [16.5488, 49.200192], [16.548649, 49.200232], [16.548223, 49.200298], [16.54791, 49.200324], [16.547691, 49.200365], [16.547475, 49.200385], [16.546997, 49.200522], [16.546469, 49.200626], [16.54605, 49.200677], [16.545778, 49.200686], [16.545356, 49.200649], [16.545378, 49.200569], [16.544797, 49.200387], [16.544258, 49.200268], [16.543812, 49.200227], [16.543264, 49.200175], [16.542931, 49.200261], [16.542465, 49.2003], [16.541926, 49.200563], [16.5412, 49.20068], [16.54084, 49.200738], [16.540766, 49.200854], [16.540538, 49.201114], [16.540137, 49.201237], [16.54004, 49.201304], [16.539585, 49.201612], [16.539078, 49.201811], [16.538708, 49.201995], [16.538192, 49.202175], [16.537749, 49.202352], [16.536874, 49.202728], [16.536759, 49.202749], [16.536459, 49.202803], [16.536403, 49.202814], [16.536246, 49.202855], [16.535807, 49.202973], [16.535499, 49.203049], [16.535362, 49.203082], [16.535203, 49.203122], [16.535062, 49.202898], [16.535008, 49.202673], [16.53494, 49.202345], [16.534884, 49.202179], [16.53472, 49.20194], [16.534576, 49.201775], [16.534125, 49.201456], [16.533661, 49.201033], [16.532991, 49.200639], [16.532753, 49.200495], [16.532712, 49.200508], [16.532665, 49.20044], [16.532639, 49.200422], [16.532628, 49.20041], [16.532611, 49.200376], [16.532501, 49.200182], [16.532444, 49.200081], [16.532346, 49.199915], [16.532301, 49.199883], [16.532267, 49.199856], [16.532067, 49.199689], [16.531944, 49.199595], [16.531815, 49.199487], [16.531711, 49.199415], [16.53159, 49.199327], [16.531425, 49.199212], [16.531166, 49.199094], [16.53069, 49.199016], [16.530476, 49.19866], [16.5304, 49.198524], [16.530083, 49.198544], [16.529709, 49.198606], [16.529539, 49.198189], [16.529305, 49.19758], [16.529141, 49.197026], [16.528792, 49.196308], [16.528548, 49.195919], [16.528409, 49.195726], [16.528, 49.1952], [16.527718, 49.194818], [16.527223, 49.194217], [16.526635, 49.193463], [16.52634, 49.193073], [16.526155, 49.192903], [16.525945, 49.192714], [16.525278, 49.192151], [16.52508, 49.191867], [16.524987, 49.191753], [16.524441, 49.19128], [16.524169, 49.19124], [16.524735, 49.190911], [16.525452, 49.190599], [16.525591, 49.19056], [16.525602, 49.19052], [16.525784, 49.190409], [16.526164, 49.190312], [16.526166, 49.190154], [16.525364, 49.190129], [16.525375, 49.189732], [16.528054, 49.189724], [16.528378, 49.18944], [16.529688, 49.189027], [16.533512, 49.187131], [16.534605, 49.18652], [16.535697, 49.186924], [16.535936, 49.186815], [16.536334, 49.187078], [16.537305, 49.186713], [16.53891, 49.186358], [16.542234, 49.185456], [16.543233, 49.185256], [16.543792, 49.185244], [16.543778, 49.185132], [16.54519, 49.184797], [16.546532, 49.185166], [16.546577, 49.185178], [16.546793, 49.185188], [16.547097, 49.185172], [16.547574, 49.185122], [16.547877, 49.185088], [16.54803, 49.185074], [16.548267, 49.185046], [16.549149, 49.18484], [16.550325, 49.184567], [16.554049, 49.183717], [16.554771, 49.183547], [16.555079, 49.183478], [16.555752, 49.183325], [16.555996, 49.183276], [16.556142, 49.18359], [16.55628, 49.183659], [16.556269, 49.183645], [16.556714, 49.184161], [16.556978, 49.184564], [16.557221, 49.184867], [16.557417, 49.185229], [16.557473, 49.185579], [16.557332, 49.185944], [16.557347, 49.186397], [16.557345, 49.186838], [16.557747, 49.18687], [16.558018, 49.186888], [16.558466, 49.186913], [16.558712, 49.18692], [16.558964, 49.186861], [16.559164, 49.186818], [16.559446, 49.186754], [16.55994, 49.18662], [16.560618, 49.1864], [16.560906, 49.186296], [16.561912, 49.185927], [16.562643, 49.185709], [16.562832, 49.18566], [16.56294, 49.185629], [16.562999, 49.185614], [16.563251, 49.185543], [16.563382, 49.185513], [16.564187, 49.185215], [16.564969, 49.185189], [16.565165, 49.185142], [16.565137, 49.185185], [16.565011, 49.185313], [16.56478, 49.185564], [16.564367, 49.18595], [16.564393, 49.185945], [16.5639, 49.186533], [16.563501, 49.186894], [16.56306, 49.187339], [16.562725, 49.187903], [16.56259, 49.188366], [16.56255, 49.188563], [16.562503, 49.188958], [16.562492, 49.189273], [16.5625, 49.189694], [16.562582, 49.190147], [16.562716, 49.190518], [16.563107, 49.191026], [16.563315, 49.191261], [16.56333, 49.191259], [16.563345, 49.191259], [16.563358, 49.191261], [16.563372, 49.191265], [16.563385, 49.19127], [16.563397, 49.191278], [16.5636, 49.191469], [16.563789, 49.19169], [16.563957, 49.192006], [16.564207, 49.192259], [16.564457, 49.192382], [16.564533, 49.192599], [16.564524, 49.192612], [16.56447, 49.192624], [16.564306, 49.192668], [16.564277, 49.192667], [16.564144, 49.192675], [16.564128, 49.19268], [16.564107, 49.192685], [16.564124, 49.192718], [16.564105, 49.192749], [16.564065, 49.192785], [16.564019, 49.192812], [16.563973, 49.192833], [16.563893, 49.192864], [16.5638, 49.192901], [16.563873, 49.192993], [16.563891, 49.193013], [16.563917, 49.193005], [16.564018, 49.192984], [16.564181, 49.192962], [16.564379, 49.192947], [16.564528, 49.192948], [16.564643, 49.192954], [16.564805, 49.192971], [16.56492, 49.19299], [16.565064, 49.19302], [16.565292, 49.193083], [16.565869, 49.193251], [16.565904, 49.193278], [16.565909, 49.193289], [16.565911, 49.193301], [16.565908, 49.193314], [16.565902, 49.193324], [16.565892, 49.193334], [16.565882, 49.193341], [16.565877, 49.193347], [16.565867, 49.193353], [16.565856, 49.193356], [16.56575, 49.193365], [16.56565, 49.193373], [16.565523, 49.193405], [16.565417, 49.193439], [16.565399, 49.19345], [16.565182, 49.193618], [16.565112, 49.193684], [16.565015, 49.193808], [16.565003, 49.193837], [16.564469, 49.193864], [16.564245, 49.193898], [16.56419, 49.193889], [16.563951, 49.193936], [16.563922, 49.193981], [16.563665, 49.194037], [16.563592, 49.194029], [16.563466, 49.194064], [16.563251, 49.194117], [16.562908, 49.194202], [16.562787, 49.194246], [16.562665, 49.194295], [16.562552, 49.194344], [16.562513, 49.194367], [16.56247, 49.194386], [16.562419, 49.194401], [16.562367, 49.194411], [16.562324, 49.194425], [16.562024, 49.194504], [16.561375, 49.194645], [16.561399, 49.194757], [16.561418, 49.194805], [16.561432, 49.194864], [16.561501, 49.195206], [16.56157, 49.195414], [16.561607, 49.19555], [16.561699, 49.195673], [16.561765, 49.1958], [16.561812, 49.19593], [16.5618, 49.195935], [16.561651, 49.19594], [16.56156, 49.195927], [16.561245, 49.196066], [16.5611, 49.1961], [16.560998, 49.196127], [16.560915, 49.196161], [16.56084, 49.196194], [16.560618, 49.196254], [16.560582, 49.196259], [16.560589, 49.196288], [16.560573, 49.196329], [16.560521, 49.196354]]]}}, {"type": "Feature", "properties": {"zone_id": 20398998, "name": "Brno-Starý Lískovec", "admin_level": "9", "source": "OSM relation 20398998"}, "geometry": {"type": "Polygon", "coordinates": [[[16.548934, 49.168677], [16.54915, 49.168928], [16.549257, 49.169035], [16.549512, 49.169298], [16.549589, 49.169378], [16.55049, 49.170328], [16.550582, 49.170432], [16.550602, 49.170455], [16.550621, 49.170478], [16.550646, 49.170505], [16.550733, 49.170607], [16.550768, 49.170646], [16.550786, 49.170667], [16.550814, 49.170698], [16.550838, 49.170726], [16.550912, 49.170804], [16.550934, 49.170829], [16.551005, 49.170903], [16.551167, 49.171078], [16.551213, 49.171126], [16.551266, 49.171182], [16.551309, 49.17123], [16.551359, 49.171285], [16.551926, 49.171857], [16.551915, 49.171979], [16.551904, 49.172109], [16.551873, 49.172258], [16.551844, 49.172405], [16.551642, 49.172752], [16.551849, 49.172729], [16.552601, 49.172617], [16.552704, 49.172593], [16.552799, 49.172562], [16.552906, 49.172513], [16.552977, 49.172467], [16.553074, 49.172483], [16.553196, 49.172503], [16.553264, 49.172516], [16.553002, 49.172917], [16.552892, 49.173117], [16.552828, 49.173215], [16.553489, 49.173285], [16.555342, 49.173462], [16.555324, 49.173495], [16.555688, 49.173516], [16.557015, 49.173612], [16.557472, 49.173642], [16.557493, 49.173669], [16.557512, 49.173682], [16.558554, 49.173752], [16.558576, 49.173743], [16.558651, 49.173721], [16.559086, 49.17375], [16.560649, 49.173858], [16.560842, 49.173871], [16.561203, 49.17392], [16.561364, 49.174067], [16.561376, 49.174082], [16.56166, 49.174504], [16.561928, 49.174813], [16.562074, 49.175007], [16.562133, 49.175112], [16.562189, 49.17521], [16.562322, 49.175444], [16.562494, 49.175734], [16.562596, 49.175984], [16.562694, 49.176293], [16.562762, 49.176571], [16.562798, 49.176855], [16.562925, 49.176854], [16.563042, 49.176852], [16.5632, 49.176899], [16.56321, 49.176903], [16.563312, 49.17689], [16.5641, 49.176778], [16.564965, 49.176657], [16.565167, 49.17665], [16.565312, 49.176645], [16.565449, 49.176633], [16.565518, 49.176628], [16.565589, 49.176622], [16.565725, 49.176613], [16.565798, 49.176605], [16.565935, 49.176594], [16.567033, 49.176511], [16.56709, 49.176508], [16.567803, 49.176471], [16.568023, 49.176465], [16.568144, 49.176468], [16.568523, 49.176419], [16.568571, 49.176413], [16.569587, 49.176346], [16.570751, 49.176297], [16.5714, 49.176311], [16.572828, 49.176756], [16.57267, 49.17548], [16.572476, 49.173931], [16.571868, 49.173964], [16.570524, 49.174037], [16.57052, 49.173988], [16.570515, 49.173832], [16.570514, 49.17379], [16.571084, 49.173761], [16.57114, 49.173754], [16.571185, 49.173739], [16.571222, 49.173713], [16.571241, 49.173678], [16.57125, 49.173619], [16.571247, 49.173563], [16.571231, 49.173506], [16.571191, 49.173422], [16.571142, 49.173348], [16.571072, 49.17327], [16.570909, 49.173151], [16.57064, 49.173027], [16.57049, 49.172983], [16.570482, 49.172722], [16.570277, 49.172647], [16.570083, 49.172567], [16.569929, 49.172493], [16.569848, 49.17245], [16.56975, 49.172381], [16.569671, 49.172322], [16.569606, 49.172268], [16.569518, 49.172181], [16.569454, 49.172103], [16.569418, 49.172052], [16.569412, 49.172022], [16.569421, 49.172], [16.569441, 49.171984], [16.569458, 49.171975], [16.569491, 49.171968], [16.569483, 49.171942], [16.569455, 49.171878], [16.569373, 49.171878], [16.569347, 49.17188], [16.569305, 49.171873], [16.569255, 49.171844], [16.56923, 49.171796], [16.569212, 49.171692], [16.569203, 49.171597], [16.569198, 49.171438], [16.569197, 49.171324], [16.569193, 49.171074], [16.56918, 49.170944], [16.569161, 49.170818], [16.56915, 49.170769], [16.569132, 49.170691], [16.569121, 49.170655], [16.569087, 49.170564], [16.56906, 49.170502], [16.56903, 49.170442], [16.56898, 49.17036], [16.568972, 49.170344], [16.568956, 49.170319], [16.568845, 49.170177], [16.568827, 49.170156], [16.568756, 49.170083], [16.568649, 49.169983], [16.568532, 49.16989], [16.568409, 49.169805], [16.568282, 49.169728], [16.568142, 49.169653], [16.567878, 49.169527], [16.567746, 49.16947], [16.567442, 49.169342], [16.567285, 49.169273], [16.567138, 49.169202], [16.566995, 49.169129], [16.566833, 49.169033], [16.566713, 49.168945], [16.566629, 49.16887], [16.566541, 49.168777], [16.566502, 49.168721], [16.56649, 49.168706], [16.566473, 49.16868], [16.566452, 49.168647], [16.566423, 49.168589], [16.566399, 49.168525], [16.566381, 49.168475], [16.566369, 49.168429], [16.566356, 49.168355], [16.566353, 49.168228], [16.566375, 49.168109], [16.566415, 49.167994], [16.566464, 49.167897], [16.566548, 49.167772], [16.566667, 49.167646], [16.566785, 49.167552], [16.566919, 49.167464], [16.566938, 49.16745], [16.567071, 49.167385], [16.567231, 49.167315], [16.567395, 49.16725], [16.567564, 49.167188], [16.567727, 49.16713], [16.567761, 49.167119], [16.567944, 49.167055], [16.568106, 49.166997], [16.568275, 49.166934], [16.568325, 49.166916], [16.568433, 49.166872], [16.568597, 49.166799], [16.568756, 49.166718], [16.568898, 49.166634], [16.569033, 49.166538], [16.569159, 49.166436], [16.569202, 49.166398], [16.569259, 49.166361], [16.569272, 49.166356], [16.569327, 49.166335], [16.569336, 49.166333], [16.569375, 49.166325], [16.569426, 49.166324], [16.569475, 49.166302], [16.569743, 49.166185], [16.570083, 49.166325], [16.570406, 49.16646], [16.570587, 49.166246], [16.571044, 49.164712], [16.571061, 49.164711], [16.571078, 49.164712], [16.571178, 49.164714], [16.57129, 49.164715], [16.571794, 49.164722], [16.571934, 49.164708], [16.572074, 49.164695], [16.572347, 49.164672], [16.572527, 49.164686], [16.572574, 49.16469], [16.572815, 49.164678], [16.572853, 49.162399], [16.574327, 49.162414], [16.574327, 49.162374], [16.574328, 49.16235], [16.574347, 49.162213], [16.574367, 49.162019], [16.574745, 49.161808], [16.574896, 49.161725], [16.575029, 49.161749], [16.57512, 49.161589], [16.575138, 49.161566], [16.574801, 49.161379], [16.574659, 49.161368], [16.574569, 49.161354], [16.574598, 49.16129], [16.574676, 49.161197], [16.574802, 49.160991], [16.574827, 49.160931], [16.57487, 49.16081], [16.574896, 49.16075], [16.574939, 49.160632], [16.574999, 49.160474], [16.575168, 49.160272], [16.575201, 49.160238], [16.575328, 49.160087], [16.575388, 49.160013], [16.575457, 49.159935], [16.574883, 49.159649], [16.574152, 49.159274], [16.574117, 49.15926], [16.574361, 49.159101], [16.574861, 49.158672], [16.575949, 49.157664], [16.576242, 49.157363], [16.576634, 49.156886], [16.576504, 49.156828], [16.575963, 49.156589], [16.575355, 49.156349], [16.575112, 49.15625], [16.574907, 49.156172], [16.574719, 49.156106], [16.574627, 49.15607], [16.574537, 49.156044], [16.574365, 49.155987], [16.573866, 49.155846], [16.573788, 49.155824], [16.573686, 49.155803], [16.573383, 49.155735], [16.573193, 49.155688], [16.572749, 49.155584], [16.572664, 49.155559], [16.57236, 49.155482], [16.572149, 49.155435], [16.571873, 49.155365], [16.571604, 49.155307], [16.571285, 49.155243], [16.57116, 49.15522], [16.571035, 49.155192], [16.570962, 49.15518], [16.570562, 49.155084], [16.570399, 49.155053], [16.570132, 49.154994], [16.569752, 49.154914], [16.569608, 49.154889], [16.569609, 49.154881], [16.569473, 49.154858], [16.56921, 49.154804], [16.569073, 49.15477], [16.568774, 49.1547], [16.568494, 49.154641], [16.568426, 49.15462], [16.568354, 49.154606], [16.568213, 49.154575], [16.56803, 49.154534], [16.567302, 49.154382], [16.567248, 49.154369], [16.567186, 49.154361], [16.566993, 49.154331], [16.56692, 49.154316], [16.566796, 49.154298], [16.566653, 49.154279], [16.566595, 49.154267], [16.566359, 49.154284], [16.566069, 49.154309], [16.56592, 49.154332], [16.565786, 49.15435], [16.565645, 49.154375], [16.565503, 49.154389], [16.565107, 49.154403], [16.564976, 49.154415], [16.564851, 49.15442], [16.564735, 49.154419], [16.56468, 49.154421], [16.564447, 49.154417], [16.564255, 49.154409], [16.564077, 49.154407], [16.563961, 49.154402], [16.564014, 49.154005], [16.564064, 49.153717], [16.564072, 49.153689], [16.563961, 49.153673], [16.563904, 49.153661], [16.563828, 49.153663], [16.563791, 49.153671], [16.563705, 49.153697], [16.563514, 49.153717], [16.56331, 49.153738], [16.563152, 49.153776], [16.562995, 49.153819], [16.562813, 49.153841], [16.562632, 49.153866], [16.562461, 49.153885], [16.561989, 49.153222], [16.561205, 49.152249], [16.561049, 49.152279], [16.560979, 49.152295], [16.560907, 49.152308], [16.560833, 49.152323], [16.560756, 49.152335], [16.560673, 49.152352], [16.56056, 49.152368], [16.560157, 49.152436], [16.559811, 49.152495], [16.55858, 49.152827], [16.558564, 49.152831], [16.558544, 49.152836], [16.558458, 49.152857], [16.558432, 49.152864], [16.55841, 49.152876], [16.558376, 49.152895], [16.558365, 49.1529], [16.558302, 49.152935], [16.558281, 49.152946], [16.55812, 49.153033], [16.558053, 49.153071], [16.558026, 49.153085], [16.55795, 49.153128], [16.557873, 49.153177], [16.557862, 49.153186], [16.5578, 49.153225], [16.55768, 49.153306], [16.557627, 49.153341], [16.557309, 49.153551], [16.557192, 49.153629], [16.556485, 49.154124], [16.557659, 49.155411], [16.557777, 49.15554], [16.557799, 49.155564], [16.557515, 49.155688], [16.557361, 49.155755], [16.55655, 49.156111], [16.555627, 49.156459], [16.555449, 49.156526], [16.555445, 49.156594], [16.554874, 49.156792], [16.554834, 49.156812], [16.554743, 49.157104], [16.554758, 49.157246], [16.554743, 49.15744], [16.554826, 49.157722], [16.554816, 49.158031], [16.554716, 49.158344], [16.554707, 49.158396], [16.554715, 49.158453], [16.554741, 49.15852], [16.554807, 49.15863], [16.554663, 49.158914], [16.554502, 49.159139], [16.553968, 49.159649], [16.553611, 49.159986], [16.553588, 49.160046], [16.553464, 49.160367], [16.553429, 49.160758], [16.553422, 49.160829], [16.553422, 49.160845], [16.553517, 49.160924], [16.553846, 49.161629], [16.553857, 49.161697], [16.553885, 49.161803], [16.553891, 49.161834], [16.553904, 49.161878], [16.553912, 49.161912], [16.553919, 49.161931], [16.553935, 49.162003], [16.553961, 49.162086], [16.55396, 49.16212], [16.553965, 49.16217], [16.553979, 49.162343], [16.553974, 49.162376], [16.553974, 49.162398], [16.553974, 49.162427], [16.553949, 49.162466], [16.553907, 49.162535], [16.553901, 49.162551], [16.553856, 49.162564], [16.553563, 49.162871], [16.553136, 49.163497], [16.552822, 49.163785], [16.55283, 49.163803], [16.552802, 49.163844], [16.552778, 49.16393], [16.552831, 49.164019], [16.553104, 49.164226], [16.553204, 49.164301], [16.553264, 49.164368], [16.553229, 49.16437], [16.553108, 49.16438], [16.552985, 49.164406], [16.552893, 49.164429], [16.552862, 49.164439], [16.552751, 49.164483], [16.552638, 49.164527], [16.552575, 49.164554], [16.552526, 49.164576], [16.552285, 49.164686], [16.552142, 49.164751], [16.551869, 49.164879], [16.551597, 49.165005], [16.551537, 49.165028], [16.551401, 49.165166], [16.551213, 49.165401], [16.551177, 49.165445], [16.551062, 49.165532], [16.550964, 49.165602], [16.550846, 49.165715], [16.550827, 49.165727], [16.550809, 49.165734], [16.550643, 49.165762], [16.550208, 49.165809], [16.549871, 49.165921], [16.549777, 49.165952], [16.549737, 49.165983], [16.549701, 49.166009], [16.549607, 49.166076], [16.549557, 49.16612], [16.549519, 49.166174], [16.549441, 49.166275], [16.549414, 49.166327], [16.54939, 49.166363], [16.549344, 49.166401], [16.549282, 49.16649], [16.549156, 49.166679], [16.549126, 49.166707], [16.549102, 49.166716], [16.549094, 49.166722], [16.549073, 49.166742], [16.549061, 49.166752], [16.549044, 49.166768], [16.549083, 49.16679], [16.549036, 49.166844], [16.548936, 49.166947], [16.548766, 49.167066], [16.548592, 49.167173], [16.548426, 49.16729], [16.548243, 49.167395], [16.548102, 49.167481], [16.548065, 49.167503], [16.547991, 49.167555], [16.547875, 49.167601], [16.547814, 49.167626], [16.547888, 49.167694], [16.548392, 49.168169], [16.548414, 49.16819], [16.548859, 49.168608], [16.54889, 49.168636], [16.548934, 49.168677]]]}}, {"type": "Feature", "properties": {"zone_id": 20398999, "name": "Brno-Nový Lískovec", "admin_level": "9", "source": "OSM relation 20398999"}, "geometry": {"type": "Polygon", "coordinates": [[[16.564965, 49.176657], [16.5641, 49.176778], [16.563312, 49.17689], [16.56321, 49.176903], [16.5632, 49.176899], [16.563042, 49.176852], [16.562925, 49.176854], [16.562798, 49.176855], [16.562762, 49.176571], [16.562694, 49.176293], [16.562596, 49.175984], [16.562494, 49.175734], [16.562322, 49.175444], [16.562189, 49.17521], [16.562133, 49.175112], [16.562074, 49.175007], [16.561928, 49.174813], [16.56166, 49.174504], [16.561376, 49.174082], [16.561364, 49.174067], [16.561203, 49.17392], [16.560842, 49.173871], [16.560649, 49.173858], [16.559086, 49.17375], [16.558651, 49.173721], [16.558576, 49.173743], [16.558554, 49.173752], [16.557512, 49.173682], [16.557493, 49.173669], [16.557472, 49.173642], [16.557015, 49.173612], [16.555688, 49.173516], [16.555324, 49.173495], [16.555342, 49.173462], [16.553489, 49.173285], [16.552828, 49.173215], [16.55276, 49.173196], [16.552654, 49.173361], [16.552599, 49.173447], [16.552624, 49.173564], [16.552582, 49.173597], [16.552539, 49.173629], [16.552526, 49.173637], [16.55246, 49.173679], [16.552373, 49.173722], [16.552294, 49.173754], [16.552108, 49.173817], [16.552266, 49.173845], [16.551302, 49.174869], [16.551128, 49.174912], [16.551073, 49.174925], [16.550856, 49.174949], [16.550626, 49.174977], [16.550575, 49.174929], [16.550008, 49.17444], [16.549988, 49.17445], [16.549972, 49.174456], [16.549824, 49.174521], [16.549768, 49.174543], [16.549667, 49.174591], [16.54965, 49.174596], [16.549462, 49.174683], [16.549236, 49.174783], [16.549139, 49.174853], [16.548927, 49.174997], [16.548775, 49.175166], [16.548618, 49.175345], [16.548441, 49.175542], [16.548307, 49.175686], [16.548029, 49.176063], [16.547774, 49.176436], [16.547715, 49.176512], [16.547423, 49.17688], [16.547187, 49.177145], [16.547012, 49.177338], [16.546863, 49.177546], [16.5467, 49.177836], [16.546351, 49.17837], [16.546302, 49.178485], [16.546251, 49.178563], [16.545906, 49.179054], [16.545782, 49.179206], [16.54566, 49.179346], [16.545914, 49.179506], [16.545862, 49.179572], [16.545851, 49.179582], [16.545853, 49.179623], [16.545692, 49.179815], [16.545606, 49.179941], [16.545521, 49.180084], [16.545425, 49.180353], [16.545324, 49.180716], [16.545324, 49.180916], [16.545316, 49.181315], [16.545361, 49.181524], [16.545365, 49.181742], [16.545284, 49.181884], [16.545275, 49.182088], [16.545434, 49.182322], [16.545442, 49.182898], [16.545509, 49.183226], [16.545496, 49.183584], [16.545357, 49.183951], [16.545131, 49.18442], [16.545137, 49.184584], [16.54519, 49.184797], [16.546532, 49.185166], [16.546577, 49.185178], [16.546793, 49.185188], [16.547097, 49.185172], [16.547574, 49.185122], [16.547877, 49.185088], [16.54803, 49.185074], [16.548267, 49.185046], [16.549149, 49.18484], [16.550325, 49.184567], [16.554049, 49.183717], [16.554771, 49.183547], [16.555079, 49.183478], [16.555752, 49.183325], [16.555996, 49.183276], [16.556142, 49.18359], [16.55628, 49.183659], [16.556269, 49.183645], [16.556714, 49.184161], [16.556978, 49.184564], [16.557221, 49.184867], [16.557417, 49.185229], [16.557473, 49.185579], [16.557332, 49.185944], [16.557347, 49.186397], [16.557345, 49.186838], [16.557747, 49.18687], [16.558018, 49.186888], [16.558466, 49.186913], [16.558712, 49.18692], [16.558964, 49.186861], [16.559164, 49.186818], [16.559446, 49.186754], [16.55994, 49.18662], [16.560618, 49.1864], [16.560906, 49.186296], [16.561912, 49.185927], [16.562643, 49.185709], [16.562832, 49.18566], [16.56294, 49.185629], [16.562999, 49.185614], [16.563251, 49.185543], [16.563382, 49.185513], [16.564187, 49.185215], [16.564969, 49.185189], [16.565165, 49.185142], [16.565137, 49.185185], [16.565011, 49.185313], [16.565212, 49.185442], [16.565485, 49.185164], [16.56548, 49.185125], [16.565599, 49.185121], [16.565734, 49.185112], [16.565874, 49.185096], [16.566086, 49.185037], [16.56619, 49.185005], [16.566299, 49.184978], [16.566541, 49.184921], [16.566612, 49.184774], [16.566609, 49.184569], [16.566612, 49.18431], [16.566523, 49.184091], [16.566471, 49.183966], [16.566425, 49.183808], [16.566156, 49.183515], [16.566101, 49.183206], [16.566226, 49.183099], [16.566263, 49.18241], [16.566471, 49.181973], [16.564904, 49.181664], [16.564717, 49.181625], [16.564727, 49.181607], [16.564904, 49.181343], [16.564923, 49.181311], [16.565023, 49.181164], [16.565194, 49.180905], [16.565308, 49.180706], [16.565392, 49.180487], [16.565205, 49.18042], [16.565024, 49.180329], [16.565418, 49.179423], [16.564829, 49.179465], [16.564845, 49.179075], [16.564886, 49.178886], [16.564893, 49.178372], [16.564897, 49.178274], [16.564915, 49.178014], [16.564941, 49.177727], [16.564957, 49.177206], [16.564962, 49.176864], [16.564963, 49.176802], [16.564965, 49.176657]]]}}, {"type": "Feature", "properties": {"zone_id": 20399000, "name": "Brno-střed", "admin_level": "9", "source": "OSM relation 20399000"}, "geometry": {"type": "Polygon", "coordinates": [[[16.615478, 49.201668], [16.614352, 49.202885], [16.614338, 49.202894], [16.614317, 49.202895], [16.613765, 49.202866], [16.613754, 49.202927], [16.613736, 49.202927], [16.613699, 49.20294], [16.613693, 49.202946], [16.613453, 49.204875], [16.613506, 49.204887], [16.613391, 49.205846], [16.613376, 49.205908], [16.613343, 49.206006], [16.613307, 49.206078], [16.613227, 49.206201], [16.61315, 49.206288], [16.613066, 49.206362], [16.613035, 49.206384], [16.612938, 49.206449], [16.612752, 49.206546], [16.612261, 49.206759], [16.612163, 49.206816], [16.611948, 49.206975], [16.611051, 49.207672], [16.610474, 49.208127], [16.610288, 49.20829], [16.610229, 49.208344], [16.610188, 49.208394], [16.610123, 49.208462], [16.610088, 49.208509], [16.610052, 49.208539], [16.609968, 49.208655], [16.609888, 49.20878], [16.609849, 49.208847], [16.609794, 49.208954], [16.609722, 49.209131], [16.609699, 49.209215], [16.60969, 49.209296], [16.609689, 49.209368], [16.6097, 49.209465], [16.609559, 49.209535], [16.609524, 49.2095], [16.609464, 49.209445], [16.609396, 49.209394], [16.609238, 49.209287], [16.608898, 49.209125], [16.608877, 49.209112], [16.608732, 49.209047], [16.60871, 49.209038], [16.608651, 49.209013], [16.608561, 49.20898], [16.608323, 49.208896], [16.607703, 49.208699], [16.605765, 49.208011], [16.605703, 49.207987], [16.605687, 49.207976], [16.605488, 49.207886], [16.60496, 49.207728], [16.604877, 49.207717], [16.604742, 49.207702], [16.604691, 49.207689], [16.604525, 49.207718], [16.604515, 49.207723], [16.604458, 49.207828], [16.604412, 49.207844], [16.604399, 49.207853], [16.604374, 49.207878], [16.604036, 49.208459], [16.603973, 49.208533], [16.603626, 49.20914], [16.603621, 49.209173], [16.603623, 49.209184], [16.603629, 49.209196], [16.603635, 49.209201], [16.603662, 49.209212], [16.603628, 49.209272], [16.603588, 49.209269], [16.603571, 49.209272], [16.603558, 49.209279], [16.603536, 49.209298], [16.602917, 49.210372], [16.602912, 49.210407], [16.602666, 49.210331], [16.602639, 49.210344], [16.602619, 49.210352], [16.602571, 49.210354], [16.602531, 49.210345], [16.60249, 49.210413], [16.60177, 49.210224], [16.601053, 49.210032], [16.599654, 49.209667], [16.598603, 49.20939], [16.598568, 49.209387], [16.598547, 49.209387], [16.598528, 49.209391], [16.598497, 49.209399], [16.598346, 49.209374], [16.598338, 49.209351], [16.598326, 49.209335], [16.598301, 49.209315], [16.598282, 49.209306], [16.598268, 49.209301], [16.596451, 49.208828], [16.595202, 49.208497], [16.595166, 49.208488], [16.595142, 49.208484], [16.595119, 49.208483], [16.595091, 49.208489], [16.595077, 49.208496], [16.595067, 49.208504], [16.595055, 49.208525], [16.595047, 49.208534], [16.594418, 49.209561], [16.593781, 49.210607], [16.593615, 49.210893], [16.593611, 49.210927], [16.593612, 49.210938], [16.593626, 49.21096], [16.593638, 49.210968], [16.593665, 49.21098], [16.59371, 49.210993], [16.593674, 49.211054], [16.593628, 49.211042], [16.59338, 49.210981], [16.593393, 49.21094], [16.593393, 49.210915], [16.593382, 49.210891], [16.593367, 49.21087], [16.593346, 49.210852], [16.593324, 49.210838], [16.5933, 49.210826], [16.593245, 49.210808], [16.593208, 49.210797], [16.592839, 49.2107], [16.592428, 49.210596], [16.590629, 49.210126], [16.590671, 49.210053], [16.590714, 49.209738], [16.589971, 49.209535], [16.589786, 49.209429], [16.589915, 49.209343], [16.589997, 49.209271], [16.589406, 49.208983], [16.589016, 49.208783], [16.588999, 49.208776], [16.588871, 49.208711], [16.588762, 49.20865], [16.5887, 49.208612], [16.588577, 49.208539], [16.588545, 49.208515], [16.58854, 49.208518], [16.587898, 49.208151], [16.587532, 49.207945], [16.586895, 49.207592], [16.585996, 49.207135], [16.585848, 49.207095], [16.585931, 49.207037], [16.585653, 49.206926], [16.584756, 49.206293], [16.584234, 49.206031], [16.584214, 49.206015], [16.584059, 49.205957], [16.584069, 49.205945], [16.583848, 49.205757], [16.58366, 49.205649], [16.583338, 49.205472], [16.583308, 49.205355], [16.583245, 49.205116], [16.583196, 49.204896], [16.583182, 49.204863], [16.583171, 49.204844], [16.583154, 49.20482], [16.583139, 49.204805], [16.583122, 49.20479], [16.583102, 49.204776], [16.583079, 49.204764], [16.583054, 49.204753], [16.583028, 49.204744], [16.583001, 49.204738], [16.582957, 49.204729], [16.582927, 49.204726], [16.582869, 49.204725], [16.582684, 49.204743], [16.582669, 49.204745], [16.58267, 49.204753], [16.582563, 49.204765], [16.582541, 49.20468], [16.582504, 49.204473], [16.582492, 49.204374], [16.582491, 49.20426], [16.582488, 49.204227], [16.582519, 49.203975], [16.582551, 49.203735], [16.58257, 49.203615], [16.582581, 49.203504], [16.582586, 49.20349], [16.582613, 49.203294], [16.58201, 49.203258], [16.582011, 49.203266], [16.581392, 49.203146], [16.581373, 49.203214], [16.581019, 49.203238], [16.580936, 49.203156], [16.580789, 49.203217], [16.57994, 49.204099], [16.579637, 49.204277], [16.579596, 49.204293], [16.579562, 49.2043], [16.579511, 49.204302], [16.579194, 49.204149], [16.579059, 49.204095], [16.578549, 49.203861], [16.577713, 49.203443], [16.57723, 49.203169], [16.576924, 49.202979], [16.576758, 49.20287], [16.576732, 49.202855], [16.576722, 49.202846], [16.576718, 49.202838], [16.576717, 49.202825], [16.576723, 49.202812], [16.576737, 49.202795], [16.576713, 49.202784], [16.576587, 49.202729], [16.57636, 49.202566], [16.576108, 49.202395], [16.575685, 49.202121], [16.575394, 49.201919], [16.575114, 49.201767], [16.57505, 49.201723], [16.574178, 49.202273], [16.574196, 49.202303], [16.574063, 49.202587], [16.573754, 49.202799], [16.573384, 49.203052], [16.572823, 49.203257], [16.572613, 49.203269], [16.572599, 49.203282], [16.572273, 49.20347], [16.572171, 49.20348], [16.571903, 49.203236], [16.571486, 49.203116], [16.571205, 49.202897], [16.571179, 49.202877], [16.570952, 49.202627], [16.57055, 49.202305], [16.570371, 49.202133], [16.570415, 49.201976], [16.570412, 49.201766], [16.570178, 49.201583], [16.569951, 49.20146], [16.569678, 49.201054], [16.569246, 49.200661], [16.569215, 49.200514], [16.569317, 49.200395], [16.569184, 49.200128], [16.569178, 49.200142], [16.568337, 49.200566], [16.568323, 49.200567], [16.568324, 49.200571], [16.568216, 49.200584], [16.568025, 49.200603], [16.567999, 49.200604], [16.567913, 49.200612], [16.567934, 49.200748], [16.567642, 49.200818], [16.567437, 49.200864], [16.567383, 49.200604], [16.567323, 49.200315], [16.567321, 49.200231], [16.567282, 49.200094], [16.567222, 49.199957], [16.567091, 49.199633], [16.567025, 49.199557], [16.56686, 49.199421], [16.566659, 49.199284], [16.566627, 49.199256], [16.56659, 49.199211], [16.566572, 49.199182], [16.566558, 49.199152], [16.566551, 49.199154], [16.566481, 49.199015], [16.566469, 49.199019], [16.566446, 49.198531], [16.566429, 49.198129], [16.566411, 49.197829], [16.566473, 49.197027], [16.566472, 49.196791], [16.566552, 49.196525], [16.566595, 49.196174], [16.566615, 49.195838], [16.566661, 49.195783], [16.566554, 49.195179], [16.56645, 49.194806], [16.566478, 49.194519], [16.56652, 49.194287], [16.566686, 49.19395], [16.566752, 49.193849], [16.567039, 49.193598], [16.566998, 49.193585], [16.567, 49.193582], [16.566844, 49.193537], [16.566376, 49.193403], [16.566115, 49.19332], [16.565869, 49.193251], [16.565292, 49.193083], [16.565064, 49.19302], [16.56492, 49.19299], [16.564805, 49.192971], [16.564643, 49.192954], [16.564528, 49.192948], [16.564379, 49.192947], [16.564181, 49.192962], [16.564018, 49.192984], [16.563917, 49.193005], [16.563891, 49.193013], [16.563873, 49.192993], [16.5638, 49.192901], [16.563893, 49.192864], [16.563973, 49.192833], [16.564019, 49.192812], [16.564065, 49.192785], [16.564105, 49.192749], [16.564124, 49.192718], [16.564107, 49.192685], [16.564128, 49.19268], [16.564144, 49.192675], [16.564277, 49.192667], [16.564306, 49.192668], [16.56447, 49.192624], [16.564524, 49.192612], [16.564533, 49.192599], [16.564457, 49.192382], [16.564207, 49.192259], [16.563957, 49.192006], [16.563789, 49.19169], [16.5636, 49.191469], [16.563397, 49.191278], [16.563385, 49.19127], [16.563372, 49.191265], [16.563358, 49.191261], [16.563345, 49.191259], [16.56333, 49.191259], [16.563315, 49.191261], [16.563107, 49.191026], [16.562716, 49.190518], [16.562582, 49.190147], [16.5625, 49.189694], [16.562492, 49.189273], [16.562503, 49.188958], [16.56255, 49.188563], [16.56259, 49.188366], [16.562725, 49.187903], [16.56306, 49.187339], [16.563501, 49.186894], [16.5639, 49.186533], [16.564393, 49.185945], [16.564367, 49.18595], [16.56478, 49.185564], [16.565011, 49.185313], [16.565212, 49.185442], [16.565485, 49.185164], [16.56548, 49.185125], [16.565599, 49.185121], [16.565734, 49.185112], [16.565874, 49.185096], [16.566086, 49.185037], [16.56619, 49.185005], [16.566299, 49.184978], [16.566541, 49.184921], [16.566612, 49.184774], [16.566609, 49.184569], [16.566612, 49.18431], [16.566523, 49.184091], [16.566471, 49.183966], [16.566425, 49.183808], [16.566156, 49.183515], [16.566101, 49.183206], [16.566226, 49.183099], [16.566263, 49.18241], [16.566471, 49.181973], [16.564904, 49.181664], [16.564717, 49.181625], [16.564727, 49.181607], [16.564904, 49.181343], [16.564923, 49.181311], [16.565023, 49.181164], [16.565194, 49.180905], [16.566106, 49.180861], [16.567326, 49.180741], [16.567858, 49.180581], [16.568436, 49.181132], [16.568986, 49.181215], [16.569219, 49.18125], [16.569336, 49.181268], [16.569635, 49.181329], [16.56966, 49.18128], [16.569702, 49.18121], [16.571016, 49.181548], [16.571048, 49.181497], [16.571179, 49.181245], [16.570887, 49.181123], [16.571007, 49.180898], [16.571133, 49.180634], [16.571151, 49.180527], [16.571336, 49.180031], [16.571724, 49.179715], [16.57217, 49.179269], [16.572602, 49.179369], [16.572913, 49.179494], [16.572975, 49.179501], [16.572994, 49.179514], [16.573414, 49.179209], [16.57359, 49.179086], [16.57409, 49.178899], [16.574475, 49.178745], [16.574497, 49.178731], [16.574797, 49.178566], [16.575051, 49.178394], [16.575061, 49.178387], [16.575202, 49.17825], [16.575238, 49.178242], [16.575771, 49.178286], [16.575987, 49.178294], [16.576061, 49.178295], [16.576141, 49.1783], [16.576407, 49.178341], [16.576529, 49.178362], [16.576695, 49.178381], [16.576906, 49.178374], [16.576966, 49.178366], [16.57704, 49.178345], [16.577092, 49.178322], [16.577198, 49.17828], [16.577297, 49.178236], [16.57739, 49.178184], [16.577487, 49.178123], [16.577746, 49.177945], [16.577855, 49.1779], [16.577918, 49.177885], [16.577964, 49.177878], [16.578013, 49.177882], [16.578104, 49.177901], [16.578288, 49.177959], [16.578835, 49.178181], [16.579269, 49.178408], [16.579497, 49.178502], [16.579711, 49.1786], [16.579743, 49.178625], [16.579818, 49.178637], [16.579985, 49.178691], [16.580303, 49.178817], [16.580451, 49.178868], [16.58049, 49.178852], [16.580688, 49.178916], [16.58104, 49.179007], [16.581206, 49.179032], [16.581466, 49.179134], [16.581598, 49.179174], [16.581712, 49.179134], [16.582419, 49.179467], [16.582664, 49.17958], [16.58291, 49.179687], [16.582966, 49.179728], [16.583215, 49.179819], [16.583599, 49.179904], [16.583591, 49.179936], [16.583785, 49.179995], [16.584564, 49.180121], [16.584938, 49.180148], [16.584961, 49.179984], [16.584976, 49.179874], [16.584822, 49.179807], [16.584768, 49.179782], [16.584551, 49.179498], [16.584555, 49.179442], [16.584629, 49.179356], [16.584632, 49.179331], [16.584691, 49.179253], [16.584753, 49.17915], [16.584845, 49.178999], [16.584832, 49.178934], [16.584792, 49.178752], [16.584826, 49.178727], [16.584931, 49.17865], [16.585123, 49.178583], [16.585168, 49.178565], [16.585302, 49.178523], [16.58554, 49.178443], [16.585594, 49.178425], [16.585681, 49.178421], [16.586003, 49.178405], [16.586239, 49.178393], [16.58625, 49.178392], [16.586261, 49.178367], [16.586293, 49.178286], [16.586256, 49.17813], [16.586216, 49.177966], [16.586269, 49.177906], [16.586289, 49.177883], [16.586458, 49.17769], [16.586597, 49.177529], [16.586623, 49.177461], [16.586665, 49.177358], [16.586425, 49.177299], [16.586065, 49.177211], [16.58605, 49.177209], [16.5859, 49.177172], [16.585731, 49.17713], [16.58555, 49.177086], [16.585376, 49.177041], [16.585202, 49.176999], [16.584826, 49.176907], [16.584739, 49.176887], [16.584911, 49.176724], [16.584932, 49.176704], [16.584983, 49.176656], [16.585057, 49.176594], [16.585139, 49.176527], [16.585254, 49.176434], [16.585083, 49.176391], [16.584827, 49.176327], [16.584655, 49.176284], [16.584599, 49.17627], [16.584824, 49.175494], [16.584893, 49.175248], [16.584997, 49.174952], [16.585042, 49.17483], [16.585243, 49.174264], [16.585831, 49.174104], [16.586129, 49.174023], [16.586895, 49.173811], [16.586945, 49.173552], [16.586938, 49.173477], [16.586903, 49.173192], [16.586897, 49.173152], [16.586983, 49.173124], [16.587003, 49.173121], [16.587068, 49.173119], [16.587763, 49.173089], [16.58822, 49.173065], [16.588448, 49.173052], [16.588998, 49.173018], [16.588962, 49.172827], [16.588807, 49.172568], [16.588636, 49.172092], [16.588364, 49.171332], [16.588338, 49.171225], [16.588166, 49.170541], [16.590203, 49.170156], [16.591314, 49.169945], [16.591401, 49.169928], [16.591398, 49.169843], [16.59139, 49.169677], [16.591385, 49.169595], [16.591362, 49.169508], [16.591365, 49.169355], [16.591369, 49.169287], [16.591281, 49.169289], [16.59068, 49.169306], [16.590696, 49.169114], [16.590712, 49.168932], [16.590732, 49.168684], [16.590749, 49.168513], [16.59076, 49.168354], [16.59076, 49.168339], [16.590771, 49.168178], [16.590777, 49.16809], [16.590785, 49.167921], [16.590785, 49.16773], [16.590786, 49.167618], [16.590789, 49.167521], [16.590788, 49.167501], [16.590781, 49.167411], [16.590785, 49.167348], [16.590784, 49.167325], [16.59078, 49.167208], [16.590762, 49.166746], [16.590758, 49.166602], [16.590738, 49.166024], [16.590732, 49.165919], [16.591013, 49.165857], [16.591775, 49.165678], [16.591846, 49.165658], [16.591857, 49.165655], [16.59246, 49.165486], [16.592527, 49.165465], [16.593162, 49.165312], [16.594853, 49.165119], [16.594924, 49.165119], [16.595016, 49.165129], [16.598396, 49.165486], [16.598524, 49.1655], [16.598522, 49.165509], [16.598515, 49.165508], [16.59851, 49.165531], [16.598517, 49.165531], [16.598515, 49.16554], [16.598509, 49.16554], [16.598504, 49.165562], [16.598511, 49.165563], [16.598509, 49.165571], [16.598502, 49.165571], [16.598497, 49.165593], [16.598504, 49.165594], [16.598502, 49.165603], [16.598495, 49.165602], [16.598491, 49.165625], [16.598498, 49.165626], [16.598496, 49.165635], [16.598489, 49.165634], [16.598484, 49.165656], [16.598491, 49.165657], [16.598489, 49.165666], [16.598482, 49.165665], [16.598478, 49.165688], [16.598484, 49.165689], [16.598482, 49.165697], [16.598476, 49.165697], [16.598471, 49.165719], [16.598478, 49.16572], [16.598476, 49.165729], [16.598469, 49.165728], [16.598465, 49.165751], [16.598471, 49.165751], [16.59847, 49.16576], [16.598463, 49.16576], [16.598458, 49.165782], [16.598465, 49.165783], [16.598463, 49.165792], [16.598456, 49.165791], [16.598451, 49.165814], [16.598458, 49.165814], [16.598456, 49.165823], [16.59845, 49.165823], [16.598445, 49.165845], [16.598452, 49.165846], [16.59845, 49.165855], [16.598443, 49.165854], [16.598439, 49.165877], [16.598445, 49.165877], [16.598443, 49.165886], [16.598437, 49.165886], [16.598432, 49.165908], [16.598439, 49.165909], [16.598437, 49.165918], [16.59843, 49.165918], [16.598425, 49.16594], [16.598432, 49.16594], [16.59843, 49.165949], [16.598423, 49.165948], [16.598419, 49.165971], [16.598426, 49.165972], [16.598424, 49.165981], [16.598417, 49.16598], [16.598412, 49.166002], [16.598419, 49.166003], [16.598417, 49.166012], [16.59841, 49.166011], [16.598406, 49.166034], [16.598413, 49.166034], [16.598411, 49.166043], [16.598404, 49.166043], [16.598399, 49.166065], [16.598406, 49.166066], [16.598404, 49.166075], [16.598397, 49.166074], [16.598393, 49.166097], [16.598399, 49.166097], [16.598398, 49.166106], [16.598391, 49.166106], [16.598386, 49.166128], [16.598393, 49.166129], [16.598391, 49.166138], [16.598384, 49.166137], [16.59838, 49.16616], [16.598386, 49.16616], [16.598385, 49.166169], [16.598378, 49.166168], [16.598373, 49.166191], [16.59838, 49.166192], [16.598378, 49.166201], [16.598371, 49.1662], [16.598367, 49.166223], [16.598373, 49.166223], [16.598371, 49.166232], [16.598365, 49.166232], [16.59836, 49.166254], [16.598367, 49.166255], [16.598365, 49.166264], [16.598358, 49.166263], [16.598353, 49.166286], [16.59836, 49.166286], [16.598358, 49.166295], [16.598352, 49.166294], [16.598347, 49.166317], [16.598354, 49.166317], [16.598352, 49.166326], [16.598345, 49.166326], [16.59834, 49.166348], [16.598347, 49.166349], [16.598345, 49.166358], [16.598338, 49.166357], [16.598334, 49.16638], [16.598341, 49.16638], [16.598339, 49.166389], [16.598332, 49.166389], [16.598327, 49.166411], [16.598334, 49.166412], [16.598332, 49.166421], [16.598325, 49.16642], [16.598321, 49.166443], [16.598327, 49.166443], [16.598326, 49.166452], [16.598319, 49.166452], [16.598314, 49.166474], [16.598321, 49.166475], [16.598319, 49.166484], [16.598312, 49.166483], [16.598308, 49.166506], [16.598314, 49.166506], [16.598312, 49.166515], [16.598306, 49.166515], [16.598301, 49.166537], [16.598308, 49.166538], [16.598306, 49.166547], [16.598299, 49.166546], [16.598295, 49.166569], [16.598301, 49.166569], [16.598299, 49.166578], [16.598293, 49.166578], [16.598288, 49.1666], [16.598295, 49.166601], [16.598293, 49.166609], [16.598286, 49.166609], [16.598283, 49.166623], [16.599622, 49.166834], [16.600477, 49.166692], [16.600951, 49.166612], [16.600972, 49.166666], [16.600988, 49.166681], [16.60101, 49.166694], [16.601028, 49.166699], [16.601046, 49.166702], [16.601066, 49.166703], [16.602084, 49.166548], [16.602427, 49.166535], [16.602406, 49.166828], [16.602913, 49.168209], [16.602918, 49.168234], [16.60296, 49.168339], [16.604857, 49.168043], [16.604857, 49.168046], [16.60498, 49.168393], [16.605417, 49.169614], [16.605489, 49.169813], [16.605545, 49.16995], [16.605873, 49.169777], [16.606063, 49.169957], [16.607105, 49.170365], [16.607209, 49.170889], [16.607223, 49.170946], [16.607228, 49.171084], [16.607239, 49.171237], [16.607279, 49.171929], [16.607289, 49.172284], [16.607296, 49.172432], [16.6073, 49.172581], [16.60731, 49.172766], [16.60735, 49.173699], [16.607367, 49.174757], [16.60737, 49.174791], [16.607384, 49.174841], [16.607346, 49.174959], [16.607407, 49.175052], [16.607464, 49.175882], [16.607499, 49.17604], [16.607611, 49.176588], [16.607615, 49.176657], [16.607642, 49.177685], [16.607669, 49.177765], [16.607941, 49.177945], [16.608244, 49.17764], [16.608618, 49.177284], [16.609035, 49.176937], [16.609486, 49.17663], [16.61006, 49.176304], [16.610224, 49.176226], [16.610804, 49.175948], [16.611155, 49.17583], [16.611136, 49.175922], [16.611178, 49.175978], [16.611187, 49.175987], [16.611198, 49.176002], [16.611256, 49.176071], [16.611335, 49.176117], [16.611453, 49.176195], [16.61175, 49.176512], [16.61223, 49.176821], [16.612722, 49.177131], [16.612764, 49.177151], [16.612833, 49.17717], [16.613699, 49.177377], [16.613815, 49.177397], [16.613503, 49.177404], [16.613457, 49.177421], [16.613459, 49.177465], [16.613769, 49.177913], [16.613923, 49.177881], [16.614363, 49.177756], [16.614733, 49.178041], [16.614791, 49.17808], [16.615098, 49.178315], [16.615164, 49.178368], [16.615205, 49.178397], [16.614952, 49.178538], [16.614961, 49.17857], [16.614887, 49.178611], [16.615882, 49.180074], [16.61733, 49.182214], [16.617437, 49.18237], [16.617866, 49.182997], [16.618022, 49.182963], [16.618022, 49.18296], [16.618337, 49.182946], [16.618681, 49.182936], [16.619122, 49.182921], [16.619382, 49.182985], [16.619405, 49.183021], [16.619357, 49.183098], [16.619262, 49.183265], [16.618743, 49.184182], [16.618703, 49.184248], [16.61869, 49.184275], [16.61856, 49.184504], [16.618326, 49.184914], [16.618198, 49.185132], [16.618413, 49.18525], [16.618371, 49.185325], [16.618417, 49.185338], [16.618503, 49.185361], [16.618948, 49.18552], [16.619397, 49.185681], [16.619846, 49.185846], [16.620196, 49.18599], [16.6202, 49.185986], [16.62038, 49.186062], [16.620539, 49.185901], [16.620621, 49.185814], [16.620805, 49.185875], [16.620803, 49.185877], [16.620657, 49.186033], [16.620776, 49.186073], [16.621825, 49.18636], [16.621905, 49.186283], [16.621957, 49.186244], [16.622048, 49.186177], [16.622093, 49.186146], [16.622216, 49.186197], [16.622185, 49.186219], [16.622106, 49.18629], [16.62208, 49.186318], [16.622074, 49.186324], [16.622013, 49.186386], [16.622435, 49.186517], [16.622459, 49.186512], [16.625542, 49.187502], [16.625564, 49.187517], [16.625918, 49.187617], [16.625976, 49.18761], [16.626008, 49.187593], [16.626031, 49.187573], [16.626037, 49.187573], [16.626038, 49.187548], [16.626039, 49.187505], [16.626041, 49.18748], [16.626027, 49.187475], [16.62603, 49.18747], [16.626039, 49.187449], [16.626039, 49.187435], [16.626038, 49.187412], [16.62602, 49.187378], [16.625987, 49.18735], [16.625938, 49.187328], [16.625947, 49.187317], [16.625956, 49.187303], [16.626048, 49.187332], [16.626379, 49.187445], [16.626321, 49.187568], [16.626319, 49.187598], [16.626319, 49.187642], [16.626319, 49.187668], [16.626319, 49.187675], [16.626313, 49.187718], [16.626311, 49.187735], [16.626341, 49.187784], [16.627354, 49.18816], [16.628484, 49.188536], [16.628514, 49.188465], [16.628528, 49.188412], [16.62853, 49.188407], [16.628537, 49.188407], [16.628541, 49.188386], [16.62855, 49.188347], [16.628554, 49.188323], [16.62855, 49.188322], [16.628551, 49.188317], [16.628563, 49.18826], [16.628578, 49.188187], [16.62887, 49.188282], [16.628768, 49.188569], [16.628752, 49.18864], [16.628618, 49.18933], [16.628549, 49.18976], [16.628448, 49.190158], [16.628303, 49.190562], [16.628277, 49.190669], [16.628235, 49.190861], [16.6282, 49.191083], [16.628209, 49.191195], [16.628211, 49.191211], [16.62822, 49.191314], [16.628229, 49.191347], [16.628235, 49.191395], [16.628309, 49.191948], [16.628336, 49.192089], [16.62837, 49.192228], [16.628443, 49.19247], [16.628504, 49.192703], [16.628598, 49.193294], [16.628744, 49.194193], [16.628882, 49.195081], [16.628963, 49.195496], [16.62903, 49.195729], [16.629043, 49.195818], [16.629083, 49.19583], [16.629347, 49.195913], [16.629382, 49.195925], [16.629435, 49.195943], [16.629408, 49.196315], [16.629495, 49.196353], [16.629488, 49.196584], [16.629756, 49.198082], [16.629794, 49.1982], [16.62986, 49.199057], [16.629834, 49.199062], [16.629849, 49.199131], [16.629884, 49.199137], [16.629882, 49.199142], [16.629838, 49.199138], [16.629454, 49.199166], [16.62944, 49.199174], [16.629338, 49.19914], [16.62919, 49.198182], [16.62865, 49.198187], [16.628481, 49.198244], [16.628078, 49.198448], [16.628027, 49.198474], [16.627938, 49.198519], [16.627906, 49.198536], [16.627873, 49.198554], [16.627827, 49.19858], [16.627703, 49.198643], [16.627661, 49.198664], [16.627423, 49.198785], [16.627291, 49.198853], [16.627112, 49.198943], [16.627105, 49.198947], [16.626718, 49.199144], [16.626656, 49.199175], [16.626606, 49.199201], [16.626482, 49.199264], [16.626393, 49.199309], [16.626295, 49.199359], [16.62622, 49.199401], [16.626221, 49.199404], [16.626207, 49.19941], [16.626204, 49.199408], [16.626059, 49.199485], [16.626062, 49.199487], [16.62602, 49.199508], [16.626024, 49.19951], [16.626015, 49.199515], [16.626005, 49.199509], [16.625972, 49.199501], [16.625961, 49.199501], [16.625963, 49.199498], [16.625768, 49.199455], [16.625689, 49.199438], [16.625612, 49.199421], [16.625247, 49.199347], [16.622162, 49.198709], [16.621704, 49.200118], [16.621976, 49.200196], [16.622132, 49.200235], [16.62225, 49.200266], [16.622259, 49.200269], [16.622283, 49.200283], [16.62229, 49.200298], [16.622291, 49.20031], [16.622276, 49.200378], [16.622255, 49.20048], [16.622209, 49.200709], [16.622199, 49.200714], [16.622137, 49.201042], [16.622171, 49.201064], [16.622119, 49.201311], [16.622123, 49.201319], [16.622096, 49.201456], [16.62207, 49.20161], [16.622038, 49.201769], [16.622035, 49.201768], [16.621972, 49.202102], [16.621782, 49.202098], [16.621585, 49.202093], [16.621399, 49.202087], [16.621226, 49.202073], [16.621044, 49.202057], [16.620864, 49.202041], [16.620688, 49.202016], [16.620528, 49.201993], [16.620355, 49.201969], [16.620182, 49.201943], [16.619813, 49.201839], [16.619506, 49.201751], [16.619327, 49.201699], [16.618815, 49.201554], [16.618646, 49.201521], [16.618451, 49.201483], [16.618377, 49.20147], [16.618107, 49.201423], [16.617938, 49.201388], [16.617833, 49.201378], [16.617834, 49.201375], [16.617736, 49.201366], [16.617188, 49.201314], [16.616951, 49.201302], [16.616939, 49.201306], [16.616891, 49.201311], [16.616891, 49.201313], [16.616759, 49.201312], [16.616656, 49.201314], [16.61655, 49.201315], [16.616428, 49.201327], [16.616254, 49.201344], [16.616201, 49.201353], [16.616081, 49.201373], [16.615942, 49.201397], [16.615861, 49.201411], [16.615818, 49.201419], [16.615624, 49.201453], [16.615483, 49.201452], [16.615486, 49.201657], [16.615478, 49.201668]]]}}, {"type": "Feature", "properties": {"zone_id": 20399001, "name": "Brno-Bohunice", "admin_level": "9", "source": "OSM relation 20399001"}, "geometry": {"type": "Polygon", "coordinates": [[[16.59246, 49.165486], [16.591857, 49.165655], [16.591846, 49.165658], [16.591775, 49.165678], [16.591013, 49.165857], [16.590732, 49.165919], [16.590738, 49.166024], [16.590758, 49.166602], [16.590762, 49.166746], [16.59078, 49.167208], [16.590784, 49.167325], [16.590785, 49.167348], [16.590781, 49.167411], [16.590788, 49.167501], [16.590789, 49.167521], [16.590786, 49.167618], [16.590785, 49.16773], [16.590785, 49.167921], [16.590777, 49.16809], [16.590771, 49.168178], [16.59076, 49.168339], [16.59076, 49.168354], [16.590749, 49.168513], [16.590732, 49.168684], [16.590712, 49.168932], [16.590696, 49.169114], [16.59068, 49.169306], [16.591281, 49.169289], [16.591369, 49.169287], [16.591365, 49.169355], [16.591362, 49.169508], [16.591385, 49.169595], [16.59139, 49.169677], [16.591398, 49.169843], [16.591401, 49.169928], [16.591314, 49.169945], [16.590203, 49.170156], [16.588166, 49.170541], [16.588338, 49.171225], [16.588364, 49.171332], [16.588636, 49.172092], [16.588807, 49.172568], [16.588962, 49.172827], [16.588998, 49.173018], [16.588448, 49.173052], [16.58822, 49.173065], [16.587763, 49.173089], [16.587068, 49.173119], [16.587003, 49.173121], [16.586983, 49.173124], [16.586897, 49.173152], [16.586903, 49.173192], [16.586938, 49.173477], [16.586945, 49.173552], [16.586895, 49.173811], [16.586129, 49.174023], [16.585831, 49.174104], [16.585243, 49.174264], [16.585042, 49.17483], [16.584997, 49.174952], [16.584893, 49.175248], [16.584824, 49.175494], [16.584599, 49.17627], [16.584655, 49.176284], [16.584827, 49.176327], [16.585083, 49.176391], [16.585254, 49.176434], [16.585139, 49.176527], [16.585057, 49.176594], [16.584983, 49.176656], [16.584932, 49.176704], [16.584911, 49.176724], [16.584739, 49.176887], [16.584826, 49.176907], [16.585202, 49.176999], [16.585376, 49.177041], [16.58555, 49.177086], [16.585731, 49.17713], [16.5859, 49.177172], [16.58605, 49.177209], [16.586065, 49.177211], [16.586425, 49.177299], [16.586665, 49.177358], [16.586623, 49.177461], [16.586597, 49.177529], [16.586458, 49.17769], [16.586289, 49.177883], [16.586269, 49.177906], [16.586216, 49.177966], [16.586256, 49.17813], [16.586293, 49.178286], [16.586261, 49.178367], [16.58625, 49.178392], [16.586239, 49.178393], [16.586003, 49.178405], [16.585681, 49.178421], [16.585594, 49.178425], [16.58554, 49.178443], [16.585302, 49.178523], [16.585168, 49.178565], [16.585123, 49.178583], [16.584931, 49.17865], [16.584826, 49.178727], [16.584792, 49.178752], [16.584832, 49.178934], [16.584845, 49.178999], [16.584753, 49.17915], [16.584691, 49.179253], [16.584632, 49.179331], [16.584629, 49.179356], [16.584555, 49.179442], [16.584551, 49.179498], [16.584768, 49.179782], [16.584822, 49.179807], [16.584976, 49.179874], [16.584961, 49.179984], [16.584938, 49.180148], [16.584564, 49.180121], [16.583785, 49.179995], [16.583591, 49.179936], [16.583599, 49.179904], [16.583215, 49.179819], [16.582966, 49.179728], [16.58291, 49.179687], [16.582664, 49.17958], [16.582419, 49.179467], [16.581712, 49.179134], [16.581598, 49.179174], [16.581466, 49.179134], [16.581206, 49.179032], [16.58104, 49.179007], [16.580688, 49.178916], [16.58049, 49.178852], [16.580451, 49.178868], [16.580303, 49.178817], [16.579985, 49.178691], [16.579818, 49.178637], [16.579743, 49.178625], [16.579711, 49.1786], [16.579497, 49.178502], [16.579269, 49.178408], [16.578835, 49.178181], [16.578288, 49.177959], [16.578104, 49.177901], [16.578013, 49.177882], [16.577964, 49.177878], [16.577918, 49.177885], [16.577855, 49.1779], [16.577746, 49.177945], [16.577487, 49.178123], [16.57739, 49.178184], [16.577297, 49.178236], [16.577198, 49.17828], [16.577092, 49.178322], [16.57704, 49.178345], [16.576966, 49.178366], [16.576906, 49.178374], [16.576695, 49.178381], [16.576529, 49.178362], [16.576407, 49.178341], [16.576141, 49.1783], [16.576061, 49.178295], [16.575987, 49.178294], [16.575771, 49.178286], [16.575238, 49.178242], [16.575202, 49.17825], [16.575061, 49.178387], [16.575051, 49.178394], [16.574797, 49.178566], [16.574497, 49.178731], [16.574475, 49.178745], [16.57409, 49.178899], [16.57359, 49.179086], [16.573414, 49.179209], [16.572994, 49.179514], [16.572975, 49.179501], [16.572913, 49.179494], [16.572602, 49.179369], [16.57217, 49.179269], [16.571724, 49.179715], [16.571336, 49.180031], [16.571151, 49.180527], [16.571133, 49.180634], [16.571007, 49.180898], [16.570887, 49.181123], [16.571179, 49.181245], [16.571048, 49.181497], [16.571016, 49.181548], [16.569702, 49.18121], [16.56966, 49.18128], [16.569635, 49.181329], [16.569336, 49.181268], [16.569219, 49.18125], [16.568986, 49.181215], [16.568436, 49.181132], [16.567858, 49.180581], [16.567326, 49.180741], [16.566106, 49.180861], [16.565194, 49.180905], [16.565308, 49.180706], [16.565392, 49.180487], [16.565205, 49.18042], [16.565024, 49.180329], [16.565418, 49.179423], [16.564829, 49.179465], [16.564845, 49.179075], [16.564886, 49.178886], [16.564893, 49.178372], [16.564897, 49.178274], [16.564915, 49.178014], [16.564941, 49.177727], [16.564957, 49.177206], [16.564962, 49.176864], [16.564963, 49.176802], [16.564965, 49.176657], [16.565167, 49.17665], [16.565312, 49.176645], [16.565449, 49.176633], [16.565518, 49.176628], [16.565589, 49.176622], [16.565725, 49.176613], [16.565798, 49.176605], [16.565935, 49.176594], [16.567033, 49.176511], [16.56709, 49.176508], [16.567803, 49.176471], [16.568023, 49.176465], [16.568144, 49.176468], [16.568523, 49.176419], [16.568571, 49.176413], [16.569587, 49.176346], [16.570751, 49.176297], [16.5714, 49.176311], [16.572828, 49.176756], [16.57267, 49.17548], [16.572476, 49.173931], [16.571868, 49.173964], [16.570524, 49.174037], [16.57052, 49.173988], [16.570515, 49.173832], [16.570514, 49.17379], [16.571084, 49.173761], [16.57114, 49.173754], [16.571185, 49.173739], [16.571222, 49.173713], [16.571241, 49.173678], [16.57125, 49.173619], [16.571247, 49.173563], [16.571231, 49.173506], [16.571191, 49.173422], [16.571142, 49.173348], [16.571072, 49.17327], [16.570909, 49.173151], [16.57064, 49.173027], [16.57049, 49.172983], [16.570482, 49.172722], [16.570277, 49.172647], [16.570083, 49.172567], [16.569929, 49.172493], [16.569848, 49.17245], [16.56975, 49.172381], [16.569671, 49.172322], [16.569606, 49.172268], [16.569518, 49.172181], [16.569454, 49.172103], [16.569418, 49.172052], [16.569412, 49.172022], [16.569421, 49.172], [16.569441, 49.171984], [16.569458, 49.171975], [16.569491, 49.171968], [16.569483, 49.171942], [16.569455, 49.171878], [16.569373, 49.171878], [16.569347, 49.17188], [16.569305, 49.171873], [16.569255, 49.171844], [16.56923, 49.171796], [16.569212, 49.171692], [16.569203, 49.171597], [16.569198, 49.171438], [16.569197, 49.171324], [16.569193, 49.171074], [16.56918, 49.170944], [16.569161, 49.170818], [16.56915, 49.170769], [16.569132, 49.170691], [16.569121, 49.170655], [16.569087, 49.170564], [16.56906, 49.170502], [16.56903, 49.170442], [16.56898, 49.17036], [16.568972, 49.170344], [16.568956, 49.170319], [16.568845, 49.170177], [16.568827, 49.170156], [16.568756, 49.170083], [16.568649, 49.169983], [16.568532, 49.16989], [16.568409, 49.169805], [16.568282, 49.169728], [16.568142, 49.169653], [16.567878, 49.169527], [16.567746, 49.16947], [16.567442, 49.169342], [16.567285, 49.169273], [16.567138, 49.169202], [16.566995, 49.169129], [16.566833, 49.169033], [16.566713, 49.168945], [16.566629, 49.16887], [16.566541, 49.168777], [16.566502, 49.168721], [16.56649, 49.168706], [16.566473, 49.16868], [16.566452, 49.168647], [16.566423, 49.168589], [16.566399, 49.168525], [16.566381, 49.168475], [16.566369, 49.168429], [16.566356, 49.168355], [16.566353, 49.168228], [16.566375, 49.168109], [16.566415, 49.167994], [16.566464, 49.167897], [16.566548, 49.167772], [16.566667, 49.167646], [16.566785, 49.167552], [16.566919, 49.167464], [16.566938, 49.16745], [16.567071, 49.167385], [16.567231, 49.167315], [16.567395, 49.16725], [16.567564, 49.167188], [16.567727, 49.16713], [16.567761, 49.167119], [16.567944, 49.167055], [16.568106, 49.166997], [16.568275, 49.166934], [16.568325, 49.166916], [16.568433, 49.166872], [16.568597, 49.166799], [16.568756, 49.166718], [16.568898, 49.166634], [16.569033, 49.166538], [16.569159, 49.166436], [16.569202, 49.166398], [16.569259, 49.166361], [16.569272, 49.166356], [16.569327, 49.166335], [16.569336, 49.166333], [16.569375, 49.166325], [16.569426, 49.166324], [16.569475, 49.166302], [16.569743, 49.166185], [16.570083, 49.166325], [16.570406, 49.16646], [16.570587, 49.166246], [16.571044, 49.164712], [16.571061, 49.164711], [16.571078, 49.164712], [16.571178, 49.164714], [16.57129, 49.164715], [16.571794, 49.164722], [16.571934, 49.164708], [16.572074, 49.164695], [16.572347, 49.164672], [16.572527, 49.164686], [16.572574, 49.16469], [16.572815, 49.164678], [16.572853, 49.162399], [16.574327, 49.162414], [16.574327, 49.162374], [16.574328, 49.16235], [16.574347, 49.162213], [16.574367, 49.162019], [16.574745, 49.161808], [16.574896, 49.161725], [16.575029, 49.161749], [16.57512, 49.161589], [16.575138, 49.161566], [16.57542, 49.161171], [16.575434, 49.161157], [16.575808, 49.161249], [16.575996, 49.161289], [16.576525, 49.161411], [16.577185, 49.161627], [16.57731, 49.161664], [16.57762, 49.161748], [16.577665, 49.161637], [16.577697, 49.161584], [16.577828, 49.161298], [16.577949, 49.161009], [16.577959, 49.16099], [16.577973, 49.160944], [16.578109, 49.160605], [16.578282, 49.160151], [16.578703, 49.160282], [16.578774, 49.160274], [16.578833, 49.160193], [16.57892, 49.160054], [16.579216, 49.159524], [16.579537, 49.159579], [16.579703, 49.1596], [16.579884, 49.159626], [16.580078, 49.159637], [16.580385, 49.159672], [16.580833, 49.159725], [16.58108, 49.159746], [16.581178, 49.159749], [16.581587, 49.159755], [16.581981, 49.159763], [16.582003, 49.159315], [16.582399, 49.159367], [16.582452, 49.159372], [16.582585, 49.15939], [16.582649, 49.159396], [16.582837, 49.159421], [16.582919, 49.159431], [16.583027, 49.159447], [16.583288, 49.159479], [16.583457, 49.159488], [16.583923, 49.159536], [16.584142, 49.159556], [16.584308, 49.159564], [16.584609, 49.159562], [16.584833, 49.15956], [16.585265, 49.159553], [16.585488, 49.159533], [16.585943, 49.159499], [16.586211, 49.159473], [16.586327, 49.159458], [16.587044, 49.159373], [16.587205, 49.15936], [16.587387, 49.159339], [16.588158, 49.159257], [16.588399, 49.15927], [16.588443, 49.159459], [16.588524, 49.159841], [16.588544, 49.159919], [16.588552, 49.159971], [16.58857, 49.160055], [16.588594, 49.160158], [16.588612, 49.16022], [16.588667, 49.160464], [16.588693, 49.160552], [16.588743, 49.160747], [16.588977, 49.160731], [16.589523, 49.16069], [16.589677, 49.160681], [16.589911, 49.160663], [16.590139, 49.160648], [16.590365, 49.160634], [16.590688, 49.160617], [16.590804, 49.160608], [16.591041, 49.160595], [16.591253, 49.160583], [16.591457, 49.160577], [16.591676, 49.160559], [16.591884, 49.160545], [16.592215, 49.161855], [16.592221, 49.161895], [16.592247, 49.162162], [16.592262, 49.162257], [16.592221, 49.162259], [16.591762, 49.1623], [16.591812, 49.162616], [16.591833, 49.162774], [16.591866, 49.162967], [16.591887, 49.163134], [16.591928, 49.163404], [16.591987, 49.163854], [16.592038, 49.164204], [16.59204, 49.164227], [16.591984, 49.164335], [16.59202, 49.164398], [16.592087, 49.164559], [16.592214, 49.164874], [16.592253, 49.164967], [16.59246, 49.165486]]]}}, {"type": "Feature", "properties": {"zone_id": 20399002, "name": "Brno-Žabovřesky", "admin_level": "9", "source": "OSM relation 20399002"}, "geometry": {"type": "Polygon", "coordinates": [[[16.582669, 49.204745], [16.582684, 49.204743], [16.582869, 49.204725], [16.582927, 49.204726], [16.582957, 49.204729], [16.583001, 49.204738], [16.583028, 49.204744], [16.583054, 49.204753], [16.583079, 49.204764], [16.583102, 49.204776], [16.583122, 49.20479], [16.583139, 49.204805], [16.583154, 49.20482], [16.583171, 49.204844], [16.583182, 49.204863], [16.583196, 49.204896], [16.583245, 49.205116], [16.583308, 49.205355], [16.583338, 49.205472], [16.58366, 49.205649], [16.583848, 49.205757], [16.584069, 49.205945], [16.584059, 49.205957], [16.584214, 49.206015], [16.584234, 49.206031], [16.584756, 49.206293], [16.585653, 49.206926], [16.585931, 49.207037], [16.585848, 49.207095], [16.585996, 49.207135], [16.586895, 49.207592], [16.587532, 49.207945], [16.587898, 49.208151], [16.58854, 49.208518], [16.588545, 49.208515], [16.588577, 49.208539], [16.5887, 49.208612], [16.588762, 49.20865], [16.588871, 49.208711], [16.588999, 49.208776], [16.589016, 49.208783], [16.589406, 49.208983], [16.589997, 49.209271], [16.589915, 49.209343], [16.589786, 49.209429], [16.589971, 49.209535], [16.590714, 49.209738], [16.590671, 49.210053], [16.590629, 49.210126], [16.592428, 49.210596], [16.592839, 49.2107], [16.593208, 49.210797], [16.593245, 49.210808], [16.5933, 49.210826], [16.593324, 49.210838], [16.593346, 49.210852], [16.593367, 49.21087], [16.593382, 49.210891], [16.593393, 49.210915], [16.593393, 49.21094], [16.59338, 49.210981], [16.593628, 49.211042], [16.593592, 49.21104], [16.593566, 49.211043], [16.59354, 49.21105], [16.593518, 49.211062], [16.593498, 49.211078], [16.593485, 49.211096], [16.5931, 49.21173], [16.593098, 49.211754], [16.593108, 49.211777], [16.593128, 49.211796], [16.593158, 49.211812], [16.59322, 49.211829], [16.593192, 49.211882], [16.593132, 49.211867], [16.59309, 49.211866], [16.59305, 49.211873], [16.593022, 49.211884], [16.593002, 49.211901], [16.592691, 49.212407], [16.592684, 49.212429], [16.592683, 49.212448], [16.592692, 49.212466], [16.592706, 49.212481], [16.592727, 49.212495], [16.592751, 49.212505], [16.5928, 49.212518], [16.592772, 49.212562], [16.592726, 49.21255], [16.592699, 49.212545], [16.592664, 49.212545], [16.592632, 49.21255], [16.592607, 49.212561], [16.592588, 49.212574], [16.59257, 49.212594], [16.592237, 49.213152], [16.592228, 49.213169], [16.592224, 49.213189], [16.592226, 49.213207], [16.592232, 49.213224], [16.592244, 49.21324], [16.592264, 49.213256], [16.592284, 49.21327], [16.59231, 49.213283], [16.592334, 49.213293], [16.592351, 49.213297], [16.592312, 49.213365], [16.592261, 49.213443], [16.591864, 49.213343], [16.591683, 49.213379], [16.591514, 49.213431], [16.591156, 49.213538], [16.590888, 49.213618], [16.590145, 49.214708], [16.590053, 49.214678], [16.589892, 49.21463], [16.589671, 49.214566], [16.588892, 49.214337], [16.588282, 49.214157], [16.588225, 49.21414], [16.588213, 49.214161], [16.586971, 49.21565], [16.586421, 49.216339], [16.585681, 49.217212], [16.585393, 49.217563], [16.585276, 49.217701], [16.584867, 49.218202], [16.584471, 49.218697], [16.584103, 49.219147], [16.583721, 49.219629], [16.583592, 49.21978], [16.583343, 49.220095], [16.583239, 49.220217], [16.583189, 49.220282], [16.583141, 49.220369], [16.583128, 49.220453], [16.583134, 49.220503], [16.583152, 49.22056], [16.583186, 49.220615], [16.583264, 49.220677], [16.583275, 49.220683], [16.583127, 49.22088], [16.582989, 49.22088], [16.58285, 49.220899], [16.582809, 49.220927], [16.582763, 49.220953], [16.582745, 49.220955], [16.582729, 49.220955], [16.582648, 49.221002], [16.58258, 49.221058], [16.582502, 49.221139], [16.581942, 49.221804], [16.581572, 49.222219], [16.580473, 49.221902], [16.580387, 49.221883], [16.580367, 49.221939], [16.580335, 49.222019], [16.580266, 49.222172], [16.580184, 49.222286], [16.580106, 49.222389], [16.580021, 49.222476], [16.579992, 49.222587], [16.579885, 49.222772], [16.57982, 49.222848], [16.579672, 49.222972], [16.579607, 49.223023], [16.579551, 49.223061], [16.579475, 49.223095], [16.579406, 49.22311], [16.579324, 49.223108], [16.579059, 49.223061], [16.578704, 49.223006], [16.578569, 49.222992], [16.578515, 49.222989], [16.578244, 49.222991], [16.578029, 49.222997], [16.57781, 49.223007], [16.577503, 49.223026], [16.577208, 49.22305], [16.576657, 49.223118], [16.576335, 49.223162], [16.576153, 49.223201], [16.575933, 49.223253], [16.575622, 49.223335], [16.575596, 49.223298], [16.575525, 49.223325], [16.575512, 49.223332], [16.575431, 49.223362], [16.575299, 49.223415], [16.575295, 49.223281], [16.575295, 49.223238], [16.575213, 49.223285], [16.575065, 49.223361], [16.574981, 49.223399], [16.574749, 49.223497], [16.574749, 49.223501], [16.574738, 49.223502], [16.5746, 49.223561], [16.574477, 49.223608], [16.574204, 49.223706], [16.573957, 49.223762], [16.573525, 49.223884], [16.573408, 49.223922], [16.573157, 49.223989], [16.572732, 49.224121], [16.572413, 49.224209], [16.572263, 49.224246], [16.572089, 49.224277], [16.571904, 49.224307], [16.571519, 49.224359], [16.571375, 49.224379], [16.571377, 49.224522], [16.570975, 49.224802], [16.570477, 49.225139], [16.569156, 49.225604], [16.569225, 49.225709], [16.569284, 49.225918], [16.569159, 49.226247], [16.568952, 49.226656], [16.568819, 49.226793], [16.5687, 49.226917], [16.568372, 49.227065], [16.568021, 49.227136], [16.567784, 49.227164], [16.567496, 49.227191], [16.567235, 49.227211], [16.566965, 49.227245], [16.566412, 49.227368], [16.566179, 49.227474], [16.565793, 49.227829], [16.56574, 49.227898], [16.565535, 49.228243], [16.565513, 49.228314], [16.565671, 49.228483], [16.565796, 49.228552], [16.56574, 49.228712], [16.565621, 49.228831], [16.565212, 49.228908], [16.565034, 49.229028], [16.564397, 49.229059], [16.564188, 49.229184], [16.563944, 49.229234], [16.563941, 49.229212], [16.563938, 49.229202], [16.563937, 49.229194], [16.563934, 49.229177], [16.563862, 49.229077], [16.563788, 49.228992], [16.563177, 49.228716], [16.562772, 49.228534], [16.562394, 49.228335], [16.562251, 49.228095], [16.562262, 49.227783], [16.562671, 49.227522], [16.562673, 49.227451], [16.562686, 49.226808], [16.562718, 49.226443], [16.562725, 49.226413], [16.562755, 49.226287], [16.562771, 49.22601], [16.562547, 49.225649], [16.561666, 49.225474], [16.561239, 49.225467], [16.561513, 49.225085], [16.561464, 49.225015], [16.561291, 49.224768], [16.561166, 49.224586], [16.561126, 49.224529], [16.561283, 49.224179], [16.561333, 49.223638], [16.561202, 49.223143], [16.561131, 49.222896], [16.561094, 49.222837], [16.56102, 49.222726], [16.560949, 49.222617], [16.560858, 49.222477], [16.560979, 49.222324], [16.560989, 49.222312], [16.561005, 49.222292], [16.561532, 49.221626], [16.561684, 49.221514], [16.562041, 49.22129], [16.562126, 49.221275], [16.562242, 49.221231], [16.562473, 49.221006], [16.56273, 49.220856], [16.563071, 49.220752], [16.563392, 49.220718], [16.563586, 49.220655], [16.563681, 49.220591], [16.563712, 49.220422], [16.563906, 49.220169], [16.563918, 49.220101], [16.56392, 49.22009], [16.563933, 49.220017], [16.563943, 49.219971], [16.56406, 49.219742], [16.56418, 49.219541], [16.564296, 49.219357], [16.564374, 49.219215], [16.56444, 49.219101], [16.564636, 49.218752], [16.564658, 49.218715], [16.564758, 49.218229], [16.564781, 49.218093], [16.564782, 49.218024], [16.564781, 49.21788], [16.564781, 49.217867], [16.564746, 49.217758], [16.564707, 49.217639], [16.564644, 49.217454], [16.564624, 49.21739], [16.56462, 49.217319], [16.564616, 49.217283], [16.564604, 49.217224], [16.564542, 49.217046], [16.564337, 49.216752], [16.564399, 49.216701], [16.564516, 49.216613], [16.564666, 49.216497], [16.56475, 49.216431], [16.564846, 49.216357], [16.564925, 49.216296], [16.564953, 49.216274], [16.564986, 49.216248], [16.565012, 49.216228], [16.565042, 49.216206], [16.565173, 49.216104], [16.565209, 49.216076], [16.565227, 49.216062], [16.565402, 49.215823], [16.565419, 49.215796], [16.565503, 49.215684], [16.565524, 49.215654], [16.565559, 49.215608], [16.565548, 49.215595], [16.565544, 49.215504], [16.565541, 49.215446], [16.565566, 49.215437], [16.565818, 49.215356], [16.565636, 49.215124], [16.565572, 49.214999], [16.565548, 49.214955], [16.565517, 49.214908], [16.565482, 49.214861], [16.565456, 49.214813], [16.565398, 49.214728], [16.565322, 49.214643], [16.565284, 49.2146], [16.565247, 49.214559], [16.565202, 49.214516], [16.565098, 49.214415], [16.564915, 49.214248], [16.564435, 49.213913], [16.56448, 49.213901], [16.564873, 49.21376], [16.564947, 49.21377], [16.564991, 49.213704], [16.565068, 49.213649], [16.565125, 49.213643], [16.56494, 49.213595], [16.564745, 49.213543], [16.564577, 49.213499], [16.564276, 49.213419], [16.564164, 49.21339], [16.563726, 49.213277], [16.563298, 49.213163], [16.563143, 49.213122], [16.562846, 49.213042], [16.562486, 49.212948], [16.562175, 49.212865], [16.56215, 49.212859], [16.562146, 49.212858], [16.562005, 49.212823], [16.561825, 49.212776], [16.561778, 49.212764], [16.561709, 49.212746], [16.561689, 49.212742], [16.561529, 49.212698], [16.561443, 49.212675], [16.56138, 49.212658], [16.56131, 49.212639], [16.561127, 49.212593], [16.560806, 49.212509], [16.560672, 49.212482], [16.560537, 49.212454], [16.560376, 49.212408], [16.560302, 49.212387], [16.560219, 49.212366], [16.560174, 49.212354], [16.559731, 49.21224], [16.559707, 49.212234], [16.559674, 49.212228], [16.559624, 49.212226], [16.55957, 49.212229], [16.559547, 49.212236], [16.559517, 49.212243], [16.559477, 49.212259], [16.559442, 49.212282], [16.559247, 49.212236], [16.55923, 49.212232], [16.559248, 49.212201], [16.559474, 49.211815], [16.559484, 49.211798], [16.5595, 49.211775], [16.559533, 49.21172], [16.559597, 49.211619], [16.559619, 49.211582], [16.559662, 49.211511], [16.559707, 49.21144], [16.55971, 49.211433], [16.559716, 49.211411], [16.559715, 49.211389], [16.559707, 49.211366], [16.559689, 49.211343], [16.559665, 49.211322], [16.55962, 49.211293], [16.559326, 49.21116], [16.55896, 49.210994], [16.558846, 49.210942], [16.558576, 49.210822], [16.558472, 49.210776], [16.558188, 49.210656], [16.558043, 49.210594], [16.557852, 49.210512], [16.55769, 49.210442], [16.557666, 49.210431], [16.557566, 49.210382], [16.55757, 49.21038], [16.557554, 49.21037], [16.55746, 49.210307], [16.557405, 49.210269], [16.557369, 49.21024], [16.557343, 49.21021], [16.557338, 49.210212], [16.557334, 49.210208], [16.557337, 49.210206], [16.557328, 49.210198], [16.557212, 49.210079], [16.557208, 49.21008], [16.557204, 49.210076], [16.557207, 49.210074], [16.557136, 49.210002], [16.557141, 49.21], [16.557167, 49.209989], [16.557299, 49.209933], [16.557331, 49.20992], [16.557617, 49.209779], [16.557679, 49.209752], [16.557802, 49.209711], [16.55809, 49.209637], [16.558232, 49.209593], [16.558386, 49.209542], [16.558546, 49.209483], [16.558639, 49.209444], [16.558726, 49.209401], [16.558816, 49.209354], [16.558876, 49.20932], [16.558976, 49.209252], [16.559094, 49.209167], [16.559185, 49.209097], [16.55927, 49.209021], [16.559331, 49.208923], [16.559384, 49.208829], [16.559423, 49.20875], [16.559447, 49.208666], [16.559475, 49.208503], [16.559516, 49.208278], [16.559535, 49.208202], [16.559563, 49.208144], [16.559602, 49.208083], [16.559658, 49.208008], [16.559746, 49.2079], [16.559852, 49.207782], [16.559947, 49.207681], [16.560132, 49.207531], [16.56031, 49.207419], [16.560434, 49.207351], [16.561065, 49.207077], [16.561167, 49.207027], [16.56128, 49.206963], [16.561367, 49.206907], [16.561433, 49.206849], [16.561493, 49.206788], [16.5616, 49.20664], [16.56173, 49.20642], [16.561768, 49.206339], [16.561766, 49.206203], [16.561774, 49.206086], [16.561756, 49.206001], [16.561709, 49.205961], [16.56168, 49.205891], [16.561633, 49.205774], [16.56161, 49.205704], [16.561588, 49.205642], [16.561584, 49.205591], [16.561545, 49.205525], [16.561517, 49.205453], [16.561498, 49.20538], [16.56149, 49.205341], [16.561489, 49.205307], [16.56149, 49.205238], [16.5615, 49.205168], [16.56159, 49.204961], [16.561687, 49.20478], [16.561758, 49.204676], [16.561936, 49.204423], [16.5621, 49.20426], [16.562485, 49.204043], [16.562728, 49.203946], [16.56294, 49.203874], [16.563091, 49.203809], [16.563279, 49.203759], [16.563549, 49.203684], [16.563745, 49.203636], [16.563874, 49.203603], [16.564175, 49.203503], [16.564202, 49.203503], [16.564299, 49.203472], [16.564542, 49.203383], [16.564901, 49.203252], [16.564988, 49.203206], [16.565432, 49.20292], [16.56549, 49.202892], [16.565638, 49.202826], [16.56577, 49.202765], [16.56584, 49.202735], [16.56598, 49.202674], [16.566124, 49.202613], [16.566154, 49.202602], [16.566679, 49.202332], [16.566932, 49.20219], [16.567, 49.202152], [16.567155, 49.202056], [16.56726, 49.201952], [16.567466, 49.20171], [16.567581, 49.201502], [16.567622, 49.201335], [16.567648, 49.200859], [16.567642, 49.200818], [16.567934, 49.200748], [16.567913, 49.200612], [16.567999, 49.200604], [16.568025, 49.200603], [16.568216, 49.200584], [16.568324, 49.200571], [16.568323, 49.200567], [16.568337, 49.200566], [16.569178, 49.200142], [16.569184, 49.200128], [16.569317, 49.200395], [16.569215, 49.200514], [16.569246, 49.200661], [16.569678, 49.201054], [16.569951, 49.20146], [16.570178, 49.201583], [16.570412, 49.201766], [16.570415, 49.201976], [16.570371, 49.202133], [16.57055, 49.202305], [16.570952, 49.202627], [16.571179, 49.202877], [16.571205, 49.202897], [16.571486, 49.203116], [16.571903, 49.203236], [16.572171, 49.20348], [16.572273, 49.20347], [16.572599, 49.203282], [16.572613, 49.203269], [16.572823, 49.203257], [16.573384, 49.203052], [16.573754, 49.202799], [16.574063, 49.202587], [16.574196, 49.202303], [16.574178, 49.202273], [16.57505, 49.201723], [16.575114, 49.201767], [16.575394, 49.201919], [16.575685, 49.202121], [16.576108, 49.202395], [16.57636, 49.202566], [16.576587, 49.202729], [16.576713, 49.202784], [16.576737, 49.202795], [16.576723, 49.202812], [16.576717, 49.202825], [16.576718, 49.202838], [16.576722, 49.202846], [16.576732, 49.202855], [16.576758, 49.20287], [16.576924, 49.202979], [16.57723, 49.203169], [16.577713, 49.203443], [16.578549, 49.203861], [16.579059, 49.204095], [16.579194, 49.204149], [16.579511, 49.204302], [16.579562, 49.2043], [16.579596, 49.204293], [16.579637, 49.204277], [16.57994, 49.204099], [16.580789, 49.203217], [16.580936, 49.203156], [16.581019, 49.203238], [16.581373, 49.203214], [16.581392, 49.203146], [16.582011, 49.203266], [16.58201, 49.203258], [16.582613, 49.203294], [16.582586, 49.20349], [16.582581, 49.203504], [16.58257, 49.203615], [16.582551, 49.203735], [16.582519, 49.203975], [16.582488, 49.204227], [16.582491, 49.20426], [16.582492, 49.204374], [16.582504, 49.204473], [16.582541, 49.20468], [16.582563, 49.204765], [16.58267, 49.204753], [16.582669, 49.204745]]]}}, {"type": "Feature", "properties": {"zone_id": 20399003, "name": "Brno-Královo Pole", "admin_level": "9", "source": "OSM relation 20399003"}, "geometry": {"type": "Polygon", "coordinates": [[[16.620418, 49.235982], [16.620571, 49.236376], [16.620737, 49.236819], [16.621031, 49.237198], [16.621663, 49.237399], [16.622459, 49.237568], [16.622666, 49.237606], [16.623052, 49.237621], [16.623521, 49.237733], [16.623781, 49.2378], [16.624174, 49.237954], [16.624895, 49.238328], [16.6248, 49.238391], [16.626001, 49.238856], [16.626363, 49.239213], [16.626634, 49.239259], [16.627146, 49.239259], [16.627322, 49.239264], [16.627422, 49.239485], [16.627474, 49.239681], [16.627506, 49.239834], [16.62753, 49.240091], [16.627528, 49.240361], [16.627475, 49.240623], [16.627353, 49.241254], [16.627218, 49.241918], [16.627173, 49.24212], [16.627092, 49.242347], [16.626858, 49.242922], [16.626525, 49.24374], [16.626443, 49.24393], [16.626342, 49.244088], [16.626334, 49.244096], [16.626309, 49.244128], [16.626183, 49.244268], [16.626046, 49.244383], [16.62566, 49.244695], [16.62545, 49.244825], [16.625047, 49.245073], [16.624947, 49.245155], [16.624931, 49.245144], [16.624855, 49.245093], [16.624823, 49.245072], [16.624773, 49.24514], [16.624589, 49.245382], [16.624491, 49.245391], [16.62434, 49.245431], [16.624084, 49.245524], [16.62396, 49.245571], [16.62395, 49.245576], [16.623839, 49.245289], [16.623706, 49.24495], [16.623676, 49.244871], [16.623605, 49.244748], [16.623564, 49.24468], [16.623534, 49.24463], [16.623522, 49.244613], [16.623398, 49.244647], [16.62296, 49.244838], [16.622723, 49.24494], [16.622718, 49.244943], [16.622208, 49.24517], [16.622025, 49.24525], [16.621936, 49.245284], [16.621587, 49.245425], [16.621574, 49.245433], [16.62127, 49.24554], [16.620749, 49.245746], [16.620438, 49.245903], [16.620247, 49.245947], [16.619418, 49.246055], [16.618484, 49.246265], [16.617936, 49.246409], [16.617699, 49.246464], [16.617238, 49.246607], [16.617196, 49.24662], [16.617056, 49.246666], [16.61655, 49.246824], [16.615962, 49.246999], [16.615926, 49.247011], [16.61578, 49.247062], [16.61554, 49.247035], [16.615133, 49.247017], [16.614618, 49.247055], [16.613945, 49.247031], [16.613335, 49.247007], [16.612626, 49.246971], [16.6123, 49.246949], [16.612271, 49.246974], [16.612136, 49.24696], [16.611998, 49.246964], [16.611776, 49.247005], [16.611672, 49.247016], [16.611505, 49.246996], [16.611348, 49.246971], [16.610754, 49.246918], [16.610372, 49.246858], [16.609454, 49.246671], [16.608465, 49.246386], [16.608202, 49.246302], [16.607367, 49.246089], [16.606611, 49.245944], [16.605989, 49.245882], [16.60502, 49.245495], [16.604757, 49.245321], [16.604114, 49.244805], [16.604022, 49.244681], [16.603927, 49.244564], [16.60342, 49.244204], [16.603228, 49.243909], [16.602889, 49.243707], [16.60261, 49.24349], [16.60252, 49.243455], [16.602081, 49.243285], [16.601577, 49.243018], [16.601131, 49.242733], [16.60099, 49.242665], [16.60094, 49.242643], [16.60072, 49.242548], [16.600417, 49.242484], [16.600141, 49.24245], [16.599835, 49.242318], [16.599755, 49.242266], [16.599654, 49.242178], [16.59918, 49.241891], [16.598999, 49.241667], [16.598876, 49.241549], [16.59871, 49.241406], [16.598466, 49.241232], [16.598389, 49.241134], [16.597842, 49.241218], [16.597769, 49.241216], [16.597611, 49.241193], [16.597519, 49.241157], [16.597155, 49.240937], [16.597047, 49.240907], [16.596936, 49.240895], [16.596785, 49.240902], [16.596685, 49.240918], [16.596392, 49.241023], [16.595913, 49.241231], [16.595803, 49.241262], [16.595678, 49.241279], [16.595564, 49.241284], [16.595423, 49.241272], [16.595202, 49.241232], [16.594984, 49.241183], [16.594887, 49.241175], [16.594733, 49.24117], [16.594201, 49.241084], [16.593279, 49.24093], [16.593214, 49.240935], [16.593181, 49.241064], [16.592951, 49.241092], [16.592877, 49.241083], [16.592546, 49.241064], [16.592462, 49.241057], [16.592337, 49.241039], [16.591998, 49.240891], [16.591943, 49.240846], [16.591851, 49.240672], [16.591801, 49.240693], [16.591737, 49.240713], [16.591579, 49.240708], [16.590395, 49.240649], [16.590422, 49.240495], [16.58982, 49.240443], [16.58983, 49.240355], [16.589844, 49.240177], [16.589873, 49.239883], [16.589888, 49.23958], [16.589882, 49.239375], [16.589847, 49.23911], [16.589854, 49.238945], [16.589893, 49.238664], [16.58996, 49.238324], [16.590105, 49.237977], [16.590221, 49.237746], [16.590346, 49.237538], [16.590625, 49.237179], [16.590899, 49.236848], [16.591385, 49.236333], [16.591628, 49.236083], [16.592177, 49.23551], [16.592183, 49.235501], [16.592271, 49.235509], [16.592288, 49.235491], [16.592165, 49.235395], [16.592262, 49.235339], [16.591758, 49.235228], [16.591094, 49.235069], [16.59061, 49.234981], [16.590084, 49.234892], [16.589068, 49.234717], [16.588835, 49.234675], [16.58814, 49.234558], [16.587839, 49.234477], [16.587748, 49.234451], [16.587839, 49.234336], [16.587872, 49.234283], [16.58789, 49.234275], [16.588121, 49.233977], [16.588242, 49.233802], [16.588521, 49.233406], [16.588163, 49.233365], [16.587856, 49.233359], [16.587671, 49.23336], [16.587438, 49.233391], [16.587132, 49.233403], [16.586779, 49.233393], [16.586513, 49.23338], [16.586362, 49.233366], [16.585988, 49.233336], [16.585266, 49.233294], [16.58497, 49.233252], [16.584711, 49.233206], [16.584349, 49.23311], [16.583709, 49.232908], [16.583446, 49.232801], [16.58305, 49.232632], [16.582273, 49.232288], [16.582254, 49.232261], [16.581685, 49.231982], [16.581257, 49.231807], [16.580827, 49.231642], [16.580084, 49.231377], [16.579651, 49.231238], [16.579493, 49.231189], [16.579427, 49.231176], [16.579169, 49.231131], [16.577512, 49.230847], [16.576253, 49.230627], [16.575491, 49.230488], [16.575119, 49.230398], [16.573738, 49.231494], [16.573471, 49.231696], [16.572771, 49.23222], [16.572909, 49.23226], [16.572502, 49.232585], [16.571191, 49.23362], [16.570941, 49.233814], [16.569676, 49.234831], [16.569552, 49.234922], [16.569523, 49.23497], [16.569252, 49.235167], [16.569123, 49.23526], [16.568569, 49.23564], [16.568486, 49.2357], [16.568363, 49.235792], [16.568246, 49.235737], [16.56793, 49.235961], [16.568009, 49.236012], [16.567845, 49.236095], [16.567609, 49.23623], [16.567284, 49.23639], [16.567102, 49.236444], [16.566926, 49.236512], [16.566671, 49.236602], [16.566413, 49.236712], [16.56673, 49.236923], [16.566478, 49.236984], [16.566266, 49.237033], [16.56619, 49.237065], [16.565943, 49.237192], [16.565641, 49.237352], [16.565432, 49.237458], [16.565099, 49.237657], [16.564792, 49.237442], [16.564727, 49.237391], [16.564537, 49.237162], [16.564359, 49.236871], [16.564328, 49.23673], [16.564394, 49.236307], [16.564482, 49.235966], [16.564678, 49.235355], [16.564659, 49.235102], [16.564664, 49.234652], [16.564719, 49.234167], [16.564502, 49.233612], [16.564256, 49.232919], [16.564111, 49.232575], [16.56407, 49.232357], [16.564033, 49.232277], [16.563776, 49.23221], [16.563693, 49.232083], [16.56353, 49.231877], [16.563446, 49.231708], [16.563377, 49.231362], [16.563257, 49.231208], [16.563098, 49.230878], [16.563112, 49.230515], [16.563127, 49.230212], [16.563161, 49.230069], [16.563178, 49.229973], [16.563223, 49.229767], [16.563228, 49.229731], [16.563535, 49.229775], [16.56363, 49.229629], [16.56374, 49.2295], [16.563869, 49.229375], [16.563944, 49.229234], [16.564188, 49.229184], [16.564397, 49.229059], [16.565034, 49.229028], [16.565212, 49.228908], [16.565621, 49.228831], [16.56574, 49.228712], [16.565796, 49.228552], [16.565671, 49.228483], [16.565513, 49.228314], [16.565535, 49.228243], [16.56574, 49.227898], [16.565793, 49.227829], [16.566179, 49.227474], [16.566412, 49.227368], [16.566965, 49.227245], [16.567235, 49.227211], [16.567496, 49.227191], [16.567784, 49.227164], [16.568021, 49.227136], [16.568372, 49.227065], [16.5687, 49.226917], [16.568819, 49.226793], [16.568952, 49.226656], [16.569159, 49.226247], [16.569284, 49.225918], [16.569225, 49.225709], [16.569156, 49.225604], [16.570477, 49.225139], [16.570975, 49.224802], [16.571377, 49.224522], [16.571375, 49.224379], [16.571519, 49.224359], [16.571904, 49.224307], [16.572089, 49.224277], [16.572263, 49.224246], [16.572413, 49.224209], [16.572732, 49.224121], [16.573157, 49.223989], [16.573408, 49.223922], [16.573525, 49.223884], [16.573957, 49.223762], [16.574204, 49.223706], [16.574477, 49.223608], [16.5746, 49.223561], [16.574738, 49.223502], [16.574749, 49.223501], [16.574749, 49.223497], [16.574981, 49.223399], [16.575065, 49.223361], [16.575213, 49.223285], [16.575295, 49.223238], [16.575295, 49.223281], [16.575299, 49.223415], [16.575431, 49.223362], [16.575512, 49.223332], [16.575525, 49.223325], [16.575596, 49.223298], [16.575622, 49.223335], [16.575933, 49.223253], [16.576153, 49.223201], [16.576335, 49.223162], [16.576657, 49.223118], [16.577208, 49.22305], [16.577503, 49.223026], [16.57781, 49.223007], [16.578029, 49.222997], [16.578244, 49.222991], [16.578515, 49.222989], [16.578569, 49.222992], [16.578704, 49.223006], [16.579059, 49.223061], [16.579324, 49.223108], [16.579406, 49.22311], [16.579475, 49.223095], [16.579551, 49.223061], [16.579607, 49.223023], [16.579672, 49.222972], [16.57982, 49.222848], [16.579885, 49.222772], [16.579992, 49.222587], [16.580021, 49.222476], [16.580106, 49.222389], [16.580184, 49.222286], [16.580266, 49.222172], [16.580335, 49.222019], [16.580367, 49.221939], [16.580387, 49.221883], [16.580473, 49.221902], [16.581572, 49.222219], [16.581942, 49.221804], [16.582502, 49.221139], [16.58258, 49.221058], [16.582648, 49.221002], [16.582729, 49.220955], [16.582745, 49.220955], [16.582763, 49.220953], [16.582809, 49.220927], [16.58285, 49.220899], [16.582989, 49.22088], [16.583127, 49.22088], [16.583275, 49.220683], [16.583264, 49.220677], [16.583186, 49.220615], [16.583152, 49.22056], [16.583134, 49.220503], [16.583128, 49.220453], [16.583141, 49.220369], [16.583189, 49.220282], [16.583239, 49.220217], [16.583343, 49.220095], [16.583592, 49.21978], [16.583721, 49.219629], [16.584103, 49.219147], [16.584471, 49.218697], [16.584867, 49.218202], [16.585276, 49.217701], [16.585393, 49.217563], [16.585681, 49.217212], [16.586421, 49.216339], [16.586971, 49.21565], [16.588213, 49.214161], [16.588225, 49.21414], [16.588282, 49.214157], [16.588892, 49.214337], [16.589671, 49.214566], [16.589892, 49.21463], [16.590053, 49.214678], [16.590145, 49.214708], [16.590888, 49.213618], [16.591156, 49.213538], [16.591514, 49.213431], [16.591683, 49.213379], [16.591864, 49.213343], [16.592261, 49.213443], [16.592312, 49.213365], [16.592351, 49.213297], [16.592334, 49.213293], [16.59231, 49.213283], [16.592284, 49.21327], [16.592264, 49.213256], [16.592244, 49.21324], [16.592232, 49.213224], [16.592226, 49.213207], [16.592224, 49.213189], [16.592228, 49.213169], [16.592237, 49.213152], [16.59257, 49.212594], [16.592588, 49.212574], [16.592607, 49.212561], [16.592632, 49.21255], [16.592664, 49.212545], [16.592699, 49.212545], [16.592726, 49.21255], [16.592772, 49.212562], [16.5928, 49.212518], [16.592751, 49.212505], [16.592727, 49.212495], [16.592706, 49.212481], [16.592692, 49.212466], [16.592683, 49.212448], [16.592684, 49.212429], [16.592691, 49.212407], [16.593002, 49.211901], [16.593022, 49.211884], [16.59305, 49.211873], [16.59309, 49.211866], [16.593132, 49.211867], [16.593192, 49.211882], [16.59322, 49.211829], [16.593158, 49.211812], [16.593128, 49.211796], [16.593108, 49.211777], [16.593098, 49.211754], [16.5931, 49.21173], [16.593485, 49.211096], [16.593498, 49.211078], [16.593518, 49.211062], [16.59354, 49.21105], [16.593566, 49.211043], [16.593592, 49.21104], [16.593628, 49.211042], [16.593674, 49.211054], [16.59371, 49.210993], [16.593665, 49.21098], [16.593638, 49.210968], [16.593626, 49.21096], [16.593612, 49.210938], [16.593611, 49.210927], [16.593615, 49.210893], [16.593781, 49.210607], [16.594418, 49.209561], [16.595047, 49.208534], [16.595055, 49.208525], [16.595067, 49.208504], [16.595077, 49.208496], [16.595091, 49.208489], [16.595119, 49.208483], [16.595142, 49.208484], [16.595166, 49.208488], [16.595202, 49.208497], [16.596451, 49.208828], [16.598268, 49.209301], [16.598282, 49.209306], [16.598301, 49.209315], [16.598326, 49.209335], [16.598338, 49.209351], [16.598346, 49.209374], [16.598497, 49.209399], [16.598528, 49.209391], [16.598547, 49.209387], [16.598568, 49.209387], [16.598603, 49.20939], [16.599654, 49.209667], [16.601053, 49.210032], [16.60177, 49.210224], [16.60249, 49.210413], [16.602531, 49.210345], [16.602571, 49.210354], [16.602619, 49.210352], [16.602639, 49.210344], [16.602666, 49.210331], [16.602912, 49.210407], [16.602917, 49.210372], [16.603536, 49.209298], [16.603558, 49.209279], [16.603571, 49.209272], [16.603588, 49.209269], [16.603628, 49.209272], [16.603662, 49.209212], [16.603635, 49.209201], [16.603629, 49.209196], [16.603623, 49.209184], [16.603621, 49.209173], [16.603626, 49.20914], [16.603973, 49.208533], [16.604036, 49.208459], [16.604374, 49.207878], [16.604399, 49.207853], [16.604412, 49.207844], [16.604458, 49.207828], [16.604515, 49.207723], [16.604525, 49.207718], [16.604691, 49.207689], [16.604742, 49.207702], [16.604877, 49.207717], [16.60496, 49.207728], [16.605488, 49.207886], [16.605687, 49.207976], [16.605703, 49.207987], [16.605765, 49.208011], [16.607703, 49.208699], [16.608323, 49.208896], [16.608561, 49.20898], [16.608651, 49.209013], [16.60871, 49.209038], [16.608732, 49.209047], [16.608877, 49.209112], [16.608898, 49.209125], [16.609238, 49.209287], [16.609396, 49.209394], [16.609464, 49.209445], [16.609524, 49.2095], [16.609559, 49.209535], [16.6097, 49.209465], [16.609715, 49.209538], [16.60975, 49.20963], [16.609802, 49.20973], [16.609854, 49.209801], [16.609926, 49.209885], [16.609938, 49.209897], [16.610011, 49.209944], [16.610089, 49.210011], [16.610108, 49.210025], [16.610092, 49.210035], [16.610137, 49.210071], [16.610224, 49.21013], [16.610309, 49.210182], [16.610404, 49.210227], [16.610515, 49.210275], [16.610612, 49.210315], [16.610692, 49.210341], [16.610836, 49.210385], [16.611073, 49.210433], [16.61132, 49.210467], [16.611563, 49.210491], [16.612246, 49.210544], [16.612522, 49.210579], [16.612891, 49.210659], [16.613122, 49.210719], [16.613124, 49.210717], [16.613313, 49.210774], [16.613356, 49.210788], [16.61363, 49.210889], [16.613891, 49.210997], [16.614141, 49.211132], [16.614344, 49.211254], [16.614773, 49.211522], [16.614815, 49.211516], [16.614845, 49.211497], [16.614969, 49.211494], [16.615189, 49.211609], [16.615341, 49.211687], [16.6155, 49.211784], [16.616212, 49.21216], [16.616294, 49.212206], [16.616325, 49.21222], [16.616442, 49.212262], [16.616729, 49.212335], [16.616692, 49.212391], [16.616674, 49.212415], [16.616497, 49.212636], [16.616486, 49.212642], [16.61658, 49.212728], [16.616633, 49.212832], [16.616644, 49.212931], [16.616631, 49.213011], [16.616617, 49.213051], [16.61659, 49.213122], [16.616526, 49.213259], [16.616478, 49.213354], [16.616489, 49.213355], [16.616472, 49.213392], [16.616243, 49.213862], [16.615717, 49.214765], [16.615388, 49.215353], [16.615245, 49.215669], [16.61516, 49.216006], [16.615168, 49.216271], [16.615206, 49.21645], [16.615294, 49.216671], [16.615378, 49.216838], [16.615471, 49.216966], [16.615651, 49.217171], [16.615961, 49.217449], [16.617231, 49.218511], [16.617528, 49.21881], [16.617746, 49.21899], [16.617773, 49.219048], [16.617752, 49.219095], [16.617712, 49.219144], [16.617517, 49.219234], [16.617677, 49.219385], [16.618214, 49.219835], [16.61829, 49.219929], [16.618313, 49.219983], [16.618329, 49.219982], [16.618344, 49.220081], [16.618331, 49.220186], [16.618324, 49.22029], [16.618315, 49.220304], [16.618286, 49.220333], [16.618247, 49.220348], [16.618197, 49.220353], [16.618105, 49.220347], [16.61809, 49.220408], [16.618194, 49.220422], [16.618237, 49.220426], [16.618256, 49.220416], [16.618274, 49.220389], [16.618466, 49.220388], [16.618507, 49.220452], [16.618588, 49.220482], [16.618709, 49.220475], [16.6189, 49.220475], [16.618942, 49.220491], [16.618968, 49.220515], [16.619084, 49.220534], [16.619393, 49.220558], [16.619443, 49.220572], [16.619442, 49.220577], [16.619678, 49.220602], [16.619809, 49.220625], [16.619812, 49.220633], [16.619843, 49.22064], [16.619951, 49.220717], [16.619962, 49.220711], [16.620527, 49.221108], [16.620554, 49.221145], [16.620562, 49.22116], [16.620556, 49.221186], [16.620545, 49.221215], [16.620514, 49.22124], [16.620471, 49.221276], [16.62044, 49.221324], [16.620432, 49.221361], [16.620438, 49.221407], [16.620456, 49.221447], [16.62048, 49.221486], [16.620537, 49.221529], [16.620611, 49.221586], [16.620693, 49.221673], [16.620738, 49.221759], [16.620771, 49.221845], [16.620784, 49.221905], [16.620788, 49.221944], [16.620784, 49.221977], [16.620811, 49.221977], [16.620808, 49.221997], [16.620792, 49.222028], [16.620778, 49.222049], [16.620761, 49.222064], [16.620766, 49.222075], [16.621042, 49.222043], [16.621634, 49.221966], [16.621695, 49.221977], [16.621716, 49.221975], [16.621795, 49.22202], [16.621856, 49.222001], [16.621903, 49.222034], [16.621717, 49.222087], [16.621659, 49.2221], [16.621376, 49.222197], [16.620795, 49.222402], [16.6206, 49.222364], [16.620211, 49.222457], [16.620151, 49.222472], [16.619829, 49.222551], [16.619548, 49.222606], [16.619912, 49.222928], [16.618797, 49.22323], [16.618717, 49.223273], [16.618694, 49.223285], [16.618171, 49.22342], [16.61775, 49.223547], [16.616817, 49.223852], [16.616433, 49.223969], [16.616187, 49.224055], [16.615938, 49.224151], [16.61578, 49.224196], [16.61566, 49.224206], [16.615522, 49.224225], [16.615281, 49.224328], [16.615024, 49.22443], [16.614687, 49.224542], [16.614536, 49.224609], [16.61409, 49.224735], [16.613994, 49.22472], [16.613587, 49.224849], [16.61348, 49.224816], [16.613267, 49.224892], [16.613226, 49.224954], [16.612636, 49.225107], [16.611893, 49.225306], [16.61153, 49.225384], [16.611542, 49.225415], [16.611461, 49.225487], [16.61136, 49.225611], [16.611231, 49.225678], [16.611109, 49.225719], [16.611044, 49.225763], [16.6108, 49.225938], [16.61061, 49.226065], [16.610568, 49.226131], [16.610577, 49.226171], [16.610675, 49.226336], [16.610773, 49.226675], [16.611135, 49.227069], [16.611488, 49.227348], [16.61185, 49.227448], [16.612141, 49.227555], [16.612424, 49.227848], [16.612671, 49.228074], [16.612893, 49.228231], [16.61321, 49.228381], [16.613683, 49.228558], [16.614033, 49.228666], [16.61416, 49.228748], [16.614115, 49.228869], [16.614077, 49.229036], [16.614067, 49.229079], [16.614213, 49.229275], [16.614103, 49.229358], [16.614067, 49.22941], [16.61401, 49.229543], [16.613803, 49.229715], [16.613545, 49.22984], [16.613499, 49.229892], [16.613346, 49.230005], [16.613249, 49.230091], [16.61323, 49.230117], [16.613049, 49.230395], [16.612844, 49.230659], [16.612776, 49.230724], [16.612666, 49.230825], [16.612869, 49.231037], [16.613142, 49.231358], [16.613184, 49.231397], [16.613214, 49.231499], [16.613304, 49.231541], [16.613373, 49.231606], [16.613449, 49.231711], [16.61352, 49.231868], [16.613519, 49.232057], [16.613525, 49.23214], [16.613516, 49.232228], [16.613575, 49.232476], [16.613753, 49.232695], [16.613922, 49.232857], [16.614048, 49.232937], [16.614489, 49.233194], [16.614519, 49.233217], [16.614611, 49.233294], [16.614755, 49.233478], [16.614842, 49.233602], [16.614921, 49.233656], [16.615256, 49.233387], [16.615451, 49.233484], [16.61532, 49.233555], [16.615588, 49.233667], [16.616185, 49.233839], [16.61647, 49.23415], [16.616712, 49.234585], [16.616811, 49.234667], [16.616898, 49.234739], [16.617209, 49.234842], [16.617493, 49.234852], [16.617618, 49.234856], [16.617975, 49.234983], [16.618402, 49.235323], [16.618736, 49.235539], [16.619377, 49.235746], [16.620111, 49.235944], [16.620418, 49.235982]]]}}, {"type": "Feature", "properties": {"zone_id": 20399004, "name": "Brno-Medlánky", "admin_level": "9", "source": "OSM relation 20399004"}, "geometry": {"type": "Polygon", "coordinates": [[[16.587748, 49.234451], [16.58765, 49.234574], [16.587611, 49.23462], [16.587488, 49.234775], [16.587088, 49.235396], [16.586971, 49.235582], [16.586767, 49.2359], [16.586706, 49.235988], [16.58676, 49.235986], [16.586489, 49.236381], [16.586297, 49.236644], [16.58612, 49.236866], [16.585992, 49.237057], [16.585834, 49.237295], [16.585645, 49.237585], [16.585479, 49.237848], [16.585362, 49.238023], [16.58533, 49.23809], [16.585244, 49.238202], [16.584961, 49.238285], [16.584664, 49.238419], [16.584586, 49.23844], [16.584443, 49.238502], [16.584369, 49.238608], [16.58413, 49.238666], [16.583832, 49.238777], [16.583491, 49.238945], [16.583474, 49.238975], [16.583443, 49.238969], [16.583313, 49.23903], [16.58287, 49.239238], [16.582611, 49.239362], [16.582196, 49.239555], [16.582073, 49.239615], [16.581467, 49.239907], [16.581074, 49.240089], [16.580572, 49.240322], [16.580114, 49.240527], [16.579673, 49.240737], [16.579075, 49.241015], [16.578901, 49.241116], [16.57819, 49.241449], [16.577911, 49.241561], [16.577407, 49.241782], [16.577021, 49.241954], [16.576964, 49.241978], [16.577064, 49.242072], [16.577253, 49.242253], [16.577397, 49.24238], [16.577704, 49.242654], [16.577664, 49.242675], [16.577696, 49.242706], [16.577396, 49.2429], [16.577166, 49.243045], [16.57714, 49.243025], [16.576877, 49.243201], [16.576727, 49.24328], [16.576518, 49.243417], [16.576287, 49.243499], [16.576169, 49.243615], [16.575994, 49.243791], [16.575923, 49.243861], [16.575883, 49.243899], [16.575744, 49.244032], [16.575708, 49.244084], [16.575526, 49.244305], [16.575167, 49.244665], [16.574975, 49.24482], [16.574717, 49.244989], [16.574351, 49.245202], [16.574299, 49.245229], [16.574012, 49.245436], [16.573873, 49.245536], [16.573724, 49.245663], [16.5737, 49.24568], [16.573604, 49.245755], [16.5735, 49.245823], [16.573395, 49.245888], [16.573287, 49.24595], [16.573072, 49.246069], [16.57282, 49.246201], [16.572567, 49.246345], [16.572265, 49.246532], [16.57191, 49.246722], [16.571856, 49.246751], [16.57178, 49.246792], [16.571619, 49.246879], [16.571556, 49.246913], [16.571221, 49.247085], [16.571177, 49.247107], [16.571134, 49.247133], [16.570955, 49.247234], [16.570826, 49.247316], [16.570691, 49.247388], [16.570427, 49.247541], [16.570396, 49.247559], [16.570214, 49.247661], [16.570016, 49.247791], [16.569648, 49.248011], [16.569342, 49.248212], [16.569198, 49.248309], [16.569132, 49.248353], [16.569059, 49.248411], [16.568707, 49.248653], [16.568608, 49.248723], [16.568366, 49.248894], [16.568273, 49.248959], [16.567312, 49.248489], [16.5664, 49.248058], [16.565409, 49.247577], [16.565306, 49.247536], [16.56522, 49.247503], [16.565183, 49.247496], [16.565078, 49.247667], [16.564812, 49.2481], [16.564451, 49.248686], [16.564215, 49.249068], [16.564167, 49.249079], [16.563624, 49.249568], [16.563352, 49.24986], [16.562822, 49.25027], [16.562533, 49.250358], [16.561991, 49.25051], [16.561665, 49.250639], [16.561435, 49.250893], [16.561364, 49.250979], [16.56123, 49.251126], [16.56109, 49.251301], [16.560507, 49.251969], [16.560492, 49.251981], [16.559993, 49.251803], [16.559787, 49.251757], [16.559777, 49.251792], [16.559748, 49.251891], [16.559613, 49.252266], [16.559511, 49.252602], [16.559223, 49.253227], [16.559186, 49.253352], [16.558382, 49.253382], [16.557945, 49.25339], [16.557651, 49.253409], [16.557272, 49.253437], [16.557056, 49.253253], [16.556321, 49.253159], [16.555993, 49.253109], [16.555427, 49.253088], [16.555048, 49.253049], [16.554824, 49.25303], [16.554166, 49.252994], [16.553803, 49.252922], [16.553417, 49.252771], [16.552845, 49.252806], [16.552703, 49.252981], [16.552554, 49.253258], [16.55257, 49.253669], [16.552532, 49.254175], [16.552541, 49.2545], [16.552509, 49.255066], [16.55254, 49.255422], [16.552511, 49.255718], [16.552619, 49.256107], [16.552803, 49.256719], [16.552812, 49.25725], [16.55272, 49.257718], [16.552489, 49.25838], [16.552151, 49.25873], [16.552027, 49.258763], [16.55149, 49.258899], [16.55123, 49.259013], [16.55101, 49.259057], [16.549996, 49.259192], [16.549436, 49.259275], [16.548176, 49.259112], [16.547202, 49.258862], [16.547029, 49.258811], [16.546336, 49.258557], [16.545239, 49.257661], [16.544517, 49.257129], [16.544056, 49.257094], [16.543444, 49.25689], [16.542789, 49.256476], [16.542516, 49.255909], [16.542373, 49.255871], [16.542542, 49.255764], [16.543877, 49.254652], [16.544002, 49.254548], [16.544734, 49.253939], [16.545091, 49.253638], [16.545781, 49.253064], [16.546507, 49.252463], [16.546967, 49.252081], [16.547368, 49.25174], [16.547456, 49.251769], [16.54745, 49.251701], [16.547695, 49.25151], [16.547842, 49.251359], [16.547963, 49.251215], [16.548056, 49.251111], [16.548156, 49.251011], [16.548257, 49.250911], [16.548555, 49.250801], [16.548749, 49.250717], [16.548667, 49.250658], [16.549241, 49.250181], [16.549841, 49.249683], [16.550747, 49.248926], [16.551555, 49.248258], [16.551854, 49.248005], [16.551967, 49.247816], [16.552317, 49.247529], [16.552743, 49.246617], [16.553625, 49.244933], [16.553652, 49.244719], [16.553735, 49.244472], [16.553692, 49.244151], [16.553645, 49.2436], [16.55364, 49.243296], [16.553655, 49.243041], [16.554106, 49.242428], [16.554246, 49.242298], [16.554519, 49.242272], [16.555395, 49.242217], [16.556922, 49.24214], [16.557015, 49.242118], [16.557027, 49.242052], [16.55709, 49.24203], [16.557256, 49.241979], [16.557628, 49.241865], [16.55809, 49.241728], [16.558256, 49.24166], [16.558352, 49.241627], [16.558908, 49.241374], [16.559099, 49.241259], [16.559249, 49.241177], [16.559386, 49.241087], [16.559395, 49.241075], [16.559991, 49.240699], [16.56028, 49.240472], [16.560402, 49.240358], [16.560508, 49.240231], [16.560619, 49.240125], [16.560772, 49.240027], [16.561065, 49.239848], [16.561676, 49.239537], [16.56183, 49.239449], [16.562274, 49.239254], [16.56274, 49.239009], [16.563365, 49.238669], [16.563916, 49.238393], [16.563981, 49.238353], [16.564025, 49.23833], [16.564362, 49.238087], [16.564672, 49.237904], [16.564836, 49.237815], [16.565099, 49.237657], [16.565432, 49.237458], [16.565641, 49.237352], [16.565943, 49.237192], [16.56619, 49.237065], [16.566266, 49.237033], [16.566478, 49.236984], [16.56673, 49.236923], [16.566413, 49.236712], [16.566671, 49.236602], [16.566926, 49.236512], [16.567102, 49.236444], [16.567284, 49.23639], [16.567609, 49.23623], [16.567845, 49.236095], [16.568009, 49.236012], [16.56793, 49.235961], [16.568246, 49.235737], [16.568363, 49.235792], [16.568486, 49.2357], [16.568569, 49.23564], [16.569123, 49.23526], [16.569252, 49.235167], [16.569523, 49.23497], [16.569552, 49.234922], [16.569676, 49.234831], [16.570941, 49.233814], [16.571191, 49.23362], [16.572502, 49.232585], [16.572909, 49.23226], [16.572771, 49.23222], [16.573471, 49.231696], [16.573738, 49.231494], [16.575119, 49.230398], [16.575491, 49.230488], [16.576253, 49.230627], [16.577512, 49.230847], [16.579169, 49.231131], [16.579427, 49.231176], [16.579493, 49.231189], [16.579651, 49.231238], [16.580084, 49.231377], [16.580827, 49.231642], [16.581257, 49.231807], [16.581685, 49.231982], [16.582254, 49.232261], [16.582273, 49.232288], [16.58305, 49.232632], [16.583446, 49.232801], [16.583709, 49.232908], [16.584349, 49.23311], [16.584711, 49.233206], [16.58497, 49.233252], [16.585266, 49.233294], [16.585988, 49.233336], [16.586362, 49.233366], [16.586513, 49.23338], [16.586779, 49.233393], [16.587132, 49.233403], [16.587438, 49.233391], [16.587671, 49.23336], [16.587856, 49.233359], [16.588163, 49.233365], [16.588521, 49.233406], [16.588242, 49.233802], [16.588121, 49.233977], [16.58789, 49.234275], [16.587872, 49.234283], [16.587839, 49.234336], [16.587748, 49.234451]]]}}, {"type": "Feature", "properties": {"zone_id": 20399005, "name": "Brno-Řečkovice a Mokrá Hora", "admin_level": "9", "source": "OSM relation 20399005"}, "geometry": {"type": "Polygon", "coordinates": [[[16.604281, 49.262506], [16.603592, 49.26232], [16.603588, 49.262056], [16.603515, 49.261936], [16.602934, 49.261697], [16.602702, 49.261625], [16.602637, 49.261797], [16.602653, 49.261815], [16.60249, 49.262395], [16.602252, 49.262873], [16.602002, 49.26288], [16.601796, 49.263437], [16.601927, 49.264612], [16.601619, 49.264585], [16.600696, 49.264676], [16.600418, 49.264643], [16.600178, 49.264643], [16.599816, 49.264719], [16.599341, 49.264757], [16.599059, 49.26474], [16.598472, 49.264617], [16.598245, 49.264607], [16.597856, 49.264517], [16.597633, 49.264567], [16.597561, 49.264688], [16.59714, 49.264692], [16.597184, 49.264125], [16.597397, 49.263461], [16.597534, 49.263117], [16.597287, 49.2619], [16.596608, 49.262248], [16.595687, 49.262735], [16.595674, 49.262568], [16.595585, 49.262368], [16.595518, 49.262302], [16.595363, 49.262045], [16.594954, 49.261712], [16.594231, 49.261879], [16.594138, 49.261901], [16.592439, 49.262297], [16.592431, 49.262323], [16.592449, 49.262546], [16.592303, 49.262923], [16.592112, 49.263057], [16.591983, 49.263199], [16.591816, 49.263297], [16.591657, 49.263509], [16.591496, 49.263512], [16.591356, 49.263485], [16.591414, 49.263452], [16.590889, 49.263424], [16.59083, 49.263426], [16.590765, 49.263422], [16.590647, 49.263424], [16.59062, 49.263423], [16.5905, 49.263281], [16.590445, 49.263174], [16.590224, 49.26284], [16.589919, 49.262251], [16.589879, 49.262259], [16.589831, 49.262175], [16.589621, 49.262002], [16.589203, 49.262108], [16.588332, 49.262433], [16.587247, 49.263067], [16.587791, 49.26343], [16.58682, 49.263893], [16.585649, 49.264361], [16.585479, 49.264749], [16.585171, 49.265017], [16.584779, 49.265413], [16.58438, 49.265661], [16.58393, 49.265805], [16.583928, 49.265912], [16.583963, 49.266099], [16.584093, 49.266195], [16.584261, 49.266279], [16.58428, 49.266366], [16.58423, 49.266487], [16.584262, 49.266609], [16.584311, 49.266759], [16.584365, 49.266823], [16.584431, 49.266927], [16.584403, 49.267051], [16.584447, 49.267117], [16.584512, 49.267181], [16.584594, 49.267271], [16.584689, 49.267441], [16.584569, 49.267442], [16.583429, 49.267523], [16.583261, 49.267454], [16.582637, 49.267333], [16.58242, 49.267292], [16.582145, 49.267097], [16.582359, 49.26668], [16.582194, 49.266429], [16.58175, 49.266167], [16.581592, 49.266048], [16.581566, 49.265791], [16.581491, 49.265496], [16.581252, 49.265195], [16.580961, 49.264931], [16.580929, 49.264718], [16.580639, 49.264422], [16.580574, 49.264226], [16.580533, 49.263931], [16.580172, 49.263607], [16.580071, 49.263403], [16.580088, 49.263261], [16.580266, 49.262844], [16.580267, 49.262753], [16.580273, 49.262285], [16.580361, 49.26192], [16.580561, 49.261431], [16.580746, 49.261094], [16.580984, 49.260749], [16.581356, 49.260317], [16.581575, 49.260094], [16.581842, 49.259874], [16.582113, 49.259677], [16.582422, 49.259489], [16.58261, 49.259376], [16.58315, 49.259092], [16.583216, 49.259064], [16.583601, 49.258893], [16.583892, 49.258793], [16.584359, 49.258652], [16.584444, 49.258628], [16.584499, 49.25861], [16.58437, 49.258594], [16.584129, 49.258507], [16.584034, 49.258467], [16.583988, 49.258455], [16.58383, 49.258411], [16.583777, 49.258352], [16.583586, 49.258187], [16.583588, 49.258167], [16.583586, 49.25815], [16.582924, 49.257948], [16.582718, 49.257944], [16.579511, 49.258564], [16.57927, 49.258696], [16.578892, 49.25901], [16.578623, 49.259218], [16.578387, 49.259338], [16.578156, 49.259387], [16.577866, 49.259387], [16.577576, 49.259411], [16.577442, 49.259449], [16.577069, 49.259602], [16.57698, 49.25967], [16.576717, 49.259862], [16.576695, 49.259869], [16.576241, 49.259943], [16.57604, 49.25996], [16.575429, 49.260004], [16.574976, 49.260052], [16.574832, 49.260039], [16.57447, 49.260062], [16.574402, 49.260125], [16.574229, 49.260151], [16.574047, 49.26019], [16.573863, 49.260156], [16.573572, 49.26007], [16.573382, 49.259988], [16.572975, 49.259854], [16.572975, 49.259848], [16.572977, 49.259606], [16.572974, 49.259536], [16.572958, 49.259329], [16.572824, 49.2592], [16.572762, 49.259053], [16.572692, 49.258941], [16.57264, 49.258658], [16.572568, 49.258528], [16.572504, 49.258326], [16.572467, 49.258073], [16.572263, 49.25794], [16.571876, 49.257924], [16.571738, 49.257922], [16.570823, 49.257805], [16.570523, 49.257814], [16.570203, 49.257793], [16.570021, 49.257719], [16.569826, 49.257576], [16.570257, 49.25709], [16.569952, 49.256989], [16.570076, 49.256915], [16.570159, 49.256858], [16.570104, 49.256818], [16.568395, 49.255573], [16.567062, 49.254602], [16.56691, 49.254492], [16.566897, 49.254482], [16.566883, 49.254472], [16.565797, 49.254656], [16.564502, 49.2549], [16.56398, 49.254991], [16.563784, 49.255045], [16.563534, 49.255151], [16.562818, 49.255549], [16.562403, 49.255758], [16.561936, 49.256034], [16.561695, 49.256143], [16.56125, 49.256132], [16.56046, 49.256097], [16.560253, 49.256114], [16.560177, 49.256125], [16.559992, 49.256177], [16.559704, 49.256313], [16.559333, 49.256534], [16.55883, 49.256842], [16.558772, 49.256843], [16.558718, 49.256794], [16.558814, 49.256732], [16.558563, 49.256601], [16.558229, 49.256422], [16.558179, 49.256347], [16.558127, 49.256325], [16.558249, 49.255714], [16.55836, 49.255218], [16.558425, 49.255075], [16.558472, 49.255009], [16.558549, 49.254942], [16.558562, 49.25494], [16.559384, 49.254601], [16.560244, 49.254382], [16.560738, 49.254246], [16.562148, 49.253756], [16.562121, 49.253593], [16.562202, 49.253563], [16.561889, 49.253442], [16.561335, 49.253397], [16.561225, 49.253399], [16.560362, 49.253401], [16.559223, 49.25335], [16.559186, 49.253352], [16.559223, 49.253227], [16.559511, 49.252602], [16.559613, 49.252266], [16.559748, 49.251891], [16.559777, 49.251792], [16.559787, 49.251757], [16.559993, 49.251803], [16.560492, 49.251981], [16.560507, 49.251969], [16.56109, 49.251301], [16.56123, 49.251126], [16.561364, 49.250979], [16.561435, 49.250893], [16.561665, 49.250639], [16.561991, 49.25051], [16.562533, 49.250358], [16.562822, 49.25027], [16.563352, 49.24986], [16.563624, 49.249568], [16.564167, 49.249079], [16.564215, 49.249068], [16.564451, 49.248686], [16.564812, 49.2481], [16.565078, 49.247667], [16.565183, 49.247496], [16.56522, 49.247503], [16.565306, 49.247536], [16.565409, 49.247577], [16.5664, 49.248058], [16.567312, 49.248489], [16.568273, 49.248959], [16.568366, 49.248894], [16.568608, 49.248723], [16.568707, 49.248653], [16.569059, 49.248411], [16.569132, 49.248353], [16.569198, 49.248309], [16.569342, 49.248212], [16.569648, 49.248011], [16.570016, 49.247791], [16.570214, 49.247661], [16.570396, 49.247559], [16.570427, 49.247541], [16.570691, 49.247388], [16.570826, 49.247316], [16.570955, 49.247234], [16.571134, 49.247133], [16.571177, 49.247107], [16.571221, 49.247085], [16.571556, 49.246913], [16.571619, 49.246879], [16.57178, 49.246792], [16.571856, 49.246751], [16.57191, 49.246722], [16.572265, 49.246532], [16.572567, 49.246345], [16.57282, 49.246201], [16.573072, 49.246069], [16.573287, 49.24595], [16.573395, 49.245888], [16.5735, 49.245823], [16.573604, 49.245755], [16.5737, 49.24568], [16.573724, 49.245663], [16.573873, 49.245536], [16.574012, 49.245436], [16.574299, 49.245229], [16.574351, 49.245202], [16.574717, 49.244989], [16.574975, 49.24482], [16.575167, 49.244665], [16.575526, 49.244305], [16.575708, 49.244084], [16.575744, 49.244032], [16.575883, 49.243899], [16.575923, 49.243861], [16.575994, 49.243791], [16.576169, 49.243615], [16.576287, 49.243499], [16.576518, 49.243417], [16.576727, 49.24328], [16.576877, 49.243201], [16.57714, 49.243025], [16.577166, 49.243045], [16.577396, 49.2429], [16.577696, 49.242706], [16.577664, 49.242675], [16.577704, 49.242654], [16.577397, 49.24238], [16.577253, 49.242253], [16.577064, 49.242072], [16.576964, 49.241978], [16.577021, 49.241954], [16.577407, 49.241782], [16.577911, 49.241561], [16.57819, 49.241449], [16.578901, 49.241116], [16.579075, 49.241015], [16.579673, 49.240737], [16.580114, 49.240527], [16.580572, 49.240322], [16.581074, 49.240089], [16.581467, 49.239907], [16.582073, 49.239615], [16.582196, 49.239555], [16.582611, 49.239362], [16.58287, 49.239238], [16.583313, 49.23903], [16.583443, 49.238969], [16.583474, 49.238975], [16.583491, 49.238945], [16.583832, 49.238777], [16.58413, 49.238666], [16.584369, 49.238608], [16.584443, 49.238502], [16.584586, 49.23844], [16.584664, 49.238419], [16.584961, 49.238285], [16.585244, 49.238202], [16.58533, 49.23809], [16.585362, 49.238023], [16.585479, 49.237848], [16.585645, 49.237585], [16.585834, 49.237295], [16.585992, 49.237057], [16.58612, 49.236866], [16.586297, 49.236644], [16.586489, 49.236381], [16.58676, 49.235986], [16.586706, 49.235988], [16.586767, 49.2359], [16.586971, 49.235582], [16.587088, 49.235396], [16.587488, 49.234775], [16.587611, 49.23462], [16.58765, 49.234574], [16.587748, 49.234451], [16.587839, 49.234477], [16.58814, 49.234558], [16.588835, 49.234675], [16.589068, 49.234717], [16.590084, 49.234892], [16.59061, 49.234981], [16.591094, 49.235069], [16.591758, 49.235228], [16.592262, 49.235339], [16.592165, 49.235395], [16.592288, 49.235491], [16.592271, 49.235509], [16.592183, 49.235501], [16.592177, 49.23551], [16.591628, 49.236083], [16.591385, 49.236333], [16.590899, 49.236848], [16.590625, 49.237179], [16.590346, 49.237538], [16.590221, 49.237746], [16.590105, 49.237977], [16.58996, 49.238324], [16.589893, 49.238664], [16.589854, 49.238945], [16.589847, 49.23911], [16.589882, 49.239375], [16.589888, 49.23958], [16.589873, 49.239883], [16.589844, 49.240177], [16.58983, 49.240355], [16.58982, 49.240443], [16.590422, 49.240495], [16.590395, 49.240649], [16.591579, 49.240708], [16.591737, 49.240713], [16.591801, 49.240693], [16.591851, 49.240672], [16.591943, 49.240846], [16.591998, 49.240891], [16.592337, 49.241039], [16.592462, 49.241057], [16.592546, 49.241064], [16.592877, 49.241083], [16.592951, 49.241092], [16.593181, 49.241064], [16.593214, 49.240935], [16.593279, 49.24093], [16.594201, 49.241084], [16.594733, 49.24117], [16.594887, 49.241175], [16.594984, 49.241183], [16.595202, 49.241232], [16.595423, 49.241272], [16.595564, 49.241284], [16.595678, 49.241279], [16.595803, 49.241262], [16.595913, 49.241231], [16.596392, 49.241023], [16.596685, 49.240918], [16.596785, 49.240902], [16.596936, 49.240895], [16.597047, 49.240907], [16.597155, 49.240937], [16.597519, 49.241157], [16.597611, 49.241193], [16.597769, 49.241216], [16.597842, 49.241218], [16.598389, 49.241134], [16.598466, 49.241232], [16.59871, 49.241406], [16.598876, 49.241549], [16.598999, 49.241667], [16.59918, 49.241891], [16.599654, 49.242178], [16.599755, 49.242266], [16.599835, 49.242318], [16.600141, 49.24245], [16.600417, 49.242484], [16.60072, 49.242548], [16.60094, 49.242643], [16.60099, 49.242665], [16.601131, 49.242733], [16.601577, 49.243018], [16.602081, 49.243285], [16.60252, 49.243455], [16.60261, 49.24349], [16.602889, 49.243707], [16.603228, 49.243909], [16.60342, 49.244204], [16.603927, 49.244564], [16.604022, 49.244681], [16.604114, 49.244805], [16.604757, 49.245321], [16.60502, 49.245495], [16.605989, 49.245882], [16.606611, 49.245944], [16.607367, 49.246089], [16.608202, 49.246302], [16.608465, 49.246386], [16.609454, 49.246671], [16.609294, 49.24679], [16.609117, 49.247116], [16.609122, 49.247294], [16.609207, 49.247433], [16.609329, 49.247788], [16.609439, 49.247883], [16.609473, 49.247911], [16.609732, 49.248207], [16.609837, 49.248296], [16.60995, 49.248371], [16.610015, 49.248425], [16.610078, 49.248486], [16.610159, 49.248566], [16.61021, 49.24862], [16.610242, 49.248659], [16.610276, 49.248699], [16.610362, 49.248804], [16.610598, 49.249081], [16.61074, 49.249279], [16.610777, 49.249389], [16.610902, 49.249652], [16.610988, 49.249848], [16.611073, 49.249961], [16.61108, 49.249979], [16.611267, 49.250162], [16.611499, 49.250341], [16.611768, 49.250473], [16.612087, 49.250637], [16.612307, 49.250773], [16.61264, 49.25085], [16.612951, 49.250893], [16.613235, 49.2509], [16.613647, 49.250945], [16.614215, 49.251053], [16.614457, 49.251132], [16.614579, 49.251203], [16.615042, 49.251461], [16.615422, 49.251629], [16.61576, 49.25178], [16.615938, 49.25182], [16.615971, 49.251827], [16.616207, 49.25188], [16.616235, 49.251891], [16.616326, 49.251931], [16.616401, 49.251964], [16.616588, 49.252074], [16.616597, 49.252085], [16.616635, 49.252126], [16.616698, 49.252196], [16.616809, 49.252304], [16.61682, 49.252315], [16.616538, 49.252453], [16.616421, 49.252541], [16.616425, 49.252662], [16.616617, 49.252824], [16.616627, 49.252828], [16.616842, 49.25296], [16.616722, 49.253036], [16.616735, 49.253043], [16.61689, 49.253145], [16.616918, 49.253165], [16.616863, 49.253201], [16.617061, 49.253317], [16.617221, 49.253413], [16.617328, 49.253466], [16.617411, 49.253509], [16.617546, 49.253604], [16.617523, 49.253687], [16.617486, 49.253769], [16.617452, 49.253819], [16.617409, 49.253886], [16.617357, 49.25401], [16.617348, 49.254033], [16.617463, 49.254097], [16.617634, 49.254197], [16.617745, 49.254266], [16.617846, 49.254316], [16.617902, 49.254347], [16.617957, 49.254387], [16.618168, 49.254539], [16.618173, 49.254544], [16.618242, 49.254616], [16.618346, 49.254724], [16.618459, 49.254843], [16.618524, 49.255054], [16.61853, 49.25507], [16.618535, 49.255086], [16.618546, 49.255125], [16.618562, 49.255174], [16.618492, 49.255259], [16.618128, 49.255707], [16.618076, 49.255769], [16.617888, 49.255921], [16.617676, 49.256093], [16.61762, 49.256139], [16.617315, 49.25629], [16.61678, 49.256656], [16.616414, 49.256859], [16.61589, 49.257323], [16.615602, 49.257555], [16.615457, 49.257697], [16.615355, 49.257852], [16.615142, 49.258063], [16.615117, 49.258087], [16.615097, 49.258105], [16.614984, 49.258256], [16.614867, 49.258381], [16.614478, 49.258602], [16.614048, 49.258697], [16.613529, 49.258908], [16.613418, 49.258985], [16.613358, 49.259051], [16.613324, 49.259088], [16.613187, 49.259239], [16.612851, 49.259418], [16.612709, 49.259516], [16.612689, 49.25953], [16.612504, 49.259657], [16.612462, 49.259685], [16.612418, 49.259763], [16.61223, 49.260094], [16.612125, 49.260171], [16.6121, 49.26019], [16.612025, 49.260248], [16.612005, 49.260263], [16.611825, 49.2604], [16.611557, 49.260604], [16.611018, 49.260935], [16.610553, 49.261274], [16.609709, 49.26201], [16.609087, 49.261989], [16.608154, 49.26224], [16.607342, 49.262336], [16.606825, 49.262349], [16.606727, 49.262332], [16.606477, 49.262287], [16.606406, 49.262298], [16.606245, 49.262324], [16.606125, 49.262328], [16.606043, 49.262331], [16.605975, 49.262335], [16.605533, 49.262363], [16.605398, 49.262365], [16.605256, 49.26238], [16.605124, 49.262385], [16.604841, 49.262436], [16.60472, 49.262486], [16.604495, 49.26253], [16.604366, 49.262516], [16.604281, 49.262506]]]}}, {"type": "Feature", "properties": {"zone_id": 20399006, "name": "Brno-Ivanovice", "admin_level": "9", "source": "OSM relation 20399006"}, "geometry": {"type": "Polygon", "coordinates": [[[16.58242, 49.267292], [16.582145, 49.267097], [16.582359, 49.26668], [16.582194, 49.266429], [16.58175, 49.266167], [16.581592, 49.266048], [16.581566, 49.265791], [16.581491, 49.265496], [16.581252, 49.265195], [16.580961, 49.264931], [16.580929, 49.264718], [16.580639, 49.264422], [16.580574, 49.264226], [16.580533, 49.263931], [16.580172, 49.263607], [16.580071, 49.263403], [16.580088, 49.263261], [16.580266, 49.262844], [16.580267, 49.262753], [16.580273, 49.262285], [16.580361, 49.26192], [16.580561, 49.261431], [16.580746, 49.261094], [16.580984, 49.260749], [16.581356, 49.260317], [16.581575, 49.260094], [16.581842, 49.259874], [16.582113, 49.259677], [16.582422, 49.259489], [16.58261, 49.259376], [16.58315, 49.259092], [16.583216, 49.259064], [16.583601, 49.258893], [16.583892, 49.258793], [16.584359, 49.258652], [16.584444, 49.258628], [16.584499, 49.25861], [16.58437, 49.258594], [16.584129, 49.258507], [16.584034, 49.258467], [16.583988, 49.258455], [16.58383, 49.258411], [16.583777, 49.258352], [16.583586, 49.258187], [16.583588, 49.258167], [16.583586, 49.25815], [16.582924, 49.257948], [16.582718, 49.257944], [16.579511, 49.258564], [16.57927, 49.258696], [16.578892, 49.25901], [16.578623, 49.259218], [16.578387, 49.259338], [16.578156, 49.259387], [16.577866, 49.259387], [16.577576, 49.259411], [16.577442, 49.259449], [16.577069, 49.259602], [16.57698, 49.25967], [16.576717, 49.259862], [16.576695, 49.259869], [16.576241, 49.259943], [16.57604, 49.25996], [16.575429, 49.260004], [16.574976, 49.260052], [16.574832, 49.260039], [16.57447, 49.260062], [16.574402, 49.260125], [16.574229, 49.260151], [16.574047, 49.26019], [16.573863, 49.260156], [16.573572, 49.26007], [16.573382, 49.259988], [16.572975, 49.259854], [16.572975, 49.259848], [16.572977, 49.259606], [16.572974, 49.259536], [16.572958, 49.259329], [16.572824, 49.2592], [16.572762, 49.259053], [16.572692, 49.258941], [16.57264, 49.258658], [16.572568, 49.258528], [16.572504, 49.258326], [16.572467, 49.258073], [16.572263, 49.25794], [16.571876, 49.257924], [16.571738, 49.257922], [16.570823, 49.257805], [16.570523, 49.257814], [16.570203, 49.257793], [16.570021, 49.257719], [16.569826, 49.257576], [16.570257, 49.25709], [16.569952, 49.256989], [16.570076, 49.256915], [16.570159, 49.256858], [16.570104, 49.256818], [16.568395, 49.255573], [16.567062, 49.254602], [16.56691, 49.254492], [16.566897, 49.254482], [16.566883, 49.254472], [16.565797, 49.254656], [16.564502, 49.2549], [16.56398, 49.254991], [16.563784, 49.255045], [16.563534, 49.255151], [16.562818, 49.255549], [16.562403, 49.255758], [16.561936, 49.256034], [16.561695, 49.256143], [16.56125, 49.256132], [16.56046, 49.256097], [16.560253, 49.256114], [16.560177, 49.256125], [16.559992, 49.256177], [16.559704, 49.256313], [16.559333, 49.256534], [16.55883, 49.256842], [16.558772, 49.256843], [16.558643, 49.256938], [16.558222, 49.257782], [16.558196, 49.257995], [16.558187, 49.258151], [16.558138, 49.258738], [16.558523, 49.258694], [16.558776, 49.258705], [16.558882, 49.258692], [16.559266, 49.258688], [16.560029, 49.258964], [16.559767, 49.25923], [16.559161, 49.259522], [16.559005, 49.259616], [16.558554, 49.259887], [16.558273, 49.260128], [16.55815, 49.260311], [16.558351, 49.260588], [16.559357, 49.260406], [16.559731, 49.260689], [16.560346, 49.261131], [16.560641, 49.261155], [16.56155, 49.260954], [16.561893, 49.261071], [16.561965, 49.261218], [16.56181, 49.26151], [16.561504, 49.261787], [16.561189, 49.261947], [16.561085, 49.262072], [16.561107, 49.262289], [16.561021, 49.262627], [16.56085, 49.263471], [16.560542, 49.2636], [16.560477, 49.26363], [16.560419, 49.263652], [16.559973, 49.263794], [16.559463, 49.263993], [16.559053, 49.264115], [16.558778, 49.264123], [16.557982, 49.264176], [16.557639, 49.264156], [16.5576, 49.264111], [16.557505, 49.263988], [16.557441, 49.263945], [16.557205, 49.26386], [16.556776, 49.263827], [16.556557, 49.263768], [16.556214, 49.26376], [16.556044, 49.26377], [16.556156, 49.263952], [16.556201, 49.264041], [16.556338, 49.264273], [16.556343, 49.264286], [16.555547, 49.264849], [16.555251, 49.265014], [16.554952, 49.265176], [16.554772, 49.265412], [16.553639, 49.265713], [16.553322, 49.26582], [16.553467, 49.265959], [16.554137, 49.265843], [16.554495, 49.265757], [16.554635, 49.26572], [16.554971, 49.265706], [16.555153, 49.26568], [16.555161, 49.265688], [16.555159, 49.265712], [16.555185, 49.265939], [16.555245, 49.266117], [16.555464, 49.266261], [16.555673, 49.266323], [16.555878, 49.266384], [16.556169, 49.266327], [16.55632, 49.266244], [16.556546, 49.265772], [16.556814, 49.265723], [16.55751, 49.265551], [16.558168, 49.265393], [16.558691, 49.265377], [16.558762, 49.265387], [16.558756, 49.265397], [16.558968, 49.265494], [16.558956, 49.265514], [16.55835, 49.265879], [16.558546, 49.265944], [16.558826, 49.266009], [16.558975, 49.266057], [16.559267, 49.266081], [16.559461, 49.266059], [16.559525, 49.266022], [16.559642, 49.265666], [16.560012, 49.265629], [16.560107, 49.265546], [16.560103, 49.265529], [16.560128, 49.265529], [16.560561, 49.265496], [16.560612, 49.265492], [16.560641, 49.265488], [16.56086, 49.265431], [16.561101, 49.26536], [16.561686, 49.265279], [16.561921, 49.265277], [16.562507, 49.265288], [16.562679, 49.26535], [16.56282, 49.26541], [16.563062, 49.265537], [16.56339, 49.265746], [16.563361, 49.265779], [16.563175, 49.266005], [16.563477, 49.266107], [16.563455, 49.266141], [16.563354, 49.266223], [16.563303, 49.266251], [16.563201, 49.266314], [16.563063, 49.266377], [16.563032, 49.266399], [16.562954, 49.26649], [16.562792, 49.266729], [16.562708, 49.266826], [16.562529, 49.267], [16.562529, 49.267095], [16.562446, 49.267466], [16.562513, 49.267524], [16.562715, 49.267867], [16.56235, 49.267977], [16.56174, 49.267777], [16.561207, 49.268065], [16.561199, 49.268415], [16.562424, 49.26862], [16.562788, 49.268752], [16.563051, 49.269038], [16.563258, 49.26919], [16.563439, 49.269424], [16.563547, 49.269711], [16.563872, 49.269933], [16.564073, 49.270137], [16.564097, 49.270171], [16.564161, 49.270265], [16.564243, 49.270384], [16.56431, 49.270561], [16.564328, 49.270609], [16.564334, 49.270643], [16.56435, 49.270731], [16.56436, 49.270793], [16.564367, 49.270991], [16.564375, 49.271236], [16.564409, 49.271579], [16.564612, 49.271709], [16.565174, 49.271759], [16.565727, 49.271809], [16.566289, 49.27186], [16.56635, 49.271711], [16.566555, 49.27139], [16.566586, 49.271226], [16.566611, 49.271098], [16.566613, 49.270648], [16.569199, 49.270722], [16.569446, 49.270003], [16.569658, 49.270039], [16.571679, 49.270373], [16.573743, 49.2707], [16.574938, 49.270903], [16.574975, 49.271104], [16.575031, 49.271461], [16.575065, 49.271803], [16.575205, 49.272177], [16.575282, 49.272645], [16.575443, 49.272877], [16.575858, 49.272863], [16.576421, 49.272914], [16.576932, 49.272955], [16.576945, 49.273286], [16.57718, 49.273356], [16.577443, 49.273369], [16.57751, 49.273675], [16.577705, 49.274063], [16.577338, 49.274242], [16.577149, 49.274411], [16.577109, 49.274586], [16.57714, 49.274574], [16.577441, 49.274473], [16.577719, 49.274494], [16.578654, 49.274163], [16.579499, 49.273801], [16.580148, 49.273381], [16.580373, 49.273033], [16.580914, 49.272467], [16.581047, 49.272113], [16.581302, 49.271706], [16.581613, 49.27136], [16.581938, 49.271017], [16.582144, 49.270816], [16.5822, 49.270618], [16.582084, 49.270356], [16.582005, 49.270108], [16.582148, 49.269896], [16.58234, 49.269583], [16.582377, 49.269446], [16.582505, 49.269166], [16.58243, 49.268942], [16.582443, 49.268787], [16.582525, 49.268485], [16.58246, 49.268196], [16.582539, 49.267597], [16.58242, 49.267292]]]}}, {"type": "Feature", "properties": {"zone_id": 20399007, "name": "Brno-Jehnice", "admin_level": "9", "source": "OSM relation 20399007"}, "geometry": {"type": "Polygon", "coordinates": [[[16.604281, 49.262506], [16.604417, 49.262899], [16.604527, 49.262918], [16.604737, 49.262962], [16.604883, 49.263043], [16.605006, 49.263221], [16.605025, 49.263333], [16.60507, 49.263386], [16.605027, 49.263575], [16.604944, 49.263732], [16.604852, 49.263979], [16.604776, 49.264097], [16.604703, 49.264182], [16.604566, 49.264294], [16.604343, 49.264444], [16.604212, 49.264616], [16.604024, 49.264846], [16.604098, 49.26508], [16.604683, 49.265789], [16.605293, 49.266376], [16.606051, 49.266988], [16.60579, 49.267854], [16.605716, 49.26811], [16.605219, 49.268676], [16.605207, 49.268699], [16.605096, 49.268952], [16.604489, 49.269714], [16.603687, 49.270443], [16.603692, 49.270589], [16.604243, 49.271342], [16.60464, 49.271712], [16.604857, 49.271828], [16.605089, 49.271925], [16.605661, 49.271997], [16.606159, 49.272193], [16.606839, 49.272236], [16.606704, 49.27261], [16.606459, 49.272808], [16.606299, 49.272952], [16.606169, 49.273005], [16.606023, 49.273041], [16.605738, 49.273115], [16.605591, 49.273124], [16.605366, 49.273159], [16.605172, 49.273168], [16.604354, 49.27326], [16.603517, 49.273351], [16.603159, 49.273441], [16.602833, 49.273481], [16.602552, 49.273483], [16.602365, 49.273368], [16.602285, 49.273381], [16.601932, 49.273755], [16.601689, 49.274034], [16.601409, 49.274422], [16.601338, 49.274522], [16.601234, 49.274544], [16.601148, 49.274618], [16.601186, 49.274675], [16.601106, 49.274868], [16.601005, 49.275061], [16.600891, 49.275275], [16.600654, 49.275703], [16.600641, 49.275716], [16.600524, 49.275885], [16.600349, 49.276144], [16.600529, 49.276244], [16.600368, 49.276412], [16.600344, 49.276521], [16.600303, 49.276805], [16.600298, 49.276823], [16.600261, 49.276955], [16.600226, 49.277031], [16.600181, 49.277116], [16.600027, 49.277318], [16.599968, 49.27738], [16.599901, 49.277497], [16.599812, 49.277581], [16.599705, 49.277655], [16.599672, 49.277706], [16.599566, 49.277766], [16.599506, 49.277848], [16.599374, 49.27796], [16.599344, 49.277993], [16.599233, 49.278229], [16.59924, 49.278444], [16.599369, 49.27871], [16.59974, 49.279346], [16.600369, 49.279908], [16.600563, 49.280031], [16.60074, 49.280377], [16.600738, 49.280519], [16.600779, 49.28061], [16.600631, 49.280685], [16.600448, 49.280853], [16.60022, 49.281271], [16.600112, 49.281614], [16.600184, 49.281957], [16.6003, 49.282662], [16.600331, 49.282834], [16.600528, 49.28312], [16.600703, 49.283325], [16.600906, 49.283653], [16.601085, 49.284028], [16.601128, 49.28411], [16.60118, 49.284214], [16.601306, 49.284425], [16.601389, 49.284687], [16.601423, 49.285045], [16.601438, 49.285104], [16.601408, 49.285356], [16.601458, 49.285744], [16.601567, 49.286193], [16.601493, 49.286484], [16.601431, 49.286759], [16.601226, 49.287065], [16.601123, 49.287266], [16.601294, 49.288142], [16.601291, 49.288601], [16.601298, 49.288624], [16.601284, 49.288843], [16.601288, 49.288971], [16.601383, 49.289153], [16.601442, 49.289254], [16.601538, 49.28943], [16.601616, 49.289641], [16.601664, 49.289784], [16.601612, 49.290014], [16.601722, 49.290279], [16.601714, 49.290406], [16.601668, 49.290626], [16.601001, 49.291043], [16.600814, 49.291128], [16.600733, 49.291121], [16.600369, 49.291324], [16.600108, 49.291493], [16.599642, 49.291789], [16.599393, 49.291994], [16.599199, 49.292133], [16.598907, 49.292309], [16.598833, 49.292465], [16.598916, 49.292613], [16.599105, 49.292735], [16.59932, 49.292846], [16.599371, 49.293122], [16.599421, 49.293309], [16.599349, 49.293486], [16.599221, 49.29356], [16.599121, 49.293347], [16.598742, 49.29304], [16.598227, 49.292692], [16.598256, 49.292569], [16.59764, 49.292008], [16.597673, 49.291917], [16.597669, 49.291629], [16.597533, 49.291278], [16.597496, 49.291013], [16.597298, 49.290594], [16.597202, 49.290296], [16.597181, 49.290034], [16.59696, 49.289514], [16.596771, 49.289259], [16.596544, 49.289009], [16.596314, 49.288285], [16.59621, 49.287976], [16.59617, 49.287642], [16.596137, 49.287353], [16.596079, 49.287235], [16.595843, 49.286956], [16.595655, 49.286677], [16.595506, 49.286389], [16.595444, 49.286077], [16.594885, 49.285725], [16.594397, 49.285594], [16.59393, 49.285474], [16.593235, 49.285285], [16.593088, 49.285337], [16.592672, 49.285551], [16.592304, 49.285647], [16.591674, 49.285726], [16.591253, 49.285684], [16.591043, 49.285685], [16.590316, 49.285564], [16.59028, 49.285542], [16.589614, 49.284937], [16.589527, 49.284714], [16.589427, 49.284555], [16.589335, 49.28448], [16.589231, 49.284379], [16.588639, 49.283842], [16.588685, 49.283448], [16.588449, 49.283347], [16.588156, 49.283307], [16.587824, 49.283285], [16.587563, 49.283261], [16.587218, 49.283241], [16.586725, 49.283239], [16.586469, 49.283247], [16.586172, 49.283253], [16.585978, 49.283264], [16.585608, 49.283315], [16.585134, 49.283388], [16.584509, 49.283542], [16.584378, 49.283607], [16.584326, 49.283509], [16.584256, 49.283411], [16.584016, 49.283229], [16.583836, 49.283138], [16.58371, 49.283123], [16.582677, 49.283218], [16.582192, 49.283319], [16.581603, 49.283435], [16.581207, 49.283515], [16.581112, 49.283504], [16.580408, 49.283352], [16.579761, 49.283325], [16.579555, 49.283342], [16.579388, 49.283287], [16.578986, 49.2831], [16.578754, 49.282948], [16.578678, 49.282627], [16.578755, 49.282358], [16.578852, 49.282182], [16.57898, 49.281988], [16.579084, 49.28171], [16.579243, 49.281419], [16.57933, 49.281412], [16.579552, 49.281124], [16.579732, 49.280638], [16.579593, 49.280117], [16.579435, 49.279651], [16.579356, 49.279357], [16.579348, 49.279113], [16.579459, 49.278898], [16.579616, 49.278799], [16.579411, 49.27832], [16.579353, 49.278272], [16.579602, 49.278105], [16.580047, 49.27766], [16.580286, 49.277382], [16.580334, 49.277166], [16.580183, 49.277056], [16.579779, 49.277182], [16.579283, 49.277297], [16.578904, 49.277348], [16.578409, 49.277435], [16.577895, 49.277513], [16.577585, 49.277516], [16.577324, 49.277478], [16.577049, 49.277508], [16.576641, 49.277474], [16.5763, 49.277302], [16.576104, 49.27719], [16.575876, 49.277116], [16.575677, 49.277059], [16.575424, 49.276852], [16.575231, 49.276564], [16.575006, 49.276209], [16.574983, 49.276155], [16.57492, 49.276024], [16.574593, 49.275541], [16.575285, 49.275249], [16.575833, 49.275042], [16.576322, 49.27486], [16.576885, 49.274709], [16.577109, 49.274586], [16.57714, 49.274574], [16.577441, 49.274473], [16.577719, 49.274494], [16.578654, 49.274163], [16.579499, 49.273801], [16.580148, 49.273381], [16.580373, 49.273033], [16.580914, 49.272467], [16.581047, 49.272113], [16.581302, 49.271706], [16.581613, 49.27136], [16.581938, 49.271017], [16.582144, 49.270816], [16.5822, 49.270618], [16.582084, 49.270356], [16.582005, 49.270108], [16.582148, 49.269896], [16.58234, 49.269583], [16.582377, 49.269446], [16.582505, 49.269166], [16.58243, 49.268942], [16.582443, 49.268787], [16.582525, 49.268485], [16.58246, 49.268196], [16.582539, 49.267597], [16.58242, 49.267292], [16.582637, 49.267333], [16.583261, 49.267454], [16.583429, 49.267523], [16.584569, 49.267442], [16.584689, 49.267441], [16.584594, 49.267271], [16.584512, 49.267181], [16.584447, 49.267117], [16.584403, 49.267051], [16.584431, 49.266927], [16.584365, 49.266823], [16.584311, 49.266759], [16.584262, 49.266609], [16.58423, 49.266487], [16.58428, 49.266366], [16.584261, 49.266279], [16.584093, 49.266195], [16.583963, 49.266099], [16.583928, 49.265912], [16.58393, 49.265805], [16.58438, 49.265661], [16.584779, 49.265413], [16.585171, 49.265017], [16.585479, 49.264749], [16.585649, 49.264361], [16.58682, 49.263893], [16.587791, 49.26343], [16.587247, 49.263067], [16.588332, 49.262433], [16.589203, 49.262108], [16.589621, 49.262002], [16.589831, 49.262175], [16.589879, 49.262259], [16.589919, 49.262251], [16.590224, 49.26284], [16.590445, 49.263174], [16.5905, 49.263281], [16.59062, 49.263423], [16.590647, 49.263424], [16.590765, 49.263422], [16.59083, 49.263426], [16.590889, 49.263424], [16.591414, 49.263452], [16.591356, 49.263485], [16.591496, 49.263512], [16.591657, 49.263509], [16.591816, 49.263297], [16.591983, 49.263199], [16.592112, 49.263057], [16.592303, 49.262923], [16.592449, 49.262546], [16.592431, 49.262323], [16.592439, 49.262297], [16.594138, 49.261901], [16.594231, 49.261879], [16.594954, 49.261712], [16.595363, 49.262045], [16.595518, 49.262302], [16.595585, 49.262368], [16.595674, 49.262568], [16.595687, 49.262735], [16.596608, 49.262248], [16.597287, 49.2619], [16.597534, 49.263117], [16.597397, 49.263461], [16.597184, 49.264125], [16.59714, 49.264692], [16.597561, 49.264688], [16.597633, 49.264567], [16.597856, 49.264517], [16.598245, 49.264607], [16.598472, 49.264617], [16.599059, 49.26474], [16.599341, 49.264757], [16.599816, 49.264719], [16.600178, 49.264643], [16.600418, 49.264643], [16.600696, 49.264676], [16.601619, 49.264585], [16.601927, 49.264612], [16.601796, 49.263437], [16.602002, 49.26288], [16.602252, 49.262873], [16.60249, 49.262395], [16.602653, 49.261815], [16.602637, 49.261797], [16.602702, 49.261625], [16.602934, 49.261697], [16.603515, 49.261936], [16.603588, 49.262056], [16.603592, 49.26232], [16.604281, 49.262506]]]}}, {"type": "Feature", "properties": {"zone_id": 20399008, "name": "Brno-Ořešín", "admin_level": "9", "source": "OSM relation 20399008"}, "geometry": {"type": "Polygon", "coordinates": [[[16.606839, 49.272236], [16.606704, 49.27261], [16.606459, 49.272808], [16.606299, 49.272952], [16.606169, 49.273005], [16.606023, 49.273041], [16.605738, 49.273115], [16.605591, 49.273124], [16.605366, 49.273159], [16.605172, 49.273168], [16.604354, 49.27326], [16.603517, 49.273351], [16.603159, 49.273441], [16.602833, 49.273481], [16.602552, 49.273483], [16.602365, 49.273368], [16.602285, 49.273381], [16.601932, 49.273755], [16.601689, 49.274034], [16.601409, 49.274422], [16.601338, 49.274522], [16.601234, 49.274544], [16.601148, 49.274618], [16.601186, 49.274675], [16.601106, 49.274868], [16.601005, 49.275061], [16.600891, 49.275275], [16.600654, 49.275703], [16.600641, 49.275716], [16.600524, 49.275885], [16.600349, 49.276144], [16.600529, 49.276244], [16.600368, 49.276412], [16.600344, 49.276521], [16.600303, 49.276805], [16.600298, 49.276823], [16.600261, 49.276955], [16.600226, 49.277031], [16.600181, 49.277116], [16.600027, 49.277318], [16.599968, 49.27738], [16.599901, 49.277497], [16.599812, 49.277581], [16.599705, 49.277655], [16.599672, 49.277706], [16.599566, 49.277766], [16.599506, 49.277848], [16.599374, 49.27796], [16.599344, 49.277993], [16.599233, 49.278229], [16.59924, 49.278444], [16.599369, 49.27871], [16.59974, 49.279346], [16.600369, 49.279908], [16.600563, 49.280031], [16.60074, 49.280377], [16.600738, 49.280519], [16.600779, 49.28061], [16.600631, 49.280685], [16.600448, 49.280853], [16.60022, 49.281271], [16.600112, 49.281614], [16.600184, 49.281957], [16.6003, 49.282662], [16.600331, 49.282834], [16.600528, 49.28312], [16.600703, 49.283325], [16.600906, 49.283653], [16.601085, 49.284028], [16.601128, 49.28411], [16.60118, 49.284214], [16.601306, 49.284425], [16.601389, 49.284687], [16.601423, 49.285045], [16.601438, 49.285104], [16.601408, 49.285356], [16.601458, 49.285744], [16.601567, 49.286193], [16.601493, 49.286484], [16.601431, 49.286759], [16.601226, 49.287065], [16.601123, 49.287266], [16.601294, 49.288142], [16.601291, 49.288601], [16.601298, 49.288624], [16.601284, 49.288843], [16.601288, 49.288971], [16.601383, 49.289153], [16.601442, 49.289254], [16.601538, 49.28943], [16.601616, 49.289641], [16.601664, 49.289784], [16.601612, 49.290014], [16.601722, 49.290279], [16.601872, 49.290165], [16.60204, 49.289993], [16.602268, 49.289943], [16.602701, 49.2899], [16.60295, 49.289868], [16.603052, 49.289963], [16.6037, 49.289749], [16.604006, 49.289722], [16.604333, 49.289642], [16.604498, 49.289471], [16.605085, 49.289286], [16.605496, 49.289287], [16.605827, 49.289254], [16.606048, 49.289272], [16.606216, 49.289453], [16.606402, 49.289512], [16.606804, 49.289536], [16.606877, 49.289565], [16.607042, 49.289634], [16.607329, 49.289922], [16.607537, 49.290023], [16.607827, 49.290061], [16.607996, 49.29011], [16.60851, 49.290175], [16.608848, 49.290268], [16.609097, 49.290384], [16.609403, 49.290431], [16.609969, 49.290497], [16.610227, 49.290554], [16.610466, 49.290631], [16.611, 49.290956], [16.61121, 49.291057], [16.611876, 49.291165], [16.612133, 49.291165], [16.612379, 49.291204], [16.612585, 49.291186], [16.612787, 49.291297], [16.6131, 49.29134], [16.613351, 49.291551], [16.613464, 49.291437], [16.613576, 49.291418], [16.613789, 49.291469], [16.613889, 49.291503], [16.614708, 49.291507], [16.615169, 49.291573], [16.615585, 49.29156], [16.615846, 49.291587], [16.616388, 49.291505], [16.616781, 49.291413], [16.617144, 49.291325], [16.617714, 49.291194], [16.617939, 49.291103], [16.618232, 49.290945], [16.618411, 49.290871], [16.618691, 49.290766], [16.618949, 49.290664], [16.619106, 49.290867], [16.619304, 49.290791], [16.61955, 49.291172], [16.619698, 49.291124], [16.619491, 49.290727], [16.61967, 49.290534], [16.619848, 49.290352], [16.619952, 49.29017], [16.62061, 49.289678], [16.620777, 49.289387], [16.621054, 49.289258], [16.621259, 49.289057], [16.621192, 49.288892], [16.621372, 49.288744], [16.621442, 49.288619], [16.621417, 49.288514], [16.621501, 49.288385], [16.621467, 49.288314], [16.621501, 49.288173], [16.621435, 49.288072], [16.621561, 49.287864], [16.621545, 49.28776], [16.621478, 49.28759], [16.621716, 49.2874], [16.621973, 49.287045], [16.622497, 49.286686], [16.622519, 49.286504], [16.622227, 49.28617], [16.622164, 49.285857], [16.62204, 49.285243], [16.622148, 49.284713], [16.622134, 49.284109], [16.622191, 49.284015], [16.622723, 49.283626], [16.623029, 49.283485], [16.623303, 49.283171], [16.623363, 49.283105], [16.623489, 49.282974], [16.623708, 49.282734], [16.62375, 49.282628], [16.623808, 49.282358], [16.624026, 49.28222], [16.624043, 49.28208], [16.62433, 49.281858], [16.624347, 49.281341], [16.624582, 49.281053], [16.624006, 49.28068], [16.623572, 49.280085], [16.622818, 49.279727], [16.622498, 49.279597], [16.622323, 49.27943], [16.621979, 49.279314], [16.621781, 49.279266], [16.62166, 49.27903], [16.621584, 49.278789], [16.621371, 49.278376], [16.620852, 49.2784], [16.620352, 49.278387], [16.620034, 49.278382], [16.619648, 49.278411], [16.619307, 49.27847], [16.618853, 49.278413], [16.618639, 49.278366], [16.618337, 49.278296], [16.617963, 49.278214], [16.617574, 49.27812], [16.6179, 49.277805], [16.618015, 49.277667], [16.618474, 49.277296], [16.618593, 49.277264], [16.618796, 49.277093], [16.61885, 49.276602], [16.618816, 49.276158], [16.61889, 49.275871], [16.619208, 49.275458], [16.619584, 49.274994], [16.619717, 49.274377], [16.620078, 49.274389], [16.620387, 49.274404], [16.621003, 49.274451], [16.621581, 49.27466], [16.622053, 49.274764], [16.623231, 49.274921], [16.62358, 49.274743], [16.623727, 49.274428], [16.624248, 49.273851], [16.624589, 49.273624], [16.624686, 49.273421], [16.624622, 49.273236], [16.624837, 49.272708], [16.624957, 49.271937], [16.625088, 49.271878], [16.624992, 49.27147], [16.625214, 49.271274], [16.625292, 49.271031], [16.622756, 49.27083], [16.622038, 49.270683], [16.621039, 49.270921], [16.620283, 49.271474], [16.619266, 49.271966], [16.618838, 49.272149], [16.618349, 49.272395], [16.617432, 49.2727], [16.61607, 49.273022], [16.615664, 49.273168], [16.615423, 49.273261], [16.615033, 49.273562], [16.614486, 49.273765], [16.614107, 49.27375], [16.613358, 49.273817], [16.613091, 49.27392], [16.612291, 49.273761], [16.611567, 49.273544], [16.61114, 49.273337], [16.610484, 49.273115], [16.610219, 49.272954], [16.610027, 49.272783], [16.609891, 49.272623], [16.609839, 49.272497], [16.609973, 49.272175], [16.609357, 49.271987], [16.609171, 49.272017], [16.608761, 49.272037], [16.608615, 49.272033], [16.608457, 49.272038], [16.608241, 49.272089], [16.608104, 49.272092], [16.607996, 49.272115], [16.60785, 49.272148], [16.607637, 49.272193], [16.607301, 49.272257], [16.60716, 49.272253], [16.606839, 49.272236]]]}}, {"type": "Feature", "properties": {"zone_id": 20399009, "name": "Brno-Útěchov", "admin_level": "9", "source": "OSM relation 20399009"}, "geometry": {"type": "Polygon", "coordinates": [[[16.623363, 49.283105], [16.623303, 49.283171], [16.623029, 49.283485], [16.622723, 49.283626], [16.622191, 49.284015], [16.622134, 49.284109], [16.622148, 49.284713], [16.62204, 49.285243], [16.622164, 49.285857], [16.622427, 49.285899], [16.62255, 49.28589], [16.622667, 49.285853], [16.62325, 49.285551], [16.624188, 49.285336], [16.624682, 49.285249], [16.625293, 49.285175], [16.626249, 49.285207], [16.627252, 49.285182], [16.627715, 49.285196], [16.627968, 49.285193], [16.628719, 49.285263], [16.629114, 49.285367], [16.629959, 49.285426], [16.629622, 49.285645], [16.629066, 49.285786], [16.628928, 49.285781], [16.628594, 49.28588], [16.628167, 49.285928], [16.627588, 49.286057], [16.62725, 49.286109], [16.627131, 49.28613], [16.626357, 49.28619], [16.626821, 49.286845], [16.627063, 49.287491], [16.627061, 49.287729], [16.627045, 49.288148], [16.626834, 49.288653], [16.627507, 49.288645], [16.627689, 49.288833], [16.627826, 49.288875], [16.627889, 49.288885], [16.628092, 49.288905], [16.628196, 49.288921], [16.628288, 49.288934], [16.628453, 49.288999], [16.628591, 49.289063], [16.628684, 49.289125], [16.628834, 49.289272], [16.628901, 49.289471], [16.629014, 49.289634], [16.628946, 49.289882], [16.628684, 49.290791], [16.630211, 49.290916], [16.630208, 49.291019], [16.630106, 49.291404], [16.630035, 49.29161], [16.630033, 49.291676], [16.630047, 49.291874], [16.630125, 49.292133], [16.630222, 49.292293], [16.630382, 49.292433], [16.630522, 49.292595], [16.63055, 49.292783], [16.630568, 49.293057], [16.630496, 49.293228], [16.630279, 49.293569], [16.630203, 49.293724], [16.630125, 49.293993], [16.63007, 49.29431], [16.630062, 49.294371], [16.63038, 49.294097], [16.63145, 49.293452], [16.631599, 49.293327], [16.63168, 49.293182], [16.632056, 49.292835], [16.632493, 49.292586], [16.632999, 49.292241], [16.633589, 49.291887], [16.633843, 49.291813], [16.634296, 49.291773], [16.634821, 49.291657], [16.635434, 49.291464], [16.635946, 49.291343], [16.636368, 49.291178], [16.636581, 49.291031], [16.637066, 49.290851], [16.637728, 49.290778], [16.638223, 49.290593], [16.638778, 49.290441], [16.638932, 49.290396], [16.639016, 49.290356], [16.639282, 49.290168], [16.639446, 49.290013], [16.639595, 49.289748], [16.63977, 49.289367], [16.640036, 49.289067], [16.640294, 49.288895], [16.640829, 49.288468], [16.64092, 49.288194], [16.641179, 49.28797], [16.641346, 49.287873], [16.642018, 49.28762], [16.642577, 49.287688], [16.642747, 49.287692], [16.643126, 49.287662], [16.64404, 49.287607], [16.644373, 49.287639], [16.64482, 49.287789], [16.644995, 49.287816], [16.645312, 49.287801], [16.645525, 49.287779], [16.646221, 49.287533], [16.646666, 49.287391], [16.647233, 49.287272], [16.647688, 49.28704], [16.647876, 49.286896], [16.648489, 49.286787], [16.648941, 49.286739], [16.648913, 49.286708], [16.648376, 49.286506], [16.647488, 49.286181], [16.646946, 49.28597], [16.646119, 49.285658], [16.645139, 49.285279], [16.644542, 49.285058], [16.643824, 49.284798], [16.642415, 49.284282], [16.642291, 49.284234], [16.64198, 49.284188], [16.640896, 49.283884], [16.639789, 49.283645], [16.639188, 49.283513], [16.638916, 49.283447], [16.638259, 49.283305], [16.637722, 49.283194], [16.637581, 49.283162], [16.636648, 49.282967], [16.636327, 49.282897], [16.635265, 49.282533], [16.634758, 49.282536], [16.634363, 49.282488], [16.634079, 49.282419], [16.633742, 49.282356], [16.633583, 49.282321], [16.633562, 49.282185], [16.633578, 49.282027], [16.633613, 49.281917], [16.63375, 49.281708], [16.633825, 49.281525], [16.633729, 49.281522], [16.633229, 49.281583], [16.632807, 49.281644], [16.631882, 49.281799], [16.631376, 49.281882], [16.631148, 49.281914], [16.629646, 49.282155], [16.627694, 49.282457], [16.627146, 49.282536], [16.626577, 49.282625], [16.624876, 49.282884], [16.624141, 49.282993], [16.623363, 49.283105]]]}}, {"type": "Feature", "properties": {"zone_id": 20399010, "name": "Brno-sever", "admin_level": "9", "source": "OSM relation 20399010"}, "geometry": {"type": "Polygon", "coordinates": [[[16.620418, 49.235982], [16.620571, 49.236376], [16.620737, 49.236819], [16.621031, 49.237198], [16.621663, 49.237399], [16.622459, 49.237568], [16.622666, 49.237606], [16.623052, 49.237621], [16.623521, 49.237733], [16.623781, 49.2378], [16.624174, 49.237954], [16.624895, 49.238328], [16.6248, 49.238391], [16.626001, 49.238856], [16.626363, 49.239213], [16.626634, 49.239259], [16.627146, 49.239259], [16.627322, 49.239264], [16.627422, 49.239485], [16.627474, 49.239681], [16.627506, 49.239834], [16.62753, 49.240091], [16.627528, 49.240361], [16.627475, 49.240623], [16.627353, 49.241254], [16.627218, 49.241918], [16.627173, 49.24212], [16.627092, 49.242347], [16.626858, 49.242922], [16.626525, 49.24374], [16.626443, 49.24393], [16.626342, 49.244088], [16.626334, 49.244096], [16.626309, 49.244128], [16.626183, 49.244268], [16.626046, 49.244383], [16.62566, 49.244695], [16.62545, 49.244825], [16.625047, 49.245073], [16.624947, 49.245155], [16.624931, 49.245144], [16.624855, 49.245093], [16.624823, 49.245072], [16.624773, 49.24514], [16.624589, 49.245382], [16.624491, 49.245391], [16.62434, 49.245431], [16.624084, 49.245524], [16.62396, 49.245571], [16.62395, 49.245576], [16.623839, 49.245289], [16.623706, 49.24495], [16.623676, 49.244871], [16.623605, 49.244748], [16.623564, 49.24468], [16.623534, 49.24463], [16.623522, 49.244613], [16.623398, 49.244647], [16.62296, 49.244838], [16.622723, 49.24494], [16.622718, 49.244943], [16.622208, 49.24517], [16.622025, 49.24525], [16.621936, 49.245284], [16.621587, 49.245425], [16.621574, 49.245433], [16.62127, 49.24554], [16.620749, 49.245746], [16.620438, 49.245903], [16.620247, 49.245947], [16.619418, 49.246055], [16.618484, 49.246265], [16.617936, 49.246409], [16.617699, 49.246464], [16.617238, 49.246607], [16.617196, 49.24662], [16.617056, 49.246666], [16.61655, 49.246824], [16.615962, 49.246999], [16.615926, 49.247011], [16.61578, 49.247062], [16.61554, 49.247035], [16.615133, 49.247017], [16.614618, 49.247055], [16.613945, 49.247031], [16.613335, 49.247007], [16.612626, 49.246971], [16.6123, 49.246949], [16.612271, 49.246974], [16.612136, 49.24696], [16.611998, 49.246964], [16.611776, 49.247005], [16.611672, 49.247016], [16.611505, 49.246996], [16.611348, 49.246971], [16.610754, 49.246918], [16.610372, 49.246858], [16.609454, 49.246671], [16.609294, 49.24679], [16.609117, 49.247116], [16.609122, 49.247294], [16.609207, 49.247433], [16.609329, 49.247788], [16.609439, 49.247883], [16.609473, 49.247911], [16.609732, 49.248207], [16.609837, 49.248296], [16.60995, 49.248371], [16.610015, 49.248425], [16.610078, 49.248486], [16.610159, 49.248566], [16.61021, 49.24862], [16.610242, 49.248659], [16.610276, 49.248699], [16.610362, 49.248804], [16.610598, 49.249081], [16.61074, 49.249279], [16.610777, 49.249389], [16.610902, 49.249652], [16.610988, 49.249848], [16.611073, 49.249961], [16.61108, 49.249979], [16.611267, 49.250162], [16.611499, 49.250341], [16.611768, 49.250473], [16.612087, 49.250637], [16.612307, 49.250773], [16.61264, 49.25085], [16.612951, 49.250893], [16.613235, 49.2509], [16.613647, 49.250945], [16.614215, 49.251053], [16.614457, 49.251132], [16.614579, 49.251203], [16.615042, 49.251461], [16.615422, 49.251629], [16.61576, 49.25178], [16.615938, 49.25182], [16.615971, 49.251827], [16.616207, 49.25188], [16.616235, 49.251891], [16.616326, 49.251931], [16.616401, 49.251964], [16.616588, 49.252074], [16.616597, 49.252085], [16.616635, 49.252126], [16.616698, 49.252196], [16.616809, 49.252304], [16.61682, 49.252315], [16.616538, 49.252453], [16.616421, 49.252541], [16.616425, 49.252662], [16.616617, 49.252824], [16.616627, 49.252828], [16.616842, 49.25296], [16.616722, 49.253036], [16.616735, 49.253043], [16.61689, 49.253145], [16.616918, 49.253165], [16.616863, 49.253201], [16.617061, 49.253317], [16.617221, 49.253413], [16.617328, 49.253466], [16.617411, 49.253509], [16.617546, 49.253604], [16.617523, 49.253687], [16.617486, 49.253769], [16.617452, 49.253819], [16.617409, 49.253886], [16.617357, 49.25401], [16.617348, 49.254033], [16.617463, 49.254097], [16.617634, 49.254197], [16.617745, 49.254266], [16.617846, 49.254316], [16.617902, 49.254347], [16.617957, 49.254387], [16.618168, 49.254539], [16.618173, 49.254544], [16.618242, 49.254616], [16.618346, 49.254724], [16.618459, 49.254843], [16.618524, 49.255054], [16.61853, 49.25507], [16.618535, 49.255086], [16.618546, 49.255125], [16.618562, 49.255174], [16.618492, 49.255259], [16.618128, 49.255707], [16.618076, 49.255769], [16.617888, 49.255921], [16.617676, 49.256093], [16.61762, 49.256139], [16.617315, 49.25629], [16.61678, 49.256656], [16.616414, 49.256859], [16.61589, 49.257323], [16.615602, 49.257555], [16.615457, 49.257697], [16.615355, 49.257852], [16.615142, 49.258063], [16.615117, 49.258087], [16.615097, 49.258105], [16.614984, 49.258256], [16.614867, 49.258381], [16.614478, 49.258602], [16.614048, 49.258697], [16.613529, 49.258908], [16.613418, 49.258985], [16.613358, 49.259051], [16.613324, 49.259088], [16.613187, 49.259239], [16.612851, 49.259418], [16.612709, 49.259516], [16.612689, 49.25953], [16.612504, 49.259657], [16.612462, 49.259685], [16.612418, 49.259763], [16.61223, 49.260094], [16.612125, 49.260171], [16.6121, 49.26019], [16.612025, 49.260248], [16.612005, 49.260263], [16.611825, 49.2604], [16.611557, 49.260604], [16.611018, 49.260935], [16.610553, 49.261274], [16.609709, 49.26201], [16.609087, 49.261989], [16.608154, 49.26224], [16.607342, 49.262336], [16.606825, 49.262349], [16.606727, 49.262332], [16.606477, 49.262287], [16.606406, 49.262298], [16.606245, 49.262324], [16.606125, 49.262328], [16.606043, 49.262331], [16.605975, 49.262335], [16.605533, 49.262363], [16.605398, 49.262365], [16.605256, 49.26238], [16.605124, 49.262385], [16.604841, 49.262436], [16.60472, 49.262486], [16.604495, 49.26253], [16.604366, 49.262516], [16.604281, 49.262506], [16.604417, 49.262899], [16.604527, 49.262918], [16.604737, 49.262962], [16.604883, 49.263043], [16.605006, 49.263221], [16.605025, 49.263333], [16.60507, 49.263386], [16.605027, 49.263575], [16.604944, 49.263732], [16.604852, 49.263979], [16.604776, 49.264097], [16.604703, 49.264182], [16.604566, 49.264294], [16.604343, 49.264444], [16.604212, 49.264616], [16.604024, 49.264846], [16.604098, 49.26508], [16.604683, 49.265789], [16.605293, 49.266376], [16.606051, 49.266988], [16.60579, 49.267854], [16.605716, 49.26811], [16.605219, 49.268676], [16.605207, 49.268699], [16.605096, 49.268952], [16.604489, 49.269714], [16.603687, 49.270443], [16.603692, 49.270589], [16.604243, 49.271342], [16.60464, 49.271712], [16.604857, 49.271828], [16.605089, 49.271925], [16.605661, 49.271997], [16.606159, 49.272193], [16.606839, 49.272236], [16.60716, 49.272253], [16.607301, 49.272257], [16.607637, 49.272193], [16.60785, 49.272148], [16.607996, 49.272115], [16.608104, 49.272092], [16.608241, 49.272089], [16.608457, 49.272038], [16.608615, 49.272033], [16.608761, 49.272037], [16.609171, 49.272017], [16.609357, 49.271987], [16.609973, 49.272175], [16.609839, 49.272497], [16.609891, 49.272623], [16.610027, 49.272783], [16.610219, 49.272954], [16.610484, 49.273115], [16.61114, 49.273337], [16.611567, 49.273544], [16.612291, 49.273761], [16.613091, 49.27392], [16.613358, 49.273817], [16.614107, 49.27375], [16.614486, 49.273765], [16.615033, 49.273562], [16.615423, 49.273261], [16.615664, 49.273168], [16.61607, 49.273022], [16.617432, 49.2727], [16.618349, 49.272395], [16.618838, 49.272149], [16.619266, 49.271966], [16.620283, 49.271474], [16.621039, 49.270921], [16.622038, 49.270683], [16.622756, 49.27083], [16.625292, 49.271031], [16.62565, 49.271003], [16.625824, 49.270976], [16.625974, 49.270941], [16.626234, 49.270913], [16.626524, 49.27076], [16.626741, 49.270579], [16.626919, 49.270482], [16.627236, 49.270285], [16.627332, 49.270136], [16.627362, 49.270093], [16.627493, 49.269798], [16.627444, 49.269666], [16.627751, 49.269244], [16.627826, 49.269061], [16.628028, 49.268932], [16.628069, 49.268824], [16.628351, 49.268653], [16.628729, 49.268472], [16.628956, 49.268578], [16.62903, 49.268612], [16.629334, 49.268696], [16.629597, 49.268777], [16.629801, 49.268766], [16.630041, 49.268744], [16.630263, 49.268714], [16.630517, 49.268715], [16.630722, 49.268696], [16.630972, 49.268692], [16.631417, 49.268643], [16.631751, 49.268642], [16.632216, 49.268668], [16.632257, 49.268668], [16.633172, 49.268638], [16.633819, 49.268497], [16.634847, 49.268251], [16.635768, 49.268228], [16.636663, 49.267545], [16.637044, 49.267094], [16.636994, 49.266356], [16.637103, 49.265895], [16.637355, 49.26553], [16.637381, 49.265496], [16.637574, 49.265218], [16.638179, 49.265123], [16.638675, 49.264741], [16.639859, 49.264094], [16.640422, 49.263523], [16.640557, 49.263474], [16.641039, 49.26331], [16.641494, 49.26292], [16.642268, 49.262456], [16.642725, 49.262122], [16.642996, 49.261555], [16.643455, 49.260479], [16.644024, 49.259776], [16.644625, 49.259095], [16.645184, 49.258521], [16.645225, 49.257814], [16.644704, 49.257119], [16.644902, 49.256541], [16.645037, 49.256239], [16.645247, 49.255777], [16.646062, 49.255089], [16.646459, 49.254319], [16.64627, 49.253454], [16.646709, 49.252784], [16.647287, 49.252087], [16.6473, 49.252063], [16.647415, 49.251771], [16.647435, 49.251728], [16.647642, 49.251159], [16.647317, 49.25112], [16.647223, 49.251107], [16.647061, 49.251228], [16.646356, 49.251512], [16.645384, 49.251533], [16.644529, 49.251309], [16.6443, 49.251275], [16.643751, 49.251198], [16.643423, 49.251019], [16.643392, 49.251003], [16.643084, 49.250839], [16.642485, 49.250345], [16.642367, 49.249802], [16.641949, 49.249211], [16.641727, 49.248671], [16.641403, 49.247912], [16.641601, 49.247273], [16.641183, 49.247473], [16.641158, 49.247448], [16.641111, 49.24759], [16.641064, 49.247621], [16.640912, 49.247606], [16.64075, 49.247625], [16.640628, 49.247699], [16.640518, 49.247879], [16.640332, 49.247961], [16.639953, 49.248051], [16.639761, 49.248087], [16.639653, 49.248135], [16.639555, 49.248244], [16.639013, 49.248434], [16.638773, 49.248497], [16.638453, 49.248491], [16.63808, 49.248499], [16.637726, 49.248447], [16.63733, 49.248339], [16.637127, 49.248295], [16.636826, 49.248262], [16.636514, 49.248183], [16.636227, 49.248193], [16.635908, 49.248188], [16.635795, 49.248163], [16.635669, 49.248175], [16.634946, 49.248364], [16.634622, 49.248483], [16.633604, 49.24885], [16.633316, 49.249045], [16.632917, 49.249247], [16.632698, 49.249317], [16.632362, 49.249377], [16.632092, 49.249343], [16.63189, 49.249362], [16.631657, 49.249332], [16.631486, 49.249354], [16.631309, 49.249303], [16.631178, 49.249246], [16.630903, 49.24902], [16.630619, 49.248871], [16.630331, 49.248766], [16.629693, 49.248626], [16.629424, 49.248493], [16.629299, 49.248462], [16.629086, 49.248364], [16.628863, 49.248365], [16.628543, 49.248388], [16.628095, 49.248414], [16.627973, 49.248549], [16.627768, 49.248585], [16.627312, 49.248634], [16.627113, 49.248651], [16.62691, 49.247864], [16.626612, 49.246666], [16.626863, 49.246494], [16.626735, 49.24576], [16.626583, 49.245767], [16.626203, 49.245782], [16.626027, 49.245778], [16.625938, 49.245753], [16.625643, 49.245664], [16.625562, 49.2456], [16.625518, 49.24557], [16.626011, 49.245354], [16.626071, 49.245283], [16.62594, 49.245122], [16.625759, 49.244957], [16.625976, 49.244777], [16.626154, 49.244621], [16.626424, 49.244348], [16.62679, 49.243971], [16.627187, 49.243382], [16.627634, 49.242685], [16.627746, 49.24239], [16.628078, 49.241943], [16.628242, 49.241828], [16.628543, 49.241683], [16.62884, 49.241609], [16.629102, 49.241579], [16.629883, 49.241446], [16.631129, 49.241298], [16.631122, 49.24127], [16.630889, 49.240662], [16.630933, 49.239939], [16.631005, 49.239621], [16.630199, 49.239472], [16.629927, 49.239428], [16.630034, 49.239153], [16.630252, 49.238639], [16.630634, 49.238574], [16.631098, 49.238373], [16.632026, 49.238046], [16.63244, 49.237779], [16.632667, 49.237519], [16.632256, 49.237358], [16.632494, 49.236802], [16.632319, 49.236572], [16.63224, 49.23647], [16.631744, 49.236162], [16.630557, 49.235846], [16.630167, 49.235738], [16.629377, 49.235674], [16.629422, 49.235534], [16.629474, 49.235384], [16.629703, 49.23504], [16.629928, 49.235023], [16.630004, 49.234954], [16.630077, 49.234917], [16.630379, 49.234677], [16.630885, 49.234644], [16.631078, 49.234062], [16.631089, 49.233868], [16.630844, 49.233778], [16.630712, 49.233749], [16.630612, 49.233731], [16.630264, 49.23364], [16.630333, 49.233502], [16.630513, 49.233423], [16.630801, 49.233233], [16.630703, 49.23315], [16.630916, 49.232917], [16.631087, 49.232791], [16.631121, 49.232755], [16.631348, 49.232496], [16.631519, 49.232264], [16.63145, 49.231902], [16.631467, 49.231693], [16.631477, 49.231519], [16.63197, 49.231587], [16.632053, 49.231462], [16.632075, 49.231426], [16.632216, 49.231291], [16.632359, 49.231128], [16.632111, 49.231006], [16.632143, 49.230951], [16.632277, 49.230935], [16.632448, 49.23093], [16.632659, 49.230933], [16.632694, 49.230941], [16.632822, 49.230848], [16.632848, 49.23081], [16.633028, 49.230512], [16.63309, 49.230388], [16.633139, 49.230361], [16.633327, 49.23032], [16.633508, 49.230301], [16.633546, 49.230289], [16.633687, 49.230248], [16.634513, 49.229974], [16.635126, 49.22978], [16.635171, 49.22954], [16.635222, 49.229317], [16.635183, 49.229164], [16.635176, 49.229128], [16.635173, 49.229102], [16.635081, 49.228837], [16.635068, 49.228786], [16.634905, 49.228346], [16.634788, 49.228088], [16.634718, 49.227931], [16.634632, 49.227747], [16.634494, 49.227556], [16.634332, 49.227328], [16.634246, 49.227055], [16.634268, 49.226915], [16.634236, 49.226786], [16.634186, 49.226681], [16.633918, 49.226417], [16.633835, 49.226331], [16.634312, 49.226241], [16.634777, 49.226073], [16.635096, 49.226002], [16.63538, 49.22593], [16.635477, 49.225903], [16.635664, 49.225931], [16.635616, 49.225831], [16.635759, 49.225778], [16.635855, 49.225745], [16.636292, 49.225602], [16.636568, 49.225504], [16.636866, 49.2254], [16.636845, 49.225378], [16.636816, 49.225342], [16.637323, 49.225161], [16.637314, 49.22511], [16.637358, 49.224944], [16.637379, 49.224905], [16.637443, 49.224801], [16.637538, 49.224697], [16.63755, 49.224683], [16.637635, 49.224568], [16.637705, 49.224418], [16.637859, 49.224165], [16.637868, 49.224127], [16.637833, 49.224022], [16.637752, 49.223932], [16.637501, 49.223794], [16.637394, 49.223714], [16.637295, 49.223593], [16.637258, 49.22356], [16.637187, 49.223522], [16.63705, 49.22347], [16.63688, 49.223421], [16.636709, 49.223381], [16.636483, 49.22329], [16.636316, 49.223188], [16.636241, 49.223121], [16.636229, 49.223097], [16.636235, 49.22296], [16.636309, 49.222829], [16.636368, 49.222797], [16.63653, 49.222744], [16.636602, 49.222737], [16.636628, 49.222726], [16.636634, 49.222724], [16.636683, 49.222705], [16.63666, 49.222678], [16.636657, 49.222675], [16.636683, 49.222599], [16.636907, 49.222183], [16.637033, 49.222162], [16.63704, 49.222163], [16.637103, 49.222177], [16.637108, 49.222154], [16.637107, 49.222071], [16.637057, 49.221828], [16.637044, 49.221646], [16.637118, 49.221475], [16.637341, 49.221148], [16.637541, 49.220744], [16.637634, 49.220459], [16.637696, 49.220358], [16.638701, 49.219562], [16.638904, 49.219388], [16.63903, 49.219308], [16.638901, 49.219008], [16.638842, 49.218765], [16.638836, 49.218617], [16.638869, 49.218422], [16.63889, 49.218373], [16.638982, 49.218219], [16.639176, 49.218059], [16.639223, 49.21803], [16.639378, 49.217911], [16.639437, 49.217873], [16.639554, 49.217766], [16.639736, 49.217619], [16.639944, 49.21748], [16.640159, 49.217364], [16.640459, 49.217255], [16.640716, 49.217142], [16.640934, 49.217033], [16.641081, 49.216968], [16.64124, 49.216889], [16.641416, 49.216805], [16.641473, 49.216931], [16.641534, 49.216919], [16.641655, 49.216897], [16.641727, 49.216883], [16.641729, 49.216889], [16.642019, 49.216715], [16.642217, 49.216478], [16.642339, 49.216159], [16.642332, 49.215814], [16.642283, 49.215678], [16.642281, 49.215676], [16.642276, 49.215659], [16.642245, 49.215574], [16.64224, 49.215559], [16.642201, 49.215432], [16.641862, 49.214883], [16.641834, 49.214841], [16.641648, 49.214599], [16.641534, 49.214458], [16.64004, 49.212776], [16.638929, 49.211526], [16.638918, 49.211514], [16.638196, 49.210668], [16.637674, 49.210043], [16.637549, 49.209891], [16.636976, 49.209202], [16.636941, 49.209159], [16.636931, 49.209147], [16.636795, 49.208982], [16.636773, 49.208957], [16.636468, 49.208578], [16.63606, 49.208672], [16.63556, 49.208691], [16.633944, 49.208613], [16.633465, 49.208506], [16.633181, 49.208375], [16.633003, 49.208293], [16.632452, 49.207784], [16.629721, 49.204244], [16.62944, 49.204353], [16.628943, 49.20376], [16.628301, 49.203132], [16.628215, 49.203007], [16.628146, 49.202794], [16.628119, 49.202545], [16.628084, 49.20248], [16.628091, 49.202384], [16.628119, 49.202253], [16.628153, 49.202145], [16.628215, 49.202024], [16.628434, 49.201665], [16.628477, 49.201625], [16.628625, 49.201381], [16.629094, 49.200465], [16.629191, 49.200227], [16.629276, 49.200033], [16.629337, 49.199633], [16.629392, 49.199468], [16.629381, 49.199402], [16.629416, 49.199308], [16.629426, 49.199288], [16.629418, 49.199276], [16.629406, 49.199269], [16.629394, 49.199262], [16.629371, 49.199253], [16.629385, 49.199235], [16.629388, 49.199232], [16.629392, 49.199227], [16.629348, 49.199213], [16.629338, 49.19914], [16.62919, 49.198182], [16.62865, 49.198187], [16.628481, 49.198244], [16.628078, 49.198448], [16.628027, 49.198474], [16.627938, 49.198519], [16.627906, 49.198536], [16.627873, 49.198554], [16.627827, 49.19858], [16.627703, 49.198643], [16.627661, 49.198664], [16.627423, 49.198785], [16.627291, 49.198853], [16.627112, 49.198943], [16.627105, 49.198947], [16.626718, 49.199144], [16.626656, 49.199175], [16.626606, 49.199201], [16.626482, 49.199264], [16.626393, 49.199309], [16.626295, 49.199359], [16.62622, 49.199401], [16.626221, 49.199404], [16.626207, 49.19941], [16.626204, 49.199408], [16.626059, 49.199485], [16.626062, 49.199487], [16.62602, 49.199508], [16.626024, 49.19951], [16.626015, 49.199515], [16.626005, 49.199509], [16.625972, 49.199501], [16.625961, 49.199501], [16.625963, 49.199498], [16.625768, 49.199455], [16.625689, 49.199438], [16.625612, 49.199421], [16.625247, 49.199347], [16.622162, 49.198709], [16.621704, 49.200118], [16.621976, 49.200196], [16.622132, 49.200235], [16.62225, 49.200266], [16.622259, 49.200269], [16.622283, 49.200283], [16.62229, 49.200298], [16.622291, 49.20031], [16.622276, 49.200378], [16.622255, 49.20048], [16.622209, 49.200709], [16.622199, 49.200714], [16.622137, 49.201042], [16.622171, 49.201064], [16.622119, 49.201311], [16.622123, 49.201319], [16.622096, 49.201456], [16.62207, 49.20161], [16.622038, 49.201769], [16.622035, 49.201768], [16.621972, 49.202102], [16.621782, 49.202098], [16.621585, 49.202093], [16.621399, 49.202087], [16.621226, 49.202073], [16.621044, 49.202057], [16.620864, 49.202041], [16.620688, 49.202016], [16.620528, 49.201993], [16.620355, 49.201969], [16.620182, 49.201943], [16.619813, 49.201839], [16.619506, 49.201751], [16.619327, 49.201699], [16.618815, 49.201554], [16.618646, 49.201521], [16.618451, 49.201483], [16.618377, 49.20147], [16.618107, 49.201423], [16.617938, 49.201388], [16.617833, 49.201378], [16.617834, 49.201375], [16.617736, 49.201366], [16.617188, 49.201314], [16.616951, 49.201302], [16.616939, 49.201306], [16.616891, 49.201311], [16.616891, 49.201313], [16.616759, 49.201312], [16.616656, 49.201314], [16.61655, 49.201315], [16.616428, 49.201327], [16.616254, 49.201344], [16.616201, 49.201353], [16.616081, 49.201373], [16.615942, 49.201397], [16.615861, 49.201411], [16.615818, 49.201419], [16.615624, 49.201453], [16.615483, 49.201452], [16.615486, 49.201657], [16.615478, 49.201668], [16.614352, 49.202885], [16.614338, 49.202894], [16.614317, 49.202895], [16.613765, 49.202866], [16.613754, 49.202927], [16.613736, 49.202927], [16.613699, 49.20294], [16.613693, 49.202946], [16.613453, 49.204875], [16.613506, 49.204887], [16.613391, 49.205846], [16.613376, 49.205908], [16.613343, 49.206006], [16.613307, 49.206078], [16.613227, 49.206201], [16.61315, 49.206288], [16.613066, 49.206362], [16.613035, 49.206384], [16.612938, 49.206449], [16.612752, 49.206546], [16.612261, 49.206759], [16.612163, 49.206816], [16.611948, 49.206975], [16.611051, 49.207672], [16.610474, 49.208127], [16.610288, 49.20829], [16.610229, 49.208344], [16.610188, 49.208394], [16.610123, 49.208462], [16.610088, 49.208509], [16.610052, 49.208539], [16.609968, 49.208655], [16.609888, 49.20878], [16.609849, 49.208847], [16.609794, 49.208954], [16.609722, 49.209131], [16.609699, 49.209215], [16.60969, 49.209296], [16.609689, 49.209368], [16.6097, 49.209465], [16.609715, 49.209538], [16.60975, 49.20963], [16.609802, 49.20973], [16.609854, 49.209801], [16.609926, 49.209885], [16.609938, 49.209897], [16.610011, 49.209944], [16.610089, 49.210011], [16.610108, 49.210025], [16.610092, 49.210035], [16.610137, 49.210071], [16.610224, 49.21013], [16.610309, 49.210182], [16.610404, 49.210227], [16.610515, 49.210275], [16.610612, 49.210315], [16.610692, 49.210341], [16.610836, 49.210385], [16.611073, 49.210433], [16.61132, 49.210467], [16.611563, 49.210491], [16.612246, 49.210544], [16.612522, 49.210579], [16.612891, 49.210659], [16.613122, 49.210719], [16.613124, 49.210717], [16.613313, 49.210774], [16.613356, 49.210788], [16.61363, 49.210889], [16.613891, 49.210997], [16.614141, 49.211132], [16.614344, 49.211254], [16.614773, 49.211522], [16.614815, 49.211516], [16.614845, 49.211497], [16.614969, 49.211494], [16.615189, 49.211609], [16.615341, 49.211687], [16.6155, 49.211784], [16.616212, 49.21216], [16.616294, 49.212206], [16.616325, 49.21222], [16.616442, 49.212262], [16.616729, 49.212335], [16.616692, 49.212391], [16.616674, 49.212415], [16.616497, 49.212636], [16.616486, 49.212642], [16.61658, 49.212728], [16.616633, 49.212832], [16.616644, 49.212931], [16.616631, 49.213011], [16.616617, 49.213051], [16.61659, 49.213122], [16.616526, 49.213259], [16.616478, 49.213354], [16.616489, 49.213355], [16.616472, 49.213392], [16.616243, 49.213862], [16.615717, 49.214765], [16.615388, 49.215353], [16.615245, 49.215669], [16.61516, 49.216006], [16.615168, 49.216271], [16.615206, 49.21645], [16.615294, 49.216671], [16.615378, 49.216838], [16.615471, 49.216966], [16.615651, 49.217171], [16.615961, 49.217449], [16.617231, 49.218511], [16.617528, 49.21881], [16.617746, 49.21899], [16.617773, 49.219048], [16.617752, 49.219095], [16.617712, 49.219144], [16.617517, 49.219234], [16.617677, 49.219385], [16.618214, 49.219835], [16.61829, 49.219929], [16.618313, 49.219983], [16.618329, 49.219982], [16.618344, 49.220081], [16.618331, 49.220186], [16.618324, 49.22029], [16.618315, 49.220304], [16.618286, 49.220333], [16.618247, 49.220348], [16.618197, 49.220353], [16.618105, 49.220347], [16.61809, 49.220408], [16.618194, 49.220422], [16.618237, 49.220426], [16.618256, 49.220416], [16.618274, 49.220389], [16.618466, 49.220388], [16.618507, 49.220452], [16.618588, 49.220482], [16.618709, 49.220475], [16.6189, 49.220475], [16.618942, 49.220491], [16.618968, 49.220515], [16.619084, 49.220534], [16.619393, 49.220558], [16.619443, 49.220572], [16.619442, 49.220577], [16.619678, 49.220602], [16.619809, 49.220625], [16.619812, 49.220633], [16.619843, 49.22064], [16.619951, 49.220717], [16.619962, 49.220711], [16.620527, 49.221108], [16.620554, 49.221145], [16.620562, 49.22116], [16.620556, 49.221186], [16.620545, 49.221215], [16.620514, 49.22124], [16.620471, 49.221276], [16.62044, 49.221324], [16.620432, 49.221361], [16.620438, 49.221407], [16.620456, 49.221447], [16.62048, 49.221486], [16.620537, 49.221529], [16.620611, 49.221586], [16.620693, 49.221673], [16.620738, 49.221759], [16.620771, 49.221845], [16.620784, 49.221905], [16.620788, 49.221944], [16.620784, 49.221977], [16.620811, 49.221977], [16.620808, 49.221997], [16.620792, 49.222028], [16.620778, 49.222049], [16.620761, 49.222064], [16.620766, 49.222075], [16.621042, 49.222043], [16.621634, 49.221966], [16.621695, 49.221977], [16.621716, 49.221975], [16.621795, 49.22202], [16.621856, 49.222001], [16.621903, 49.222034], [16.621717, 49.222087], [16.621659, 49.2221], [16.621376, 49.222197], [16.620795, 49.222402], [16.6206, 49.222364], [16.620211, 49.222457], [16.620151, 49.222472], [16.619829, 49.222551], [16.619548, 49.222606], [16.619912, 49.222928], [16.618797, 49.22323], [16.618717, 49.223273], [16.618694, 49.223285], [16.618171, 49.22342], [16.61775, 49.223547], [16.616817, 49.223852], [16.616433, 49.223969], [16.616187, 49.224055], [16.615938, 49.224151], [16.61578, 49.224196], [16.61566, 49.224206], [16.615522, 49.224225], [16.615281, 49.224328], [16.615024, 49.22443], [16.614687, 49.224542], [16.614536, 49.224609], [16.61409, 49.224735], [16.613994, 49.22472], [16.613587, 49.224849], [16.61348, 49.224816], [16.613267, 49.224892], [16.613226, 49.224954], [16.612636, 49.225107], [16.611893, 49.225306], [16.61153, 49.225384], [16.611542, 49.225415], [16.611461, 49.225487], [16.61136, 49.225611], [16.611231, 49.225678], [16.611109, 49.225719], [16.611044, 49.225763], [16.6108, 49.225938], [16.61061, 49.226065], [16.610568, 49.226131], [16.610577, 49.226171], [16.610675, 49.226336], [16.610773, 49.226675], [16.611135, 49.227069], [16.611488, 49.227348], [16.61185, 49.227448], [16.612141, 49.227555], [16.612424, 49.227848], [16.612671, 49.228074], [16.612893, 49.228231], [16.61321, 49.228381], [16.613683, 49.228558], [16.614033, 49.228666], [16.61416, 49.228748], [16.614115, 49.228869], [16.614077, 49.229036], [16.614067, 49.229079], [16.614213, 49.229275], [16.614103, 49.229358], [16.614067, 49.22941], [16.61401, 49.229543], [16.613803, 49.229715], [16.613545, 49.22984], [16.613499, 49.229892], [16.613346, 49.230005], [16.613249, 49.230091], [16.61323, 49.230117], [16.613049, 49.230395], [16.612844, 49.230659], [16.612776, 49.230724], [16.612666, 49.230825], [16.612869, 49.231037], [16.613142, 49.231358], [16.613184, 49.231397], [16.613214, 49.231499], [16.613304, 49.231541], [16.613373, 49.231606], [16.613449, 49.231711], [16.61352, 49.231868], [16.613519, 49.232057], [16.613525, 49.23214], [16.613516, 49.232228], [16.613575, 49.232476], [16.613753, 49.232695], [16.613922, 49.232857], [16.614048, 49.232937], [16.614489, 49.233194], [16.614519, 49.233217], [16.614611, 49.233294], [16.614755, 49.233478], [16.614842, 49.233602], [16.614921, 49.233656], [16.615256, 49.233387], [16.615451, 49.233484], [16.61532, 49.233555], [16.615588, 49.233667], [16.616185, 49.233839], [16.61647, 49.23415], [16.616712, 49.234585], [16.616811, 49.234667], [16.616898, 49.234739], [16.617209, 49.234842], [16.617493, 49.234852], [16.617618, 49.234856], [16.617975, 49.234983], [16.618402, 49.235323], [16.618736, 49.235539], [16.619377, 49.235746], [16.620111, 49.235944], [16.620418, 49.235982]]]}}, {"type": "Feature", "properties": {"zone_id": 20399011, "name": "Brno-Maloměřice a Obřany", "admin_level": "9", "source": "OSM relation 20399011"}, "geometry": {"type": "Polygon", "coordinates": [[[16.677521, 49.218115], [16.677126, 49.218125], [16.676083, 49.21803], [16.675244, 49.218796], [16.674079, 49.219009], [16.673376, 49.219193], [16.673099, 49.219279], [16.672231, 49.220005], [16.670616, 49.220551], [16.670678, 49.220992], [16.670498, 49.221602], [16.669249, 49.221693], [16.668328, 49.221753], [16.668156, 49.221764], [16.667671, 49.222211], [16.666829, 49.22263], [16.666704, 49.222933], [16.666605, 49.223197], [16.66637, 49.223505], [16.665953, 49.22396], [16.665576, 49.224386], [16.665026, 49.224781], [16.664988, 49.22481], [16.664883, 49.224878], [16.664794, 49.224932], [16.664669, 49.224973], [16.66487, 49.225344], [16.664998, 49.22548], [16.665351, 49.225815], [16.665599, 49.226086], [16.665976, 49.226479], [16.666198, 49.226658], [16.666285, 49.226765], [16.666456, 49.227126], [16.666559, 49.227397], [16.666611, 49.227567], [16.666691, 49.227785], [16.66672, 49.227977], [16.666761, 49.228278], [16.666789, 49.228386], [16.666894, 49.228626], [16.667063, 49.22888], [16.66722, 49.229071], [16.667314, 49.22926], [16.667611, 49.229618], [16.66768, 49.229698], [16.667985, 49.230002], [16.66807, 49.230082], [16.668123, 49.230123], [16.668445, 49.230286], [16.668706, 49.230421], [16.669127, 49.230613], [16.669548, 49.230778], [16.669679, 49.230806], [16.670501, 49.231067], [16.67146, 49.231456], [16.671634, 49.231546], [16.67175, 49.231647], [16.671936, 49.231803], [16.672125, 49.23198], [16.672307, 49.232224], [16.672352, 49.232273], [16.672621, 49.232499], [16.672897, 49.232769], [16.673072, 49.232897], [16.6733, 49.23313], [16.673352, 49.233333], [16.673254, 49.233529], [16.672695, 49.233936], [16.672366, 49.234055], [16.672188, 49.2341], [16.671928, 49.234117], [16.67155, 49.234085], [16.671119, 49.234079], [16.670594, 49.234119], [16.670106, 49.234129], [16.669909, 49.23404], [16.669849, 49.234015], [16.669739, 49.233998], [16.669611, 49.233997], [16.669302, 49.234084], [16.668935, 49.234172], [16.668396, 49.234313], [16.668061, 49.234408], [16.667801, 49.234937], [16.667642, 49.235146], [16.667155, 49.235274], [16.666789, 49.235366], [16.666381, 49.235606], [16.666044, 49.235886], [16.665759, 49.23635], [16.665713, 49.236635], [16.665813, 49.237036], [16.665881, 49.237629], [16.665898, 49.23809], [16.665798, 49.238153], [16.665618, 49.238391], [16.66563, 49.238445], [16.665626, 49.238642], [16.665522, 49.23869], [16.66544, 49.238703], [16.665142, 49.239031], [16.665235, 49.239157], [16.665114, 49.239211], [16.664269, 49.239475], [16.663664, 49.239502], [16.662933, 49.239622], [16.662232, 49.239743], [16.661714, 49.239837], [16.660979, 49.239871], [16.660353, 49.240071], [16.660029, 49.240113], [16.659856, 49.240147], [16.659722, 49.240184], [16.659655, 49.240201], [16.659542, 49.240247], [16.65918, 49.240383], [16.659034, 49.240417], [16.658881, 49.240456], [16.658794, 49.240475], [16.658744, 49.240489], [16.658527, 49.240559], [16.658304, 49.240642], [16.657851, 49.240856], [16.657717, 49.240903], [16.657486, 49.240987], [16.657462, 49.240992], [16.657367, 49.241026], [16.657255, 49.241062], [16.657124, 49.241108], [16.656911, 49.241211], [16.656706, 49.241316], [16.656622, 49.241372], [16.656496, 49.24145], [16.656398, 49.241516], [16.65598, 49.241771], [16.655697, 49.241872], [16.655124, 49.242124], [16.654305, 49.242504], [16.654092, 49.242615], [16.65372, 49.242761], [16.653146, 49.242975], [16.652959, 49.243059], [16.652713, 49.243137], [16.652567, 49.243211], [16.649754, 49.244307], [16.649517, 49.244397], [16.648536, 49.244616], [16.647965, 49.244904], [16.647783, 49.245301], [16.647383, 49.245267], [16.646859, 49.245181], [16.646458, 49.24516], [16.645962, 49.245148], [16.645702, 49.245163], [16.644719, 49.245177], [16.644275, 49.245143], [16.644068, 49.245113], [16.643971, 49.245089], [16.643965, 49.245104], [16.643947, 49.245098], [16.643326, 49.245636], [16.642394, 49.246202], [16.641891, 49.246605], [16.641519, 49.246965], [16.641306, 49.24706], [16.641324, 49.247093], [16.641601, 49.247273], [16.641183, 49.247473], [16.641158, 49.247448], [16.641111, 49.24759], [16.641064, 49.247621], [16.640912, 49.247606], [16.64075, 49.247625], [16.640628, 49.247699], [16.640518, 49.247879], [16.640332, 49.247961], [16.639953, 49.248051], [16.639761, 49.248087], [16.639653, 49.248135], [16.639555, 49.248244], [16.639013, 49.248434], [16.638773, 49.248497], [16.638453, 49.248491], [16.63808, 49.248499], [16.637726, 49.248447], [16.63733, 49.248339], [16.637127, 49.248295], [16.636826, 49.248262], [16.636514, 49.248183], [16.636227, 49.248193], [16.635908, 49.248188], [16.635795, 49.248163], [16.635669, 49.248175], [16.634946, 49.248364], [16.634622, 49.248483], [16.633604, 49.24885], [16.633316, 49.249045], [16.632917, 49.249247], [16.632698, 49.249317], [16.632362, 49.249377], [16.632092, 49.249343], [16.63189, 49.249362], [16.631657, 49.249332], [16.631486, 49.249354], [16.631309, 49.249303], [16.631178, 49.249246], [16.630903, 49.24902], [16.630619, 49.248871], [16.630331, 49.248766], [16.629693, 49.248626], [16.629424, 49.248493], [16.629299, 49.248462], [16.629086, 49.248364], [16.628863, 49.248365], [16.628543, 49.248388], [16.628095, 49.248414], [16.627973, 49.248549], [16.627768, 49.248585], [16.627312, 49.248634], [16.627113, 49.248651], [16.62691, 49.247864], [16.626612, 49.246666], [16.626863, 49.246494], [16.626735, 49.24576], [16.626583, 49.245767], [16.626203, 49.245782], [16.626027, 49.245778], [16.625938, 49.245753], [16.625643, 49.245664], [16.625562, 49.2456], [16.625518, 49.24557], [16.626011, 49.245354], [16.626071, 49.245283], [16.62594, 49.245122], [16.625759, 49.244957], [16.625976, 49.244777], [16.626154, 49.244621], [16.626424, 49.244348], [16.62679, 49.243971], [16.627187, 49.243382], [16.627634, 49.242685], [16.627746, 49.24239], [16.628078, 49.241943], [16.628242, 49.241828], [16.628543, 49.241683], [16.62884, 49.241609], [16.629102, 49.241579], [16.629883, 49.241446], [16.631129, 49.241298], [16.631122, 49.24127], [16.630889, 49.240662], [16.630933, 49.239939], [16.631005, 49.239621], [16.630199, 49.239472], [16.629927, 49.239428], [16.630034, 49.239153], [16.630252, 49.238639], [16.630634, 49.238574], [16.631098, 49.238373], [16.632026, 49.238046], [16.63244, 49.237779], [16.632667, 49.237519], [16.632256, 49.237358], [16.632494, 49.236802], [16.632319, 49.236572], [16.63224, 49.23647], [16.631744, 49.236162], [16.630557, 49.235846], [16.630167, 49.235738], [16.629377, 49.235674], [16.629422, 49.235534], [16.629474, 49.235384], [16.629703, 49.23504], [16.629928, 49.235023], [16.630004, 49.234954], [16.630077, 49.234917], [16.630379, 49.234677], [16.630885, 49.234644], [16.631078, 49.234062], [16.631089, 49.233868], [16.630844, 49.233778], [16.630712, 49.233749], [16.630612, 49.233731], [16.630264, 49.23364], [16.630333, 49.233502], [16.630513, 49.233423], [16.630801, 49.233233], [16.630703, 49.23315], [16.630916, 49.232917], [16.631087, 49.232791], [16.631121, 49.232755], [16.631348, 49.232496], [16.631519, 49.232264], [16.63145, 49.231902], [16.631467, 49.231693], [16.631477, 49.231519], [16.63197, 49.231587], [16.632053, 49.231462], [16.632075, 49.231426], [16.632216, 49.231291], [16.632359, 49.231128], [16.632111, 49.231006], [16.632143, 49.230951], [16.632277, 49.230935], [16.632448, 49.23093], [16.632659, 49.230933], [16.632694, 49.230941], [16.632822, 49.230848], [16.632848, 49.23081], [16.633028, 49.230512], [16.63309, 49.230388], [16.633139, 49.230361], [16.633327, 49.23032], [16.633508, 49.230301], [16.633546, 49.230289], [16.633687, 49.230248], [16.634513, 49.229974], [16.635126, 49.22978], [16.635171, 49.22954], [16.635222, 49.229317], [16.635183, 49.229164], [16.635176, 49.229128], [16.635173, 49.229102], [16.635081, 49.228837], [16.635068, 49.228786], [16.634905, 49.228346], [16.634788, 49.228088], [16.634718, 49.227931], [16.634632, 49.227747], [16.634494, 49.227556], [16.634332, 49.227328], [16.634246, 49.227055], [16.634268, 49.226915], [16.634236, 49.226786], [16.634186, 49.226681], [16.633918, 49.226417], [16.633835, 49.226331], [16.634312, 49.226241], [16.634777, 49.226073], [16.635096, 49.226002], [16.63538, 49.22593], [16.635477, 49.225903], [16.635664, 49.225931], [16.635616, 49.225831], [16.635759, 49.225778], [16.635855, 49.225745], [16.636292, 49.225602], [16.636568, 49.225504], [16.636866, 49.2254], [16.636845, 49.225378], [16.636816, 49.225342], [16.637323, 49.225161], [16.637314, 49.22511], [16.637358, 49.224944], [16.637379, 49.224905], [16.637443, 49.224801], [16.637538, 49.224697], [16.63755, 49.224683], [16.637635, 49.224568], [16.637705, 49.224418], [16.637859, 49.224165], [16.637868, 49.224127], [16.637833, 49.224022], [16.637752, 49.223932], [16.637501, 49.223794], [16.637394, 49.223714], [16.637295, 49.223593], [16.637258, 49.22356], [16.637187, 49.223522], [16.63705, 49.22347], [16.63688, 49.223421], [16.636709, 49.223381], [16.636483, 49.22329], [16.636316, 49.223188], [16.636241, 49.223121], [16.636229, 49.223097], [16.636235, 49.22296], [16.636309, 49.222829], [16.636368, 49.222797], [16.63653, 49.222744], [16.636602, 49.222737], [16.636628, 49.222726], [16.636634, 49.222724], [16.636683, 49.222705], [16.63666, 49.222678], [16.636657, 49.222675], [16.636683, 49.222599], [16.636907, 49.222183], [16.637033, 49.222162], [16.63704, 49.222163], [16.637103, 49.222177], [16.637108, 49.222154], [16.637107, 49.222071], [16.637057, 49.221828], [16.637044, 49.221646], [16.637118, 49.221475], [16.637341, 49.221148], [16.637541, 49.220744], [16.637634, 49.220459], [16.637696, 49.220358], [16.638701, 49.219562], [16.638904, 49.219388], [16.63903, 49.219308], [16.638901, 49.219008], [16.638842, 49.218765], [16.638836, 49.218617], [16.638869, 49.218422], [16.63889, 49.218373], [16.638982, 49.218219], [16.639176, 49.218059], [16.639223, 49.21803], [16.639378, 49.217911], [16.639437, 49.217873], [16.639554, 49.217766], [16.639736, 49.217619], [16.639944, 49.21748], [16.640159, 49.217364], [16.640459, 49.217255], [16.640716, 49.217142], [16.640934, 49.217033], [16.641081, 49.216968], [16.64124, 49.216889], [16.641416, 49.216805], [16.641473, 49.216931], [16.641534, 49.216919], [16.641655, 49.216897], [16.641727, 49.216883], [16.641729, 49.216889], [16.642019, 49.216715], [16.642217, 49.216478], [16.642339, 49.216159], [16.642332, 49.215814], [16.642283, 49.215678], [16.642281, 49.215676], [16.642276, 49.215659], [16.642245, 49.215574], [16.64224, 49.215559], [16.642201, 49.215432], [16.641862, 49.214883], [16.641834, 49.214841], [16.641648, 49.214599], [16.641534, 49.214458], [16.64004, 49.212776], [16.638929, 49.211526], [16.638918, 49.211514], [16.638196, 49.210668], [16.637674, 49.210043], [16.637549, 49.209891], [16.636976, 49.209202], [16.636941, 49.209159], [16.636931, 49.209147], [16.636795, 49.208982], [16.636773, 49.208957], [16.636468, 49.208578], [16.636501, 49.208568], [16.636556, 49.208551], [16.636662, 49.208577], [16.636782, 49.208552], [16.637314, 49.208442], [16.637375, 49.208509], [16.637539, 49.208683], [16.637708, 49.208903], [16.637752, 49.208954], [16.637795, 49.209011], [16.637961, 49.209218], [16.638036, 49.209289], [16.638173, 49.209442], [16.638188, 49.209455], [16.638594, 49.209241], [16.638939, 49.209059], [16.639017, 49.209018], [16.639617, 49.208702], [16.639959, 49.208869], [16.640027, 49.208841], [16.640225, 49.208837], [16.640435, 49.208922], [16.641045, 49.209207], [16.641613, 49.209475], [16.641889, 49.209597], [16.642422, 49.209859], [16.642475, 49.21007], [16.642939, 49.210282], [16.642903, 49.210136], [16.643109, 49.210114], [16.643646, 49.210381], [16.64402, 49.210527], [16.644351, 49.210653], [16.644404, 49.210591], [16.645486, 49.211028], [16.645858, 49.210912], [16.646525, 49.210718], [16.646653, 49.210848], [16.646736, 49.210921], [16.646822, 49.210991], [16.646958, 49.21109], [16.647053, 49.211155], [16.647205, 49.211247], [16.647316, 49.211301], [16.647429, 49.211353], [16.647514, 49.21139], [16.648305, 49.211705], [16.648619, 49.211842], [16.64873, 49.211895], [16.648838, 49.211951], [16.648993, 49.21204], [16.649114, 49.212119], [16.649227, 49.212204], [16.649442, 49.212111], [16.649531, 49.212074], [16.649616, 49.212035], [16.649922, 49.211892], [16.649976, 49.211856], [16.650511, 49.211648], [16.650966, 49.21145], [16.651, 49.211404], [16.651043, 49.211385], [16.651325, 49.211305], [16.651385, 49.21129], [16.651668, 49.21125], [16.651876, 49.211241], [16.652235, 49.211229], [16.653045, 49.211217], [16.654032, 49.210744], [16.654059, 49.21074], [16.654057, 49.210732], [16.654494, 49.210657], [16.6545, 49.210629], [16.654618, 49.210419], [16.654812, 49.210456], [16.654936, 49.210501], [16.655854, 49.210834], [16.656051, 49.210894], [16.656396, 49.210991], [16.656349, 49.21101], [16.656451, 49.211054], [16.656512, 49.211054], [16.656661, 49.211095], [16.656788, 49.211135], [16.656993, 49.211183], [16.657052, 49.2112], [16.65717, 49.211225], [16.657315, 49.211243], [16.657572, 49.211266], [16.657819, 49.21126], [16.657961, 49.21124], [16.657994, 49.211215], [16.658139, 49.211233], [16.658451, 49.211274], [16.658863, 49.211295], [16.659146, 49.211299], [16.659253, 49.2113], [16.65942, 49.211282], [16.660166, 49.211196], [16.660438, 49.211124], [16.66082, 49.211052], [16.661371, 49.210913], [16.661422, 49.210859], [16.661536, 49.210813], [16.661748, 49.210951], [16.662766, 49.21163], [16.662792, 49.211622], [16.663724, 49.212148], [16.665215, 49.212682], [16.665575, 49.212764], [16.666232, 49.21298], [16.666302, 49.213003], [16.668359, 49.212593], [16.668703, 49.212955], [16.668742, 49.213287], [16.66875, 49.213326], [16.668774, 49.213556], [16.668791, 49.213659], [16.66879, 49.213717], [16.668798, 49.213794], [16.668797, 49.213829], [16.668809, 49.214205], [16.668816, 49.214315], [16.66881, 49.214324], [16.668684, 49.21454], [16.668437, 49.214941], [16.6688, 49.215335], [16.669313, 49.215744], [16.669819, 49.216134], [16.670022, 49.216357], [16.670449, 49.216181], [16.670647, 49.216123], [16.670908, 49.21604], [16.671079, 49.215965], [16.671869, 49.215629], [16.672424, 49.215446], [16.672891, 49.215363], [16.673326, 49.215362], [16.67372, 49.21544], [16.67435, 49.215695], [16.675372, 49.215958], [16.675738, 49.215999], [16.67614, 49.216027], [16.676508, 49.21604], [16.676909, 49.216042], [16.677187, 49.216046], [16.677446, 49.216064], [16.677521, 49.218115]]]}}, {"type": "Feature", "properties": {"zone_id": 20399012, "name": "Brno-Židenice", "admin_level": "9", "source": "OSM relation 20399012"}, "geometry": {"type": "Polygon", "coordinates": [[[16.636468, 49.208578], [16.636501, 49.208568], [16.636556, 49.208551], [16.636662, 49.208577], [16.636782, 49.208552], [16.637314, 49.208442], [16.637375, 49.208509], [16.637539, 49.208683], [16.637708, 49.208903], [16.637752, 49.208954], [16.637795, 49.209011], [16.637961, 49.209218], [16.638036, 49.209289], [16.638173, 49.209442], [16.638188, 49.209455], [16.638594, 49.209241], [16.638939, 49.209059], [16.639017, 49.209018], [16.639617, 49.208702], [16.639959, 49.208869], [16.640027, 49.208841], [16.640225, 49.208837], [16.640435, 49.208922], [16.641045, 49.209207], [16.641613, 49.209475], [16.641889, 49.209597], [16.642422, 49.209859], [16.642475, 49.21007], [16.642939, 49.210282], [16.642903, 49.210136], [16.643109, 49.210114], [16.643646, 49.210381], [16.64402, 49.210527], [16.644351, 49.210653], [16.644404, 49.210591], [16.645486, 49.211028], [16.645858, 49.210912], [16.646525, 49.210718], [16.646653, 49.210848], [16.646736, 49.210921], [16.646822, 49.210991], [16.646958, 49.21109], [16.647053, 49.211155], [16.647205, 49.211247], [16.647316, 49.211301], [16.647429, 49.211353], [16.647514, 49.21139], [16.648305, 49.211705], [16.648619, 49.211842], [16.64873, 49.211895], [16.648838, 49.211951], [16.648993, 49.21204], [16.649114, 49.212119], [16.649227, 49.212204], [16.649442, 49.212111], [16.649531, 49.212074], [16.649616, 49.212035], [16.649922, 49.211892], [16.649976, 49.211856], [16.650511, 49.211648], [16.650966, 49.21145], [16.651, 49.211404], [16.651043, 49.211385], [16.651325, 49.211305], [16.651385, 49.21129], [16.651668, 49.21125], [16.651876, 49.211241], [16.652235, 49.211229], [16.653045, 49.211217], [16.654032, 49.210744], [16.654059, 49.21074], [16.654057, 49.210732], [16.654494, 49.210657], [16.6545, 49.210629], [16.654618, 49.210419], [16.654817, 49.210341], [16.655043, 49.210192], [16.655164, 49.210154], [16.655286, 49.210127], [16.655421, 49.210105], [16.655546, 49.210125], [16.655669, 49.210109], [16.656001, 49.210071], [16.656249, 49.210046], [16.656612, 49.209946], [16.656713, 49.209874], [16.656831, 49.20981], [16.657029, 49.209826], [16.657141, 49.209775], [16.65726, 49.20973], [16.65735, 49.209706], [16.657473, 49.209677], [16.657593, 49.209647], [16.65793, 49.209558], [16.658532, 49.209339], [16.658589, 49.209316], [16.658586, 49.209261], [16.658186, 49.209102], [16.658119, 49.209101], [16.657578, 49.208844], [16.657494, 49.208792], [16.65625, 49.208212], [16.656111, 49.20814], [16.656014, 49.208027], [16.655912, 49.208008], [16.655555, 49.208294], [16.654016, 49.2083], [16.654008, 49.20808], [16.654638, 49.207582], [16.654825, 49.207574], [16.65529, 49.207222], [16.65529, 49.207084], [16.655439, 49.206792], [16.655917, 49.206198], [16.656087, 49.206098], [16.656097, 49.20607], [16.655996, 49.206021], [16.655248, 49.205764], [16.655229, 49.205706], [16.654865, 49.205604], [16.654823, 49.205645], [16.654636, 49.205546], [16.654129, 49.205371], [16.653796, 49.205292], [16.653697, 49.205288], [16.653473, 49.205296], [16.653411, 49.205301], [16.653269, 49.205218], [16.653286, 49.205204], [16.65339, 49.204766], [16.653229, 49.204746], [16.653236, 49.204575], [16.653228, 49.204475], [16.653234, 49.20446], [16.653255, 49.204377], [16.653266, 49.204341], [16.653326, 49.204345], [16.653374, 49.204183], [16.653636, 49.204306], [16.653677, 49.204277], [16.653334, 49.204095], [16.653188, 49.204049], [16.653074, 49.20401], [16.6527, 49.203915], [16.652359, 49.203924], [16.651901, 49.203911], [16.651197, 49.203946], [16.650946, 49.203954], [16.650665, 49.20397], [16.649973, 49.204019], [16.650046, 49.20399], [16.65028, 49.203849], [16.650421, 49.203734], [16.650502, 49.20364], [16.650546, 49.203526], [16.650892, 49.203137], [16.650951, 49.20309], [16.651321, 49.202733], [16.651474, 49.202664], [16.651528, 49.202587], [16.650847, 49.202174], [16.650091, 49.20168], [16.649836, 49.201506], [16.64928, 49.201195], [16.648351, 49.200806], [16.64851, 49.200432], [16.648509, 49.200411], [16.648524, 49.200353], [16.64854, 49.200322], [16.64856, 49.200316], [16.648549, 49.200292], [16.648555, 49.200203], [16.648564, 49.200101], [16.648591, 49.200005], [16.648641, 49.199894], [16.648685, 49.199779], [16.64897, 49.199884], [16.649107, 49.199729], [16.649327, 49.199565], [16.649783, 49.199845], [16.650121, 49.199627], [16.650356, 49.199475], [16.650743, 49.19974], [16.651606, 49.199367], [16.651803, 49.199225], [16.651966, 49.199176], [16.652263, 49.1991], [16.652825, 49.200153], [16.653509, 49.200044], [16.653568, 49.200293], [16.653952, 49.20025], [16.653965, 49.200186], [16.653922, 49.200042], [16.65404, 49.200027], [16.654309, 49.199927], [16.654312, 49.19997], [16.654484, 49.199949], [16.654559, 49.199928], [16.654556, 49.199878], [16.654696, 49.199801], [16.654656, 49.199596], [16.65475, 49.199573], [16.655053, 49.199528], [16.655221, 49.199492], [16.655577, 49.199426], [16.655505, 49.199185], [16.655707, 49.199183], [16.656938, 49.199191], [16.657898, 49.198951], [16.657709, 49.198897], [16.657517, 49.198849], [16.657538, 49.198613], [16.657526, 49.198282], [16.657083, 49.198056], [16.65692, 49.197535], [16.657295, 49.197385], [16.65732, 49.197376], [16.657431, 49.197344], [16.657702, 49.197289], [16.65806, 49.197157], [16.658275, 49.197114], [16.658523, 49.197044], [16.658556, 49.197009], [16.658486, 49.196901], [16.658792, 49.196968], [16.65904, 49.196997], [16.659353, 49.197048], [16.659421, 49.197098], [16.659782, 49.197196], [16.66017, 49.197338], [16.660432, 49.197171], [16.660635, 49.1973], [16.660651, 49.197292], [16.660666, 49.197303], [16.660706, 49.197281], [16.66069, 49.19727], [16.660706, 49.197255], [16.66072, 49.197071], [16.660816, 49.197066], [16.661113, 49.197061], [16.661315, 49.197074], [16.661494, 49.197097], [16.661744, 49.197123], [16.662141, 49.197174], [16.662508, 49.197218], [16.663857, 49.197397], [16.664472, 49.197474], [16.664475, 49.197467], [16.666426, 49.197729], [16.666687, 49.197762], [16.666812, 49.197779], [16.666951, 49.197795], [16.667025, 49.197804], [16.667617, 49.197882], [16.667717, 49.197897], [16.668112, 49.19795], [16.668322, 49.19798], [16.669192, 49.196523], [16.66984, 49.195445], [16.670503, 49.194349], [16.670764, 49.193908], [16.671147, 49.193274], [16.671169, 49.193236], [16.671196, 49.193225], [16.671197, 49.193197], [16.671543, 49.192644], [16.671322, 49.19246], [16.671312, 49.192449], [16.671259, 49.192405], [16.671229, 49.192374], [16.670853, 49.192458], [16.670355, 49.192564], [16.669838, 49.19268], [16.669129, 49.192834], [16.668347, 49.192124], [16.66784, 49.191494], [16.6676, 49.191185], [16.668077, 49.190948], [16.668577, 49.190691], [16.668004, 49.190192], [16.668147, 49.190118], [16.667706, 49.18973], [16.668474, 49.1896], [16.668502, 49.189541], [16.668212, 49.189478], [16.667748, 49.189366], [16.667647, 49.189338], [16.667341, 49.189254], [16.667149, 49.189213], [16.667103, 49.189201], [16.666775, 49.189128], [16.6661, 49.188986], [16.666096, 49.188985], [16.66587, 49.188933], [16.665326, 49.18882], [16.664824, 49.188685], [16.664336, 49.188509], [16.664238, 49.188456], [16.663885, 49.18826], [16.663699, 49.18813], [16.663383, 49.187888], [16.663123, 49.187605], [16.662871, 49.187316], [16.662738, 49.187119], [16.662608, 49.186878], [16.662076, 49.186846], [16.661672, 49.186821], [16.661307, 49.186791], [16.661357, 49.186702], [16.661276, 49.186574], [16.6612, 49.186623], [16.661138, 49.186663], [16.660809, 49.1867], [16.66037, 49.186763], [16.659916, 49.18685], [16.659031, 49.187035], [16.658247, 49.187195], [16.657373, 49.187388], [16.655922, 49.187702], [16.655361, 49.187823], [16.654771, 49.188012], [16.654238, 49.188257], [16.653892, 49.188404], [16.653315, 49.188651], [16.652423, 49.189043], [16.651936, 49.189254], [16.651318, 49.189514], [16.650736, 49.189548], [16.64972, 49.189696], [16.649586, 49.189746], [16.64885, 49.189817], [16.64843, 49.189855], [16.647356, 49.189934], [16.646139, 49.190069], [16.64615, 49.190122], [16.645584, 49.190139], [16.644763, 49.190238], [16.643555, 49.190365], [16.643558, 49.190381], [16.643291, 49.190451], [16.642804, 49.190496], [16.642343, 49.190516], [16.642111, 49.19055], [16.641848, 49.190573], [16.641578, 49.190614], [16.640936, 49.190725], [16.640747, 49.190784], [16.640335, 49.190943], [16.6402, 49.191019], [16.640144, 49.190771], [16.64012, 49.190748], [16.639545, 49.19081], [16.638681, 49.190898], [16.638085, 49.190963], [16.637692, 49.190995], [16.637334, 49.191001], [16.637102, 49.190999], [16.636817, 49.190969], [16.636516, 49.190905], [16.636263, 49.191052], [16.635998, 49.190971], [16.635343, 49.190723], [16.634809, 49.190662], [16.634703, 49.190651], [16.634557, 49.190633], [16.634179, 49.190588], [16.634114, 49.190581], [16.634056, 49.190244], [16.633799, 49.190305], [16.63378, 49.190281], [16.633715, 49.190286], [16.633583, 49.190314], [16.633501, 49.190332], [16.633348, 49.190373], [16.632551, 49.190544], [16.632488, 49.190551], [16.632438, 49.190556], [16.629148, 49.191251], [16.629078, 49.191263], [16.628958, 49.191273], [16.628871, 49.191279], [16.628757, 49.191285], [16.628759, 49.191321], [16.628229, 49.191347], [16.628235, 49.191395], [16.628309, 49.191948], [16.628336, 49.192089], [16.62837, 49.192228], [16.628443, 49.19247], [16.628504, 49.192703], [16.628598, 49.193294], [16.628744, 49.194193], [16.628882, 49.195081], [16.628963, 49.195496], [16.62903, 49.195729], [16.629043, 49.195818], [16.629083, 49.19583], [16.629347, 49.195913], [16.629382, 49.195925], [16.629435, 49.195943], [16.629408, 49.196315], [16.629495, 49.196353], [16.629488, 49.196584], [16.629756, 49.198082], [16.629794, 49.1982], [16.62986, 49.199057], [16.629834, 49.199062], [16.629849, 49.199131], [16.629884, 49.199137], [16.629882, 49.199142], [16.629838, 49.199138], [16.629454, 49.199166], [16.62944, 49.199174], [16.629338, 49.19914], [16.629348, 49.199213], [16.629392, 49.199227], [16.629388, 49.199232], [16.629385, 49.199235], [16.629371, 49.199253], [16.629394, 49.199262], [16.629406, 49.199269], [16.629418, 49.199276], [16.629426, 49.199288], [16.629416, 49.199308], [16.629381, 49.199402], [16.629392, 49.199468], [16.629337, 49.199633], [16.629276, 49.200033], [16.629191, 49.200227], [16.629094, 49.200465], [16.628625, 49.201381], [16.628477, 49.201625], [16.628434, 49.201665], [16.628215, 49.202024], [16.628153, 49.202145], [16.628119, 49.202253], [16.628091, 49.202384], [16.628084, 49.20248], [16.628119, 49.202545], [16.628146, 49.202794], [16.628215, 49.203007], [16.628301, 49.203132], [16.628943, 49.20376], [16.62944, 49.204353], [16.629721, 49.204244], [16.632452, 49.207784], [16.633003, 49.208293], [16.633181, 49.208375], [16.633465, 49.208506], [16.633944, 49.208613], [16.63556, 49.208691], [16.63606, 49.208672], [16.636468, 49.208578]]]}}, {"type": "Feature", "properties": {"zone_id": 20399290, "name": "Brno-Vinohrady", "admin_level": "9", "source": "OSM relation 20399290"}, "geometry": {"type": "Polygon", "coordinates": [[[16.677521, 49.218115], [16.677446, 49.216064], [16.677187, 49.216046], [16.676909, 49.216042], [16.676508, 49.21604], [16.67614, 49.216027], [16.675738, 49.215999], [16.675372, 49.215958], [16.67435, 49.215695], [16.67372, 49.21544], [16.673326, 49.215362], [16.672891, 49.215363], [16.672424, 49.215446], [16.671869, 49.215629], [16.671079, 49.215965], [16.670908, 49.21604], [16.670647, 49.216123], [16.670449, 49.216181], [16.670022, 49.216357], [16.669819, 49.216134], [16.669313, 49.215744], [16.6688, 49.215335], [16.668437, 49.214941], [16.668684, 49.21454], [16.66881, 49.214324], [16.668816, 49.214315], [16.668809, 49.214205], [16.668797, 49.213829], [16.668798, 49.213794], [16.66879, 49.213717], [16.668791, 49.213659], [16.668774, 49.213556], [16.66875, 49.213326], [16.668742, 49.213287], [16.668703, 49.212955], [16.668359, 49.212593], [16.666302, 49.213003], [16.666232, 49.21298], [16.665575, 49.212764], [16.665215, 49.212682], [16.663724, 49.212148], [16.662792, 49.211622], [16.662766, 49.21163], [16.661748, 49.210951], [16.661536, 49.210813], [16.661422, 49.210859], [16.661371, 49.210913], [16.66082, 49.211052], [16.660438, 49.211124], [16.660166, 49.211196], [16.65942, 49.211282], [16.659253, 49.2113], [16.659146, 49.211299], [16.658863, 49.211295], [16.658451, 49.211274], [16.658139, 49.211233], [16.657994, 49.211215], [16.657961, 49.21124], [16.657819, 49.21126], [16.657572, 49.211266], [16.657315, 49.211243], [16.65717, 49.211225], [16.657052, 49.2112], [16.656993, 49.211183], [16.656788, 49.211135], [16.656661, 49.211095], [16.656512, 49.211054], [16.656451, 49.211054], [16.656349, 49.21101], [16.656396, 49.210991], [16.656051, 49.210894], [16.655854, 49.210834], [16.654936, 49.210501], [16.654812, 49.210456], [16.654618, 49.210419], [16.654817, 49.210341], [16.655043, 49.210192], [16.655164, 49.210154], [16.655286, 49.210127], [16.655421, 49.210105], [16.655546, 49.210125], [16.655669, 49.210109], [16.656001, 49.210071], [16.656249, 49.210046], [16.656612, 49.209946], [16.656713, 49.209874], [16.656831, 49.20981], [16.657029, 49.209826], [16.657141, 49.209775], [16.65726, 49.20973], [16.65735, 49.209706], [16.657473, 49.209677], [16.657593, 49.209647], [16.65793, 49.209558], [16.658532, 49.209339], [16.658589, 49.209316], [16.658586, 49.209261], [16.658186, 49.209102], [16.658119, 49.209101], [16.657578, 49.208844], [16.657494, 49.208792], [16.65625, 49.208212], [16.656111, 49.20814], [16.656014, 49.208027], [16.655912, 49.208008], [16.655555, 49.208294], [16.654016, 49.2083], [16.654008, 49.20808], [16.654638, 49.207582], [16.654825, 49.207574], [16.65529, 49.207222], [16.65529, 49.207084], [16.655439, 49.206792], [16.655917, 49.206198], [16.656087, 49.206098], [16.656097, 49.20607], [16.655996, 49.206021], [16.655248, 49.205764], [16.655229, 49.205706], [16.654865, 49.205604], [16.654823, 49.205645], [16.654636, 49.205546], [16.654129, 49.205371], [16.653796, 49.205292], [16.653697, 49.205288], [16.653473, 49.205296], [16.653411, 49.205301], [16.653269, 49.205218], [16.653286, 49.205204], [16.65339, 49.204766], [16.653229, 49.204746], [16.653236, 49.204575], [16.653228, 49.204475], [16.653234, 49.20446], [16.653255, 49.204377], [16.653266, 49.204341], [16.653326, 49.204345], [16.653374, 49.204183], [16.653636, 49.204306], [16.653677, 49.204277], [16.653334, 49.204095], [16.653188, 49.204049], [16.653074, 49.20401], [16.6527, 49.203915], [16.652359, 49.203924], [16.651901, 49.203911], [16.651197, 49.203946], [16.650946, 49.203954], [16.650665, 49.20397], [16.649973, 49.204019], [16.650046, 49.20399], [16.65028, 49.203849], [16.650421, 49.203734], [16.650502, 49.20364], [16.650546, 49.203526], [16.650892, 49.203137], [16.650951, 49.20309], [16.651321, 49.202733], [16.651474, 49.202664], [16.651528, 49.202587], [16.650847, 49.202174], [16.650091, 49.20168], [16.649836, 49.201506], [16.64928, 49.201195], [16.648351, 49.200806], [16.64851, 49.200432], [16.648509, 49.200411], [16.648524, 49.200353], [16.64854, 49.200322], [16.64856, 49.200316], [16.648549, 49.200292], [16.648555, 49.200203], [16.648564, 49.200101], [16.648591, 49.200005], [16.648641, 49.199894], [16.648685, 49.199779], [16.64897, 49.199884], [16.649107, 49.199729], [16.649327, 49.199565], [16.649783, 49.199845], [16.650121, 49.199627], [16.650356, 49.199475], [16.650743, 49.19974], [16.651606, 49.199367], [16.651803, 49.199225], [16.651966, 49.199176], [16.652263, 49.1991], [16.652825, 49.200153], [16.653509, 49.200044], [16.653568, 49.200293], [16.653952, 49.20025], [16.653965, 49.200186], [16.653922, 49.200042], [16.65404, 49.200027], [16.654309, 49.199927], [16.654312, 49.19997], [16.654484, 49.199949], [16.654559, 49.199928], [16.654556, 49.199878], [16.654696, 49.199801], [16.654656, 49.199596], [16.65475, 49.199573], [16.655053, 49.199528], [16.655221, 49.199492], [16.655577, 49.199426], [16.655505, 49.199185], [16.655707, 49.199183], [16.656938, 49.199191], [16.657898, 49.198951], [16.657709, 49.198897], [16.657517, 49.198849], [16.657538, 49.198613], [16.657526, 49.198282], [16.657083, 49.198056], [16.65692, 49.197535], [16.657295, 49.197385], [16.65732, 49.197376], [16.657431, 49.197344], [16.657702, 49.197289], [16.65806, 49.197157], [16.658275, 49.197114], [16.658523, 49.197044], [16.658556, 49.197009], [16.658486, 49.196901], [16.658792, 49.196968], [16.65904, 49.196997], [16.659353, 49.197048], [16.659421, 49.197098], [16.659782, 49.197196], [16.66017, 49.197338], [16.660432, 49.197171], [16.660635, 49.1973], [16.660651, 49.197292], [16.660666, 49.197303], [16.660706, 49.197281], [16.66069, 49.19727], [16.660706, 49.197255], [16.660801, 49.197331], [16.66082, 49.197337], [16.661453, 49.197815], [16.661468, 49.197826], [16.66151, 49.197841], [16.661853, 49.198122], [16.662115, 49.198335], [16.663385, 49.19937], [16.663989, 49.199806], [16.664077, 49.199872], [16.664226, 49.19998], [16.66458, 49.200262], [16.664645, 49.200312], [16.664928, 49.200544], [16.665032, 49.200578], [16.665363, 49.200684], [16.665603, 49.200745], [16.665743, 49.200788], [16.665848, 49.200835], [16.665923, 49.200879], [16.665963, 49.200942], [16.665972, 49.200963], [16.66601, 49.201183], [16.666059, 49.201417], [16.66607, 49.201441], [16.666095, 49.201477], [16.666106, 49.201508], [16.666356, 49.202853], [16.666355, 49.202927], [16.666246, 49.202938], [16.666256, 49.202996], [16.666352, 49.202989], [16.666351, 49.203023], [16.666368, 49.203109], [16.666423, 49.203229], [16.666554, 49.203778], [16.666606, 49.203773], [16.666701, 49.2041], [16.666736, 49.20425], [16.666805, 49.204565], [16.666814, 49.204626], [16.666836, 49.204716], [16.666755, 49.204872], [16.666595, 49.205045], [16.666623, 49.205246], [16.667005, 49.20532], [16.667217, 49.205487], [16.667351, 49.205607], [16.667989, 49.20581], [16.668661, 49.205991], [16.669058, 49.206118], [16.669413, 49.206183], [16.67014, 49.206584], [16.670462, 49.20678], [16.670616, 49.206882], [16.670853, 49.207087], [16.670947, 49.207188], [16.670992, 49.207227], [16.67121, 49.207465], [16.671603, 49.208093], [16.671902, 49.209049], [16.672057, 49.209681], [16.672391, 49.210555], [16.672852, 49.211247], [16.673691, 49.212113], [16.674347, 49.212573], [16.675217, 49.213046], [16.676028, 49.213356], [16.676613, 49.213615], [16.677491, 49.213815], [16.677954, 49.2139], [16.678979, 49.21414], [16.67936, 49.214279], [16.679413, 49.214364], [16.679419, 49.21443], [16.679446, 49.214442], [16.6795, 49.214481], [16.679708, 49.214477], [16.679804, 49.214536], [16.67996, 49.214619], [16.680124, 49.214747], [16.680253, 49.214877], [16.680575, 49.215341], [16.680603, 49.215389], [16.680799, 49.2154], [16.680839, 49.215675], [16.680855, 49.215746], [16.680922, 49.215997], [16.680966, 49.216207], [16.681003, 49.216348], [16.681039, 49.216525], [16.681065, 49.216687], [16.681126, 49.217118], [16.681237, 49.217347], [16.681321, 49.217525], [16.681485, 49.217815], [16.681112, 49.217903], [16.680483, 49.218056], [16.679977, 49.2175], [16.680053, 49.217431], [16.679786, 49.217182], [16.679198, 49.217503], [16.678289, 49.217856], [16.677814, 49.218027], [16.677521, 49.218115]]]}}, {"type": "Feature", "properties": {"zone_id": 20399291, "name": "Brno-Líšeň", "admin_level": "9", "source": "OSM relation 20399291"}, "geometry": {"type": "Polygon", "coordinates": [[[16.687901, 49.188317], [16.687869, 49.188258], [16.687887, 49.188167], [16.68771, 49.187825], [16.687399, 49.187435], [16.687087, 49.187038], [16.686598, 49.186453], [16.686345, 49.186128], [16.686356, 49.186014], [16.686343, 49.185952], [16.689939, 49.185798], [16.692566, 49.185693], [16.692705, 49.18567], [16.692647, 49.185555], [16.692503, 49.185295], [16.692387, 49.185056], [16.692279, 49.184855], [16.69238, 49.184826], [16.692821, 49.184861], [16.693848, 49.185026], [16.694291, 49.185069], [16.694353, 49.18508], [16.694356, 49.185054], [16.694665, 49.1851], [16.695619, 49.185279], [16.696883, 49.18552], [16.699063, 49.185891], [16.69971, 49.186003], [16.700222, 49.186083], [16.701178, 49.186259], [16.701768, 49.18636], [16.701978, 49.186395], [16.702734, 49.186472], [16.70326, 49.18653], [16.703728, 49.186592], [16.704322, 49.1867], [16.704919, 49.186782], [16.705212, 49.186855], [16.705224, 49.186832], [16.705925, 49.187055], [16.706007, 49.187087], [16.706316, 49.187234], [16.706302, 49.187247], [16.706967, 49.18756], [16.707591, 49.187841], [16.707948, 49.187944], [16.708379, 49.188027], [16.707829, 49.18893], [16.707332, 49.189835], [16.707308, 49.189915], [16.707727, 49.190035], [16.708567, 49.190216], [16.709353, 49.190433], [16.709674, 49.190555], [16.710325, 49.190748], [16.710878, 49.190964], [16.711458, 49.191136], [16.71195, 49.191246], [16.713073, 49.191536], [16.713602, 49.191661], [16.713636, 49.191713], [16.713591, 49.19177], [16.713672, 49.191786], [16.71375, 49.191673], [16.713825, 49.191553], [16.713919, 49.191314], [16.713951, 49.191103], [16.714026, 49.191111], [16.714841, 49.191284], [16.715661, 49.191454], [16.717205, 49.191783], [16.71722, 49.191764], [16.717511, 49.191897], [16.717827, 49.192146], [16.718062, 49.192273], [16.718246, 49.19235], [16.718501, 49.19245], [16.719132, 49.1927], [16.719549, 49.192857], [16.719962, 49.192981], [16.720463, 49.19314], [16.720668, 49.193241], [16.720791, 49.193402], [16.720786, 49.193689], [16.720748, 49.19386], [16.720683, 49.193977], [16.72047, 49.194162], [16.720305, 49.194265], [16.720336, 49.194278], [16.720458, 49.194337], [16.720396, 49.194379], [16.719812, 49.19464], [16.719423, 49.194828], [16.719007, 49.195003], [16.71826, 49.195353], [16.717987, 49.195535], [16.717886, 49.195594], [16.717669, 49.195803], [16.717502, 49.196061], [16.717389, 49.196193], [16.717347, 49.196269], [16.717548, 49.196365], [16.718124, 49.196646], [16.718207, 49.196683], [16.718279, 49.196729], [16.71823, 49.196858], [16.718269, 49.197151], [16.718314, 49.197325], [16.718452, 49.197703], [16.718475, 49.197919], [16.718468, 49.198283], [16.718465, 49.198329], [16.718433, 49.198591], [16.718458, 49.198708], [16.718524, 49.198845], [16.718498, 49.199006], [16.718421, 49.199155], [16.718345, 49.199309], [16.718213, 49.199604], [16.717952, 49.199929], [16.717754, 49.200207], [16.717631, 49.200367], [16.717479, 49.20058], [16.717397, 49.200684], [16.717242, 49.200894], [16.717254, 49.201391], [16.71711, 49.201773], [16.716903, 49.202227], [16.716845, 49.202339], [16.716754, 49.202636], [16.71673, 49.202699], [16.716625, 49.202941], [16.716653, 49.203156], [16.716733, 49.203278], [16.716652, 49.203454], [16.716672, 49.20368], [16.71678, 49.20386], [16.7169, 49.204032], [16.717193, 49.204507], [16.71736, 49.204699], [16.717749, 49.205063], [16.717788, 49.205088], [16.717829, 49.205126], [16.717866, 49.205166], [16.718016, 49.205302], [16.71814, 49.205418], [16.718298, 49.205644], [16.718322, 49.205685], [16.718398, 49.205836], [16.718455, 49.205987], [16.7186, 49.206466], [16.718723, 49.206661], [16.718705, 49.206949], [16.718633, 49.207098], [16.718456, 49.207513], [16.718298, 49.207682], [16.718124, 49.207818], [16.717825, 49.208027], [16.717743, 49.208066], [16.717433, 49.208229], [16.717269, 49.2083], [16.717081, 49.208364], [16.716249, 49.208575], [16.715856, 49.208659], [16.715508, 49.208729], [16.714823, 49.208876], [16.714643, 49.208925], [16.714509, 49.208973], [16.714212, 49.209064], [16.713956, 49.209172], [16.713686, 49.209299], [16.713528, 49.209362], [16.713425, 49.20942], [16.713393, 49.209437], [16.713082, 49.209633], [16.712936, 49.209735], [16.712804, 49.209846], [16.712741, 49.209915], [16.712662, 49.210016], [16.712569, 49.21016], [16.71251, 49.21027], [16.712465, 49.210356], [16.712386, 49.21053], [16.712343, 49.210645], [16.712338, 49.21069], [16.71234, 49.210723], [16.712356, 49.210771], [16.712441, 49.210957], [16.712456, 49.211012], [16.712469, 49.211075], [16.712473, 49.211136], [16.712469, 49.211192], [16.712453, 49.211263], [16.712425, 49.211328], [16.712397, 49.211373], [16.712209, 49.211591], [16.712176, 49.211631], [16.712161, 49.21166], [16.712147, 49.211698], [16.712138, 49.211739], [16.712135, 49.211774], [16.712144, 49.21183], [16.712157, 49.211863], [16.712173, 49.211894], [16.712188, 49.211915], [16.712211, 49.211936], [16.712238, 49.211955], [16.712276, 49.211973], [16.712317, 49.211987], [16.712371, 49.212002], [16.71248, 49.212025], [16.712596, 49.212044], [16.712733, 49.21206], [16.71293, 49.21207], [16.712988, 49.212075], [16.713032, 49.212081], [16.713083, 49.212094], [16.71314, 49.212112], [16.713198, 49.212136], [16.713262, 49.212167], [16.713321, 49.212206], [16.713377, 49.212246], [16.71346, 49.212324], [16.713514, 49.21239], [16.7137, 49.212665], [16.71379, 49.212806], [16.713991, 49.213149], [16.714045, 49.213228], [16.714105, 49.213301], [16.714122, 49.213318], [16.714149, 49.213339], [16.714177, 49.213355], [16.714203, 49.213365], [16.714282, 49.213384], [16.714324, 49.213391], [16.71437, 49.213396], [16.714425, 49.213398], [16.714478, 49.213397], [16.714532, 49.213391], [16.71459, 49.213379], [16.71466, 49.213361], [16.714986, 49.213248], [16.715091, 49.213218], [16.715189, 49.213184], [16.715265, 49.213151], [16.715297, 49.213134], [16.715338, 49.213108], [16.715369, 49.213082], [16.715415, 49.213039], [16.715515, 49.212964], [16.715563, 49.212937], [16.715621, 49.212911], [16.715697, 49.212883], [16.715774, 49.212862], [16.715851, 49.212842], [16.715945, 49.212814], [16.71606, 49.212783], [16.716154, 49.212763], [16.716233, 49.212754], [16.716348, 49.212746], [16.716452, 49.212745], [16.716675, 49.212751], [16.716981, 49.212763], [16.717129, 49.212772], [16.717192, 49.212778], [16.717278, 49.212791], [16.717368, 49.212807], [16.717462, 49.212831], [16.717555, 49.212858], [16.71766, 49.212892], [16.717854, 49.212963], [16.71794, 49.213004], [16.718019, 49.213045], [16.718104, 49.213098], [16.71819, 49.213165], [16.718264, 49.213236], [16.718336, 49.21331], [16.718392, 49.213377], [16.718443, 49.213447], [16.718483, 49.213512], [16.718517, 49.213583], [16.718536, 49.213646], [16.718594, 49.213938], [16.718646, 49.214265], [16.71879, 49.214598], [16.718863, 49.214741], [16.719046, 49.215015], [16.719186, 49.215213], [16.719249, 49.215313], [16.719269, 49.215349], [16.719303, 49.215421], [16.719327, 49.215477], [16.719418, 49.215728], [16.719543, 49.216021], [16.719581, 49.216099], [16.719618, 49.216163], [16.719658, 49.216237], [16.719684, 49.216307], [16.719701, 49.216368], [16.719711, 49.216423], [16.719714, 49.216478], [16.719709, 49.216515], [16.719699, 49.216561], [16.719696, 49.216621], [16.719716, 49.216698], [16.719731, 49.216726], [16.719771, 49.216777], [16.719805, 49.216827], [16.719835, 49.216878], [16.719863, 49.216952], [16.71987, 49.217008], [16.719865, 49.217061], [16.719843, 49.217126], [16.719809, 49.21719], [16.719768, 49.217248], [16.719691, 49.217337], [16.719507, 49.217532], [16.71931, 49.217717], [16.719155, 49.217844], [16.719093, 49.21789], [16.718886, 49.218017], [16.718659, 49.218146], [16.718489, 49.218235], [16.718383, 49.218286], [16.718258, 49.218342], [16.718158, 49.21838], [16.718062, 49.218411], [16.718003, 49.218429], [16.717904, 49.218454], [16.717799, 49.218478], [16.71701, 49.218634], [16.716804, 49.218668], [16.716551, 49.218716], [16.716464, 49.218731], [16.716006, 49.218784], [16.715918, 49.218792], [16.715737, 49.218801], [16.715626, 49.2188], [16.715515, 49.218811], [16.715224, 49.218883], [16.714944, 49.21893], [16.714649, 49.218985], [16.714379, 49.219041], [16.713975, 49.219131], [16.71379, 49.219177], [16.713683, 49.219207], [16.713588, 49.219238], [16.713495, 49.219273], [16.71343, 49.219302], [16.713394, 49.21932], [16.713354, 49.219346], [16.713299, 49.219393], [16.713253, 49.219442], [16.713222, 49.219488], [16.713202, 49.219534], [16.713195, 49.219574], [16.713195, 49.219654], [16.713203, 49.219715], [16.713219, 49.219774], [16.713264, 49.219887], [16.713306, 49.21994], [16.713351, 49.219993], [16.713411, 49.220055], [16.713978, 49.220577], [16.714061, 49.220645], [16.714173, 49.220729], [16.714279, 49.220799], [16.714334, 49.220829], [16.714377, 49.220847], [16.714437, 49.22087], [16.714522, 49.220893], [16.714627, 49.220913], [16.714729, 49.220927], [16.714858, 49.220934], [16.714935, 49.220936], [16.715092, 49.220933], [16.715194, 49.220914], [16.715278, 49.220891], [16.715357, 49.220866], [16.715462, 49.220821], [16.715554, 49.220776], [16.715663, 49.220717], [16.715836, 49.220614], [16.71623, 49.220373], [16.716304, 49.220336], [16.716433, 49.220278], [16.716547, 49.220234], [16.716674, 49.220193], [16.71685, 49.220127], [16.716954, 49.220082], [16.717037, 49.220041], [16.717133, 49.219995], [16.717232, 49.219956], [16.717433, 49.219886], [16.717538, 49.219854], [16.717653, 49.219823], [16.71775, 49.219799], [16.71785, 49.219777], [16.717958, 49.219759], [16.718062, 49.219746], [16.718151, 49.219739], [16.718245, 49.219735], [16.718334, 49.219738], [16.718416, 49.219745], [16.718496, 49.219755], [16.718571, 49.219772], [16.718638, 49.219792], [16.718699, 49.219818], [16.718758, 49.219851], [16.718798, 49.219886], [16.718835, 49.219932], [16.718764, 49.220113], [16.718697, 49.220252], [16.718665, 49.220312], [16.718643, 49.22037], [16.718633, 49.220413], [16.718632, 49.220447], [16.718647, 49.22048], [16.718667, 49.220512], [16.718764, 49.22059], [16.718716, 49.220678], [16.718518, 49.220762], [16.718384, 49.220823], [16.718222, 49.220889], [16.7181, 49.220945], [16.717708, 49.221114], [16.717643, 49.221155], [16.717525, 49.221241], [16.717554, 49.22129], [16.717627, 49.221389], [16.717637, 49.221414], [16.717618, 49.221428], [16.717535, 49.221439], [16.717438, 49.221443], [16.717348, 49.221434], [16.717252, 49.221413], [16.717202, 49.221408], [16.717167, 49.221424], [16.717058, 49.221522], [16.717032, 49.221565], [16.717049, 49.221598], [16.717039, 49.221628], [16.716963, 49.221714], [16.716867, 49.221803], [16.716841, 49.221832], [16.716836, 49.221866], [16.716859, 49.221905], [16.716869, 49.221947], [16.716835, 49.222], [16.716789, 49.222043], [16.7166, 49.222211], [16.716331, 49.222467], [16.716288, 49.222514], [16.716272, 49.222561], [16.716283, 49.22262], [16.716271, 49.22268], [16.716169, 49.222918], [16.716144, 49.222994], [16.71614, 49.223066], [16.716114, 49.223294], [16.716119, 49.223379], [16.716155, 49.223464], [16.716202, 49.223538], [16.716283, 49.223657], [16.7163, 49.223701], [16.716294, 49.22374], [16.716271, 49.223783], [16.716207, 49.223914], [16.716188, 49.223983], [16.716204, 49.224137], [16.716143, 49.224309], [16.71613, 49.224398], [16.716135, 49.22445], [16.716115, 49.224496], [16.715712, 49.22499], [16.71559, 49.225117], [16.715539, 49.225167], [16.715498, 49.225222], [16.715502, 49.225269], [16.715501, 49.225307], [16.715442, 49.225434], [16.715441, 49.225469], [16.715451, 49.225498], [16.715491, 49.225641], [16.715495, 49.225671], [16.715479, 49.225697], [16.715441, 49.225747], [16.715424, 49.225777], [16.715515, 49.225898], [16.715532, 49.225935], [16.715552, 49.225966], [16.715574, 49.225987], [16.715577, 49.226011], [16.71557, 49.226032], [16.715512, 49.226418], [16.715509, 49.226506], [16.715527, 49.22658], [16.715603, 49.226707], [16.715645, 49.226756], [16.715695, 49.226794], [16.715746, 49.226819], [16.715795, 49.226853], [16.71582, 49.226887], [16.715826, 49.226932], [16.715877, 49.226996], [16.715943, 49.227044], [16.716103, 49.227118], [16.716125, 49.227155], [16.716126, 49.227194], [16.716107, 49.227237], [16.716003, 49.227345], [16.716006, 49.227368], [16.716019, 49.227385], [16.716052, 49.227385], [16.716123, 49.227377], [16.716165, 49.227379], [16.716387, 49.227406], [16.716407, 49.227421], [16.716416, 49.227438], [16.71642, 49.227459], [16.71641, 49.227479], [16.716349, 49.227547], [16.716325, 49.227578], [16.716333, 49.227608], [16.716509, 49.227853], [16.716559, 49.227939], [16.716588, 49.227952], [16.716626, 49.227952], [16.716742, 49.22794], [16.716774, 49.22794], [16.716796, 49.227949], [16.716832, 49.228004], [16.71685, 49.22805], [16.71687, 49.228079], [16.716911, 49.228097], [16.716976, 49.228107], [16.717071, 49.228117], [16.717125, 49.228126], [16.71718, 49.228153], [16.71723, 49.228189], [16.717352, 49.228283], [16.717436, 49.228363], [16.717466, 49.228399], [16.717477, 49.228437], [16.717446, 49.228485], [16.71741, 49.228527], [16.717375, 49.22866], [16.717385, 49.228708], [16.717411, 49.228748], [16.717448, 49.228786], [16.717505, 49.228816], [16.717585, 49.228861], [16.717627, 49.2289], [16.717652, 49.228929], [16.717715, 49.229033], [16.71774, 49.229065], [16.717781, 49.229099], [16.718068, 49.229274], [16.718125, 49.229314], [16.718163, 49.229348], [16.718185, 49.229381], [16.718191, 49.229436], [16.718167, 49.229494], [16.718164, 49.229524], [16.718178, 49.22955], [16.718235, 49.229615], [16.718368, 49.229677], [16.718424, 49.229697], [16.718487, 49.229707], [16.718624, 49.229701], [16.718679, 49.229708], [16.718699, 49.229728], [16.718745, 49.229798], [16.718838, 49.229873], [16.71911, 49.230054], [16.71914, 49.230068], [16.719172, 49.230075], [16.71926, 49.230074], [16.719376, 49.230076], [16.71948, 49.230115], [16.719646, 49.2302], [16.719701, 49.230214], [16.719751, 49.230208], [16.719842, 49.230175], [16.719875, 49.230166], [16.719911, 49.230168], [16.719966, 49.230178], [16.720078, 49.230216], [16.720191, 49.230244], [16.720231, 49.230249], [16.720269, 49.230244], [16.720327, 49.230224], [16.720364, 49.230219], [16.720405, 49.230223], [16.72044, 49.230235], [16.720482, 49.230264], [16.720521, 49.230301], [16.72055, 49.230338], [16.720589, 49.230371], [16.720632, 49.230401], [16.720673, 49.230484], [16.720695, 49.230557], [16.720695, 49.230623], [16.720675, 49.23075], [16.72063, 49.230927], [16.720571, 49.23112], [16.720535, 49.231217], [16.720482, 49.231296], [16.720444, 49.231375], [16.720395, 49.23149], [16.720403, 49.231611], [16.720432, 49.231802], [16.720414, 49.231842], [16.720381, 49.231872], [16.720264, 49.231938], [16.720198, 49.23202], [16.720135, 49.232111], [16.72005, 49.232247], [16.719909, 49.23246], [16.719838, 49.232582], [16.719759, 49.232768], [16.719749, 49.232815], [16.719757, 49.23284], [16.719775, 49.232867], [16.719825, 49.232914], [16.719908, 49.232964], [16.719939, 49.232974], [16.719969, 49.232975], [16.720079, 49.232946], [16.720105, 49.232941], [16.720133, 49.232942], [16.720161, 49.232949], [16.720201, 49.23297], [16.72022, 49.233001], [16.720225, 49.233042], [16.720246, 49.233078], [16.720279, 49.233109], [16.720318, 49.233135], [16.720374, 49.233158], [16.720408, 49.23317], [16.720436, 49.233173], [16.720493, 49.233165], [16.720658, 49.233135], [16.720728, 49.23312], [16.720798, 49.233088], [16.720818, 49.233073], [16.72082, 49.233061], [16.720812, 49.233045], [16.720789, 49.233014], [16.720788, 49.232995], [16.720824, 49.232977], [16.720878, 49.232972], [16.720915, 49.232978], [16.720965, 49.232997], [16.721116, 49.233043], [16.721217, 49.233064], [16.721243, 49.23306], [16.721254, 49.233044], [16.721261, 49.233022], [16.721305, 49.232913], [16.721333, 49.23286], [16.721357, 49.232828], [16.721414, 49.232778], [16.721484, 49.232735], [16.721527, 49.232719], [16.721582, 49.23272], [16.721666, 49.232758], [16.721736, 49.23283], [16.721818, 49.232907], [16.721948, 49.232971], [16.722024, 49.233], [16.722132, 49.233034], [16.722235, 49.233048], [16.722374, 49.233053], [16.722522, 49.233066], [16.722659, 49.233091], [16.722812, 49.233137], [16.722826, 49.233174], [16.722805, 49.23321], [16.722748, 49.233263], [16.722676, 49.233291], [16.722609, 49.233309], [16.722543, 49.23331], [16.722474, 49.233302], [16.722405, 49.233302], [16.722341, 49.23331], [16.722327, 49.233323], [16.722318, 49.233339], [16.722319, 49.233372], [16.722327, 49.233407], [16.722357, 49.233451], [16.722424, 49.233509], [16.722526, 49.233555], [16.722688, 49.2336], [16.722819, 49.233669], [16.722903, 49.233755], [16.723026, 49.233838], [16.723051, 49.233849], [16.72308, 49.233846], [16.72312, 49.233838], [16.72322, 49.233826], [16.723259, 49.233854], [16.723323, 49.233937], [16.723395, 49.23399], [16.723453, 49.234005], [16.723515, 49.234006], [16.723544, 49.233999], [16.723559, 49.233983], [16.723661, 49.233889], [16.723698, 49.233874], [16.723729, 49.233869], [16.723757, 49.233872], [16.723781, 49.233885], [16.723877, 49.233958], [16.723977, 49.234018], [16.724114, 49.234132], [16.724186, 49.234213], [16.724208, 49.23423], [16.724234, 49.234239], [16.724261, 49.234244], [16.724287, 49.234245], [16.724299, 49.23423], [16.724313, 49.234197], [16.724343, 49.23417], [16.72439, 49.234164], [16.724433, 49.234174], [16.724629, 49.234254], [16.724733, 49.234324], [16.724771, 49.234374], [16.724821, 49.234452], [16.724852, 49.234482], [16.724876, 49.23449], [16.724902, 49.234487], [16.725036, 49.234456], [16.725067, 49.234453], [16.72508, 49.234468], [16.725089, 49.234527], [16.72509, 49.234642], [16.725105, 49.234711], [16.725144, 49.234786], [16.725161, 49.234803], [16.725186, 49.234813], [16.725333, 49.234825], [16.725347, 49.234844], [16.725339, 49.23493], [16.725354, 49.234991], [16.725407, 49.235047], [16.725505, 49.235136], [16.725548, 49.235193], [16.725588, 49.235275], [16.725634, 49.235356], [16.725673, 49.235419], [16.725721, 49.235478], [16.725745, 49.235522], [16.725777, 49.235588], [16.725814, 49.235651], [16.725887, 49.235741], [16.725943, 49.235837], [16.726035, 49.235937], [16.726129, 49.236019], [16.726223, 49.236085], [16.726347, 49.236151], [16.726395, 49.236183], [16.726406, 49.236226], [16.726378, 49.236292], [16.726368, 49.236345], [16.726372, 49.236398], [16.726395, 49.236437], [16.726435, 49.236469], [16.726484, 49.236503], [16.726519, 49.23659], [16.726548, 49.23663], [16.726579, 49.23664], [16.726613, 49.236643], [16.726706, 49.236637], [16.72675, 49.23665], [16.726782, 49.236673], [16.726799, 49.236698], [16.726812, 49.23674], [16.726833, 49.236773], [16.726839, 49.236803], [16.726823, 49.236826], [16.726757, 49.236891], [16.726766, 49.236918], [16.726797, 49.236937], [16.726848, 49.236953], [16.726874, 49.236975], [16.726888, 49.236998], [16.726917, 49.237069], [16.726932, 49.237093], [16.726968, 49.237104], [16.727063, 49.237078], [16.727143, 49.237052], [16.727344, 49.236957], [16.727375, 49.236954], [16.727403, 49.23696], [16.727452, 49.236974], [16.7275, 49.236973], [16.727619, 49.23693], [16.727652, 49.236925], [16.727751, 49.23693], [16.72778, 49.236936], [16.727795, 49.236955], [16.727762, 49.237026], [16.72777, 49.23706], [16.727793, 49.23709], [16.727832, 49.237098], [16.727835, 49.237134], [16.72762, 49.237497], [16.727523, 49.23765], [16.727429, 49.238073], [16.727434, 49.238151], [16.727469, 49.23844], [16.727518, 49.23872], [16.727569, 49.238882], [16.727569, 49.239305], [16.727563, 49.239458], [16.727265, 49.23961], [16.727258, 49.239818], [16.726985, 49.240077], [16.726924, 49.240424], [16.726864, 49.240525], [16.727009, 49.240803], [16.727099, 49.241116], [16.726895, 49.241555], [16.726702, 49.241931], [16.726627, 49.242026], [16.726594, 49.242073], [16.726485, 49.242211], [16.726245, 49.242383], [16.726097, 49.242538], [16.726045, 49.242539], [16.725993, 49.242552], [16.725628, 49.243012], [16.725307, 49.243232], [16.724928, 49.243573], [16.724785, 49.243963], [16.724837, 49.244215], [16.724635, 49.244526], [16.72423, 49.244829], [16.724206, 49.244853], [16.724159, 49.244895], [16.722885, 49.244466], [16.722288, 49.244346], [16.721674, 49.244307], [16.721074, 49.244258], [16.72053, 49.244225], [16.719961, 49.2442], [16.719653, 49.244164], [16.719381, 49.244087], [16.718893, 49.243919], [16.718418, 49.243766], [16.717938, 49.24368], [16.716883, 49.243524], [16.716592, 49.243503], [16.716288, 49.243515], [16.715766, 49.243613], [16.715214, 49.243728], [16.714532, 49.243885], [16.714281, 49.243933], [16.713879, 49.243966], [16.713517, 49.243908], [16.713372, 49.243826], [16.71323, 49.243645], [16.713072, 49.243348], [16.713061, 49.243174], [16.713188, 49.242805], [16.713209, 49.242463], [16.713151, 49.24213], [16.712964, 49.241432], [16.712656, 49.241077], [16.712467, 49.240895], [16.712087, 49.240701], [16.711977, 49.240633], [16.71188, 49.240538], [16.711597, 49.240121], [16.711045, 49.240281], [16.710616, 49.240414], [16.71028, 49.240569], [16.710124, 49.240604], [16.709698, 49.240615], [16.709125, 49.240539], [16.708735, 49.240623], [16.708707, 49.240628], [16.708592, 49.240344], [16.708263, 49.239508], [16.708022, 49.239225], [16.707835, 49.238897], [16.707452, 49.238645], [16.707506, 49.238379], [16.707328, 49.238096], [16.707032, 49.237784], [16.706706, 49.236959], [16.706707, 49.23668], [16.706632, 49.236549], [16.706344, 49.23618], [16.706485, 49.235694], [16.706468, 49.235121], [16.70651, 49.234824], [16.706533, 49.234455], [16.706453, 49.234223], [16.706488, 49.233988], [16.706578, 49.23377], [16.7066, 49.233708], [16.706577, 49.233581], [16.706507, 49.233336], [16.706324, 49.233073], [16.706228, 49.233022], [16.705129, 49.232574], [16.704726, 49.232383], [16.704379, 49.232155], [16.704151, 49.232026], [16.703995, 49.231956], [16.703573, 49.2318], [16.703082, 49.231607], [16.702707, 49.231459], [16.702429, 49.231322], [16.702328, 49.23127], [16.702051, 49.23103], [16.701759, 49.230776], [16.701417, 49.230539], [16.701217, 49.230369], [16.701079, 49.230265], [16.701073, 49.23026], [16.700958, 49.230168], [16.700465, 49.229718], [16.700098, 49.229416], [16.69975, 49.229208], [16.699507, 49.229069], [16.699224, 49.22892], [16.699059, 49.228828], [16.698755, 49.228668], [16.698471, 49.228537], [16.698231, 49.228434], [16.697942, 49.228319], [16.697618, 49.228185], [16.697145, 49.227994], [16.696811, 49.227876], [16.696441, 49.22775], [16.696111, 49.227649], [16.69578, 49.227559], [16.69533, 49.227453], [16.694979, 49.227372], [16.694217, 49.22719], [16.693436, 49.226971], [16.692915, 49.226786], [16.692459, 49.22663], [16.692428, 49.226525], [16.692418, 49.226481], [16.692238, 49.226439], [16.691446, 49.226349], [16.691036, 49.226255], [16.690795, 49.226147], [16.690437, 49.225935], [16.690195, 49.225772], [16.689859, 49.225341], [16.689768, 49.225298], [16.689553, 49.225209], [16.689202, 49.225079], [16.689034, 49.225035], [16.688303, 49.224903], [16.688135, 49.224847], [16.688073, 49.224804], [16.687372, 49.224425], [16.68673, 49.223835], [16.686622, 49.223798], [16.686343, 49.223652], [16.686001, 49.223418], [16.685503, 49.223099], [16.685158, 49.222872], [16.684341, 49.222205], [16.683956, 49.221878], [16.683441, 49.221312], [16.682964, 49.220641], [16.6827, 49.220206], [16.6824, 49.219649], [16.682167, 49.219153], [16.681724, 49.218275], [16.68157, 49.217995], [16.681485, 49.217815], [16.681321, 49.217525], [16.681237, 49.217347], [16.681126, 49.217118], [16.681065, 49.216687], [16.681039, 49.216525], [16.681003, 49.216348], [16.680966, 49.216207], [16.680922, 49.215997], [16.680855, 49.215746], [16.680839, 49.215675], [16.680799, 49.2154], [16.680603, 49.215389], [16.680575, 49.215341], [16.680253, 49.214877], [16.680124, 49.214747], [16.67996, 49.214619], [16.679804, 49.214536], [16.679708, 49.214477], [16.6795, 49.214481], [16.679446, 49.214442], [16.679419, 49.21443], [16.679413, 49.214364], [16.67936, 49.214279], [16.678979, 49.21414], [16.677954, 49.2139], [16.677491, 49.213815], [16.676613, 49.213615], [16.676028, 49.213356], [16.675217, 49.213046], [16.674347, 49.212573], [16.673691, 49.212113], [16.672852, 49.211247], [16.672391, 49.210555], [16.672057, 49.209681], [16.671902, 49.209049], [16.671603, 49.208093], [16.67121, 49.207465], [16.670992, 49.207227], [16.670947, 49.207188], [16.670853, 49.207087], [16.670616, 49.206882], [16.670462, 49.20678], [16.67014, 49.206584], [16.669413, 49.206183], [16.669058, 49.206118], [16.668661, 49.205991], [16.667989, 49.20581], [16.667351, 49.205607], [16.667217, 49.205487], [16.667005, 49.20532], [16.666623, 49.205246], [16.666595, 49.205045], [16.666755, 49.204872], [16.666836, 49.204716], [16.666814, 49.204626], [16.666805, 49.204565], [16.666736, 49.20425], [16.666701, 49.2041], [16.666606, 49.203773], [16.666554, 49.203778], [16.666423, 49.203229], [16.666368, 49.203109], [16.666351, 49.203023], [16.666352, 49.202989], [16.666256, 49.202996], [16.666246, 49.202938], [16.666355, 49.202927], [16.666356, 49.202853], [16.666106, 49.201508], [16.666095, 49.201477], [16.66607, 49.201441], [16.666059, 49.201417], [16.66601, 49.201183], [16.665972, 49.200963], [16.665963, 49.200942], [16.665923, 49.200879], [16.665848, 49.200835], [16.665743, 49.200788], [16.665603, 49.200745], [16.665363, 49.200684], [16.665032, 49.200578], [16.664928, 49.200544], [16.664645, 49.200312], [16.66458, 49.200262], [16.664226, 49.19998], [16.664077, 49.199872], [16.663989, 49.199806], [16.663385, 49.19937], [16.662115, 49.198335], [16.661853, 49.198122], [16.66151, 49.197841], [16.661468, 49.197826], [16.661453, 49.197815], [16.66082, 49.197337], [16.660801, 49.197331], [16.660706, 49.197255], [16.66072, 49.197071], [16.660816, 49.197066], [16.661113, 49.197061], [16.661315, 49.197074], [16.661494, 49.197097], [16.661744, 49.197123], [16.662141, 49.197174], [16.662508, 49.197218], [16.663857, 49.197397], [16.664472, 49.197474], [16.664475, 49.197467], [16.666426, 49.197729], [16.666687, 49.197762], [16.666812, 49.197779], [16.666951, 49.197795], [16.667025, 49.197804], [16.667617, 49.197882], [16.667717, 49.197897], [16.668112, 49.19795], [16.668322, 49.19798], [16.669192, 49.196523], [16.66984, 49.195445], [16.670503, 49.194349], [16.670764, 49.193908], [16.671147, 49.193274], [16.671169, 49.193236], [16.671196, 49.193225], [16.671197, 49.193197], [16.671543, 49.192644], [16.671322, 49.19246], [16.671312, 49.192449], [16.671259, 49.192405], [16.671229, 49.192374], [16.670853, 49.192458], [16.670355, 49.192564], [16.669838, 49.19268], [16.669129, 49.192834], [16.668347, 49.192124], [16.66784, 49.191494], [16.6676, 49.191185], [16.668077, 49.190948], [16.668577, 49.190691], [16.668004, 49.190192], [16.668147, 49.190118], [16.667706, 49.18973], [16.668474, 49.1896], [16.668502, 49.189541], [16.668605, 49.189334], [16.668606, 49.189273], [16.668696, 49.189196], [16.668773, 49.189143], [16.669556, 49.189585], [16.669642, 49.189644], [16.670118, 49.189859], [16.670875, 49.190295], [16.672821, 49.191387], [16.673641, 49.191807], [16.6738, 49.191874], [16.673805, 49.19187], [16.67416, 49.192018], [16.674157, 49.192022], [16.674274, 49.192071], [16.67431, 49.192049], [16.674817, 49.192259], [16.675226, 49.192422], [16.675625, 49.19253], [16.675942, 49.192595], [16.67687, 49.192727], [16.676986, 49.192741], [16.677106, 49.192765], [16.677172, 49.192782], [16.677338, 49.19283], [16.677498, 49.192895], [16.677565, 49.192932], [16.677621, 49.192956], [16.677742, 49.192994], [16.677933, 49.192997], [16.678061, 49.192944], [16.678136, 49.192863], [16.678151, 49.192774], [16.678039, 49.192635], [16.678033, 49.19254], [16.678413, 49.192444], [16.678834, 49.192279], [16.679597, 49.191859], [16.680057, 49.191589], [16.68076, 49.1912], [16.681093, 49.191001], [16.681943, 49.190514], [16.682851, 49.189995], [16.683073, 49.189875], [16.683103, 49.189864], [16.683568, 49.189625], [16.683987, 49.189444], [16.684361, 49.189317], [16.685269, 49.189062], [16.685972, 49.188917], [16.686605, 49.188726], [16.687086, 49.188576], [16.687438, 49.188437], [16.687901, 49.188317]]]}}, {"type": "Feature", "properties": {"zone_id": 20399292, "name": "Brno-Černovice", "admin_level": "9", "source": "OSM relation 20399292"}, "geometry": {"type": "Polygon", "coordinates": [[[16.652015, 49.166444], [16.652109, 49.166798], [16.6521, 49.166975], [16.652095, 49.167014], [16.652059, 49.167206], [16.652043, 49.167332], [16.652032, 49.167401], [16.652021, 49.167452], [16.652014, 49.167592], [16.652014, 49.167681], [16.652021, 49.167745], [16.652024, 49.16782], [16.652037, 49.167916], [16.653721, 49.16802], [16.655343, 49.168116], [16.655844, 49.168172], [16.657938, 49.168263], [16.660349, 49.168379], [16.66044, 49.168373], [16.660836, 49.168346], [16.661073, 49.168334], [16.662568, 49.168268], [16.665863, 49.168131], [16.668787, 49.167983], [16.66894, 49.168021], [16.66895, 49.168024], [16.668971, 49.168029], [16.669186, 49.168151], [16.669232, 49.168177], [16.669564, 49.168392], [16.669788, 49.168592], [16.669836, 49.168637], [16.669986, 49.168779], [16.67006, 49.168843], [16.670089, 49.168871], [16.670144, 49.168933], [16.670174, 49.169196], [16.670188, 49.169361], [16.670203, 49.169576], [16.670219, 49.169869], [16.670203, 49.170101], [16.67021, 49.170346], [16.670248, 49.170488], [16.670321, 49.170605], [16.670331, 49.170646], [16.670477, 49.171472], [16.670534, 49.171945], [16.670711, 49.173125], [16.670819, 49.174032], [16.670835, 49.174295], [16.670863, 49.17444], [16.670982, 49.175041], [16.67099, 49.175202], [16.670991, 49.175333], [16.67099, 49.175381], [16.670997, 49.175387], [16.67099, 49.175391], [16.670989, 49.175447], [16.671099, 49.176006], [16.671192, 49.176468], [16.671527, 49.178164], [16.671613, 49.178601], [16.671585, 49.178619], [16.671419, 49.17872], [16.671395, 49.178721], [16.671121, 49.178878], [16.670115, 49.179449], [16.669966, 49.179529], [16.66981, 49.179613], [16.669713, 49.179665], [16.6676, 49.180874], [16.667423, 49.180919], [16.667316, 49.180981], [16.666955, 49.18119], [16.666879, 49.181304], [16.666121, 49.18174], [16.665545, 49.182113], [16.665389, 49.18222], [16.665343, 49.182257], [16.664994, 49.182544], [16.66463, 49.182862], [16.664335, 49.183188], [16.664048, 49.183529], [16.663975, 49.183633], [16.663773, 49.183959], [16.663629, 49.184167], [16.663274, 49.184233], [16.663035, 49.184333], [16.662989, 49.184465], [16.66285, 49.184483], [16.662773, 49.184572], [16.662443, 49.184871], [16.662256, 49.185038], [16.661669, 49.185513], [16.661411, 49.185723], [16.661308, 49.185799], [16.660949, 49.186048], [16.661029, 49.186177], [16.661195, 49.186445], [16.661276, 49.186574], [16.6612, 49.186623], [16.661138, 49.186663], [16.660809, 49.1867], [16.66037, 49.186763], [16.659916, 49.18685], [16.659031, 49.187035], [16.658247, 49.187195], [16.657373, 49.187388], [16.655922, 49.187702], [16.655361, 49.187823], [16.654771, 49.188012], [16.654238, 49.188257], [16.653892, 49.188404], [16.653315, 49.188651], [16.652423, 49.189043], [16.651936, 49.189254], [16.651318, 49.189514], [16.650736, 49.189548], [16.64972, 49.189696], [16.649586, 49.189746], [16.64885, 49.189817], [16.64843, 49.189855], [16.647356, 49.189934], [16.646139, 49.190069], [16.64615, 49.190122], [16.645584, 49.190139], [16.644763, 49.190238], [16.643555, 49.190365], [16.643558, 49.190381], [16.643291, 49.190451], [16.642804, 49.190496], [16.642343, 49.190516], [16.642111, 49.19055], [16.641848, 49.190573], [16.641578, 49.190614], [16.640936, 49.190725], [16.640747, 49.190784], [16.640335, 49.190943], [16.6402, 49.191019], [16.640144, 49.190771], [16.64012, 49.190748], [16.639545, 49.19081], [16.638681, 49.190898], [16.638085, 49.190963], [16.637692, 49.190995], [16.637334, 49.191001], [16.637102, 49.190999], [16.636817, 49.190969], [16.636516, 49.190905], [16.636263, 49.191052], [16.635998, 49.190971], [16.635343, 49.190723], [16.634809, 49.190662], [16.634703, 49.190651], [16.634557, 49.190633], [16.634179, 49.190588], [16.634114, 49.190581], [16.634056, 49.190244], [16.633799, 49.190305], [16.63378, 49.190281], [16.633715, 49.190286], [16.633583, 49.190314], [16.633501, 49.190332], [16.633348, 49.190373], [16.632551, 49.190544], [16.632488, 49.190551], [16.632438, 49.190556], [16.629148, 49.191251], [16.629078, 49.191263], [16.628958, 49.191273], [16.628871, 49.191279], [16.628757, 49.191285], [16.628759, 49.191321], [16.628229, 49.191347], [16.62822, 49.191314], [16.628211, 49.191211], [16.628209, 49.191195], [16.6282, 49.191083], [16.628235, 49.190861], [16.628277, 49.190669], [16.628303, 49.190562], [16.628448, 49.190158], [16.628549, 49.18976], [16.628618, 49.18933], [16.628752, 49.18864], [16.628768, 49.188569], [16.62887, 49.188282], [16.629096, 49.187284], [16.629335, 49.186195], [16.629487, 49.185478], [16.629676, 49.184644], [16.629874, 49.183673], [16.630434, 49.18115], [16.630501, 49.180839], [16.630589, 49.180474], [16.630625, 49.180308], [16.630627, 49.180296], [16.631243, 49.177411], [16.631262, 49.177151], [16.631274, 49.17709], [16.631274, 49.177038], [16.631286, 49.176926], [16.63129, 49.176887], [16.631443, 49.176261], [16.63155, 49.175819], [16.63181, 49.174624], [16.631897, 49.174242], [16.631945, 49.173931], [16.632144, 49.173085], [16.632244, 49.172612], [16.632387, 49.171903], [16.632372, 49.171706], [16.632386, 49.171666], [16.632383, 49.171645], [16.63238, 49.171625], [16.632509, 49.171396], [16.632968, 49.171337], [16.634399, 49.171187], [16.635229, 49.171086], [16.635416, 49.171048], [16.636206, 49.170915], [16.637178, 49.170715], [16.637694, 49.170537], [16.637869, 49.170481], [16.639645, 49.169874], [16.640814, 49.16948], [16.642428, 49.168908], [16.642509, 49.168962], [16.643144, 49.16873], [16.643273, 49.168688], [16.643336, 49.168617], [16.643424, 49.16851], [16.643438, 49.168514], [16.643693, 49.168574], [16.644205, 49.168385], [16.644447, 49.168279], [16.644642, 49.168192], [16.644877, 49.168094], [16.645503, 49.167728], [16.645597, 49.167675], [16.645757, 49.167563], [16.645848, 49.167505], [16.645933, 49.167443], [16.646009, 49.167393], [16.646087, 49.167338], [16.646151, 49.167279], [16.646203, 49.167236], [16.646378, 49.167082], [16.646435, 49.167031], [16.646543, 49.166938], [16.646669, 49.166798], [16.646883, 49.166568], [16.646927, 49.166522], [16.647181, 49.166205], [16.647423, 49.165818], [16.647486, 49.165722], [16.647796, 49.165821], [16.647944, 49.16587], [16.648127, 49.165918], [16.648749, 49.166111], [16.648753, 49.16615], [16.65059, 49.16599], [16.651369, 49.165869], [16.651747, 49.165772], [16.651811, 49.165746], [16.651811, 49.165837], [16.651806, 49.166036], [16.651922, 49.166265], [16.651945, 49.166314], [16.651984, 49.166384], [16.652015, 49.166444]]]}}, {"type": "Feature", "properties": {"zone_id": 20399293, "name": "Brno-Slatina", "admin_level": "9", "source": "OSM relation 20399293"}, "geometry": {"type": "Polygon", "coordinates": [[[16.668787, 49.167983], [16.66894, 49.168021], [16.66895, 49.168024], [16.668971, 49.168029], [16.669186, 49.168151], [16.669232, 49.168177], [16.669564, 49.168392], [16.669788, 49.168592], [16.669836, 49.168637], [16.669986, 49.168779], [16.67006, 49.168843], [16.670089, 49.168871], [16.670144, 49.168933], [16.670174, 49.169196], [16.670188, 49.169361], [16.670203, 49.169576], [16.670219, 49.169869], [16.670203, 49.170101], [16.67021, 49.170346], [16.670248, 49.170488], [16.670321, 49.170605], [16.670331, 49.170646], [16.670477, 49.171472], [16.670534, 49.171945], [16.670711, 49.173125], [16.670819, 49.174032], [16.670835, 49.174295], [16.670863, 49.17444], [16.670982, 49.175041], [16.67099, 49.175202], [16.670991, 49.175333], [16.67099, 49.175381], [16.670997, 49.175387], [16.67099, 49.175391], [16.670989, 49.175447], [16.671099, 49.176006], [16.671192, 49.176468], [16.671527, 49.178164], [16.671613, 49.178601], [16.671585, 49.178619], [16.671419, 49.17872], [16.671395, 49.178721], [16.671121, 49.178878], [16.670115, 49.179449], [16.669966, 49.179529], [16.66981, 49.179613], [16.669713, 49.179665], [16.6676, 49.180874], [16.667423, 49.180919], [16.667316, 49.180981], [16.666955, 49.18119], [16.666879, 49.181304], [16.666121, 49.18174], [16.665545, 49.182113], [16.665389, 49.18222], [16.665343, 49.182257], [16.664994, 49.182544], [16.66463, 49.182862], [16.664335, 49.183188], [16.664048, 49.183529], [16.663975, 49.183633], [16.663773, 49.183959], [16.663629, 49.184167], [16.663274, 49.184233], [16.663035, 49.184333], [16.662989, 49.184465], [16.66285, 49.184483], [16.662773, 49.184572], [16.662443, 49.184871], [16.662256, 49.185038], [16.661669, 49.185513], [16.661411, 49.185723], [16.661308, 49.185799], [16.660949, 49.186048], [16.661029, 49.186177], [16.661195, 49.186445], [16.661276, 49.186574], [16.661357, 49.186702], [16.661307, 49.186791], [16.661672, 49.186821], [16.662076, 49.186846], [16.662608, 49.186878], [16.662738, 49.187119], [16.662871, 49.187316], [16.663123, 49.187605], [16.663383, 49.187888], [16.663699, 49.18813], [16.663885, 49.18826], [16.664238, 49.188456], [16.664336, 49.188509], [16.664824, 49.188685], [16.665326, 49.18882], [16.66587, 49.188933], [16.666096, 49.188985], [16.6661, 49.188986], [16.666775, 49.189128], [16.667103, 49.189201], [16.667149, 49.189213], [16.667341, 49.189254], [16.667647, 49.189338], [16.667748, 49.189366], [16.668212, 49.189478], [16.668502, 49.189541], [16.668605, 49.189334], [16.668606, 49.189273], [16.668696, 49.189196], [16.668773, 49.189143], [16.669556, 49.189585], [16.669642, 49.189644], [16.670118, 49.189859], [16.670875, 49.190295], [16.672821, 49.191387], [16.673641, 49.191807], [16.6738, 49.191874], [16.673805, 49.19187], [16.67416, 49.192018], [16.674157, 49.192022], [16.674274, 49.192071], [16.67431, 49.192049], [16.674817, 49.192259], [16.675226, 49.192422], [16.675625, 49.19253], [16.675942, 49.192595], [16.67687, 49.192727], [16.676986, 49.192741], [16.677106, 49.192765], [16.677172, 49.192782], [16.677338, 49.19283], [16.677498, 49.192895], [16.677565, 49.192932], [16.677621, 49.192956], [16.677742, 49.192994], [16.677933, 49.192997], [16.678061, 49.192944], [16.678136, 49.192863], [16.678151, 49.192774], [16.678039, 49.192635], [16.678033, 49.19254], [16.678413, 49.192444], [16.678834, 49.192279], [16.679597, 49.191859], [16.680057, 49.191589], [16.68076, 49.1912], [16.681093, 49.191001], [16.681943, 49.190514], [16.682851, 49.189995], [16.683073, 49.189875], [16.683103, 49.189864], [16.683568, 49.189625], [16.683987, 49.189444], [16.684361, 49.189317], [16.685269, 49.189062], [16.685972, 49.188917], [16.686605, 49.188726], [16.687086, 49.188576], [16.687438, 49.188437], [16.687901, 49.188317], [16.687869, 49.188258], [16.687887, 49.188167], [16.68771, 49.187825], [16.687399, 49.187435], [16.687087, 49.187038], [16.686598, 49.186453], [16.686345, 49.186128], [16.686356, 49.186014], [16.686343, 49.185952], [16.689939, 49.185798], [16.692566, 49.185693], [16.692705, 49.18567], [16.692647, 49.185555], [16.692503, 49.185295], [16.692387, 49.185056], [16.692279, 49.184855], [16.69238, 49.184826], [16.692821, 49.184861], [16.693848, 49.185026], [16.694291, 49.185069], [16.694353, 49.18508], [16.694356, 49.185054], [16.69436, 49.185013], [16.694467, 49.184045], [16.694648, 49.182418], [16.694661, 49.182269], [16.694686, 49.18227], [16.694689, 49.182224], [16.694816, 49.180673], [16.694924, 49.179341], [16.693885, 49.179185], [16.693823, 49.179176], [16.693806, 49.179173], [16.694208, 49.176414], [16.69423, 49.176404], [16.694173, 49.176349], [16.69462, 49.176151], [16.697385, 49.17502], [16.700118, 49.173924], [16.702428, 49.173014], [16.703307, 49.172664], [16.703886, 49.172415], [16.704826, 49.171993], [16.704807, 49.171938], [16.704769, 49.171956], [16.704584, 49.171765], [16.703693, 49.171006], [16.703265, 49.170607], [16.703079, 49.170435], [16.70278, 49.170143], [16.702091, 49.169502], [16.70166, 49.169085], [16.701217, 49.168664], [16.700434, 49.167925], [16.699757, 49.16726], [16.69913, 49.166631], [16.698328, 49.165863], [16.697512, 49.165112], [16.696139, 49.163844], [16.695747, 49.16348], [16.695525, 49.163265], [16.696235, 49.162568], [16.697003, 49.161512], [16.697136, 49.161305], [16.696491, 49.161311], [16.696574, 49.161063], [16.695582, 49.161081], [16.69511, 49.161116], [16.694681, 49.161019], [16.694583, 49.161044], [16.694078, 49.161154], [16.692886, 49.161476], [16.692118, 49.161775], [16.691526, 49.162036], [16.691378, 49.160999], [16.691375, 49.160975], [16.691231, 49.161045], [16.690916, 49.161212], [16.690801, 49.161267], [16.690638, 49.161358], [16.68984, 49.161786], [16.688864, 49.16229], [16.688851, 49.162298], [16.688537, 49.162458], [16.68852, 49.162466], [16.68818, 49.162642], [16.687439, 49.163069], [16.686948, 49.163274], [16.686878, 49.163298], [16.686471, 49.163419], [16.686315, 49.163472], [16.686093, 49.163565], [16.684826, 49.164191], [16.684744, 49.164231], [16.684278, 49.164475], [16.68336, 49.164957], [16.683192, 49.164762], [16.682342, 49.16506], [16.681682, 49.165304], [16.680478, 49.165742], [16.680171, 49.16586], [16.68004, 49.165925], [16.678954, 49.166319], [16.678316, 49.166555], [16.677758, 49.166758], [16.677035, 49.167029], [16.677361, 49.167283], [16.67762, 49.167499], [16.677717, 49.167587], [16.677164, 49.167781], [16.675851, 49.16824], [16.674103, 49.168735], [16.672921, 49.168964], [16.672707, 49.16885], [16.672522, 49.168755], [16.672396, 49.168621], [16.672111, 49.168227], [16.672045, 49.16808], [16.671979, 49.167892], [16.671949, 49.167465], [16.671955, 49.167416], [16.67195, 49.167353], [16.671811, 49.167159], [16.671678, 49.167078], [16.671406, 49.166938], [16.671336, 49.166895], [16.67057, 49.166373], [16.670178, 49.166577], [16.66986, 49.166759], [16.669097, 49.167236], [16.668787, 49.167983]]]}}, {"type": "Feature", "properties": {"zone_id": 20399294, "name": "Brno-jih", "admin_level": "9", "source": "OSM relation 20399294"}, "geometry": {"type": "Polygon", "coordinates": [[[16.630589, 49.180474], [16.630501, 49.180839], [16.630434, 49.18115], [16.629874, 49.183673], [16.629676, 49.184644], [16.629487, 49.185478], [16.629335, 49.186195], [16.629096, 49.187284], [16.62887, 49.188282], [16.628578, 49.188187], [16.628563, 49.18826], [16.628551, 49.188317], [16.62855, 49.188322], [16.628554, 49.188323], [16.62855, 49.188347], [16.628541, 49.188386], [16.628537, 49.188407], [16.62853, 49.188407], [16.628528, 49.188412], [16.628514, 49.188465], [16.628484, 49.188536], [16.627354, 49.18816], [16.626341, 49.187784], [16.626311, 49.187735], [16.626313, 49.187718], [16.626319, 49.187675], [16.626319, 49.187668], [16.626319, 49.187642], [16.626319, 49.187598], [16.626321, 49.187568], [16.626379, 49.187445], [16.626048, 49.187332], [16.625956, 49.187303], [16.625947, 49.187317], [16.625938, 49.187328], [16.625987, 49.18735], [16.62602, 49.187378], [16.626038, 49.187412], [16.626039, 49.187435], [16.626039, 49.187449], [16.62603, 49.18747], [16.626027, 49.187475], [16.626041, 49.18748], [16.626039, 49.187505], [16.626038, 49.187548], [16.626037, 49.187573], [16.626031, 49.187573], [16.626008, 49.187593], [16.625976, 49.18761], [16.625918, 49.187617], [16.625564, 49.187517], [16.625542, 49.187502], [16.622459, 49.186512], [16.622435, 49.186517], [16.622013, 49.186386], [16.622074, 49.186324], [16.62208, 49.186318], [16.622106, 49.18629], [16.622185, 49.186219], [16.622216, 49.186197], [16.622093, 49.186146], [16.622048, 49.186177], [16.621957, 49.186244], [16.621905, 49.186283], [16.621825, 49.18636], [16.620776, 49.186073], [16.620657, 49.186033], [16.620803, 49.185877], [16.620805, 49.185875], [16.620621, 49.185814], [16.620539, 49.185901], [16.62038, 49.186062], [16.6202, 49.185986], [16.620196, 49.18599], [16.619846, 49.185846], [16.619397, 49.185681], [16.618948, 49.18552], [16.618503, 49.185361], [16.618417, 49.185338], [16.618371, 49.185325], [16.618413, 49.18525], [16.618198, 49.185132], [16.618326, 49.184914], [16.61856, 49.184504], [16.61869, 49.184275], [16.618703, 49.184248], [16.618743, 49.184182], [16.619262, 49.183265], [16.619357, 49.183098], [16.619405, 49.183021], [16.619382, 49.182985], [16.619122, 49.182921], [16.618681, 49.182936], [16.618337, 49.182946], [16.618022, 49.18296], [16.618022, 49.182963], [16.617866, 49.182997], [16.617437, 49.18237], [16.61733, 49.182214], [16.615882, 49.180074], [16.614887, 49.178611], [16.614961, 49.17857], [16.614952, 49.178538], [16.615205, 49.178397], [16.615164, 49.178368], [16.615098, 49.178315], [16.614791, 49.17808], [16.614733, 49.178041], [16.614363, 49.177756], [16.613923, 49.177881], [16.613769, 49.177913], [16.613459, 49.177465], [16.613457, 49.177421], [16.613503, 49.177404], [16.613815, 49.177397], [16.613699, 49.177377], [16.612833, 49.17717], [16.612764, 49.177151], [16.612722, 49.177131], [16.61223, 49.176821], [16.61175, 49.176512], [16.611453, 49.176195], [16.611335, 49.176117], [16.611256, 49.176071], [16.611198, 49.176002], [16.611187, 49.175987], [16.611178, 49.175978], [16.611136, 49.175922], [16.611155, 49.17583], [16.610804, 49.175948], [16.610224, 49.176226], [16.61006, 49.176304], [16.609486, 49.17663], [16.609035, 49.176937], [16.608618, 49.177284], [16.608244, 49.17764], [16.607941, 49.177945], [16.607669, 49.177765], [16.607642, 49.177685], [16.607615, 49.176657], [16.607611, 49.176588], [16.607499, 49.17604], [16.607464, 49.175882], [16.607407, 49.175052], [16.607346, 49.174959], [16.607384, 49.174841], [16.60737, 49.174791], [16.607367, 49.174757], [16.60735, 49.173699], [16.60731, 49.172766], [16.6073, 49.172581], [16.607296, 49.172432], [16.607289, 49.172284], [16.607279, 49.171929], [16.607239, 49.171237], [16.607228, 49.171084], [16.607223, 49.170946], [16.607209, 49.170889], [16.607105, 49.170365], [16.606063, 49.169957], [16.605873, 49.169777], [16.605545, 49.16995], [16.605489, 49.169813], [16.605417, 49.169614], [16.60498, 49.168393], [16.604857, 49.168046], [16.604857, 49.168043], [16.60296, 49.168339], [16.602918, 49.168234], [16.602913, 49.168209], [16.602406, 49.166828], [16.602427, 49.166535], [16.602084, 49.166548], [16.601066, 49.166703], [16.601046, 49.166702], [16.601028, 49.166699], [16.60101, 49.166694], [16.600988, 49.166681], [16.600972, 49.166666], [16.600951, 49.166612], [16.600477, 49.166692], [16.599622, 49.166834], [16.598283, 49.166623], [16.598286, 49.166609], [16.598293, 49.166609], [16.598295, 49.166601], [16.598288, 49.1666], [16.598293, 49.166578], [16.598299, 49.166578], [16.598301, 49.166569], [16.598295, 49.166569], [16.598299, 49.166546], [16.598306, 49.166547], [16.598308, 49.166538], [16.598301, 49.166537], [16.598306, 49.166515], [16.598312, 49.166515], [16.598314, 49.166506], [16.598308, 49.166506], [16.598312, 49.166483], [16.598319, 49.166484], [16.598321, 49.166475], [16.598314, 49.166474], [16.598319, 49.166452], [16.598326, 49.166452], [16.598327, 49.166443], [16.598321, 49.166443], [16.598325, 49.16642], [16.598332, 49.166421], [16.598334, 49.166412], [16.598327, 49.166411], [16.598332, 49.166389], [16.598339, 49.166389], [16.598341, 49.16638], [16.598334, 49.16638], [16.598338, 49.166357], [16.598345, 49.166358], [16.598347, 49.166349], [16.59834, 49.166348], [16.598345, 49.166326], [16.598352, 49.166326], [16.598354, 49.166317], [16.598347, 49.166317], [16.598352, 49.166294], [16.598358, 49.166295], [16.59836, 49.166286], [16.598353, 49.166286], [16.598358, 49.166263], [16.598365, 49.166264], [16.598367, 49.166255], [16.59836, 49.166254], [16.598365, 49.166232], [16.598371, 49.166232], [16.598373, 49.166223], [16.598367, 49.166223], [16.598371, 49.1662], [16.598378, 49.166201], [16.59838, 49.166192], [16.598373, 49.166191], [16.598378, 49.166168], [16.598385, 49.166169], [16.598386, 49.16616], [16.59838, 49.16616], [16.598384, 49.166137], [16.598391, 49.166138], [16.598393, 49.166129], [16.598386, 49.166128], [16.598391, 49.166106], [16.598398, 49.166106], [16.598399, 49.166097], [16.598393, 49.166097], [16.598397, 49.166074], [16.598404, 49.166075], [16.598406, 49.166066], [16.598399, 49.166065], [16.598404, 49.166043], [16.598411, 49.166043], [16.598413, 49.166034], [16.598406, 49.166034], [16.59841, 49.166011], [16.598417, 49.166012], [16.598419, 49.166003], [16.598412, 49.166002], [16.598417, 49.16598], [16.598424, 49.165981], [16.598426, 49.165972], [16.598419, 49.165971], [16.598423, 49.165948], [16.59843, 49.165949], [16.598432, 49.16594], [16.598425, 49.16594], [16.59843, 49.165918], [16.598437, 49.165918], [16.598439, 49.165909], [16.598432, 49.165908], [16.598437, 49.165886], [16.598443, 49.165886], [16.598445, 49.165877], [16.598439, 49.165877], [16.598443, 49.165854], [16.59845, 49.165855], [16.598452, 49.165846], [16.598445, 49.165845], [16.59845, 49.165823], [16.598456, 49.165823], [16.598458, 49.165814], [16.598451, 49.165814], [16.598456, 49.165791], [16.598463, 49.165792], [16.598465, 49.165783], [16.598458, 49.165782], [16.598463, 49.16576], [16.59847, 49.16576], [16.598471, 49.165751], [16.598465, 49.165751], [16.598469, 49.165728], [16.598476, 49.165729], [16.598478, 49.16572], [16.598471, 49.165719], [16.598476, 49.165697], [16.598482, 49.165697], [16.598484, 49.165689], [16.598478, 49.165688], [16.598482, 49.165665], [16.598489, 49.165666], [16.598491, 49.165657], [16.598484, 49.165656], [16.598489, 49.165634], [16.598496, 49.165635], [16.598498, 49.165626], [16.598491, 49.165625], [16.598495, 49.165602], [16.598502, 49.165603], [16.598504, 49.165594], [16.598497, 49.165593], [16.598502, 49.165571], [16.598509, 49.165571], [16.598511, 49.165563], [16.598504, 49.165562], [16.598509, 49.16554], [16.598515, 49.16554], [16.598517, 49.165531], [16.59851, 49.165531], [16.598515, 49.165508], [16.598522, 49.165509], [16.598524, 49.1655], [16.598396, 49.165486], [16.595016, 49.165129], [16.594924, 49.165119], [16.594853, 49.165119], [16.593162, 49.165312], [16.592527, 49.165465], [16.59246, 49.165486], [16.592253, 49.164967], [16.592214, 49.164874], [16.592087, 49.164559], [16.59202, 49.164398], [16.591984, 49.164335], [16.59204, 49.164227], [16.592038, 49.164204], [16.591987, 49.163854], [16.591928, 49.163404], [16.591887, 49.163134], [16.591866, 49.162967], [16.591833, 49.162774], [16.591812, 49.162616], [16.591762, 49.1623], [16.592221, 49.162259], [16.592262, 49.162257], [16.592247, 49.162162], [16.592221, 49.161895], [16.592215, 49.161855], [16.591884, 49.160545], [16.591676, 49.160559], [16.591457, 49.160577], [16.591253, 49.160583], [16.591041, 49.160595], [16.590804, 49.160608], [16.590688, 49.160617], [16.590365, 49.160634], [16.590139, 49.160648], [16.589911, 49.160663], [16.589677, 49.160681], [16.589523, 49.16069], [16.588977, 49.160731], [16.588743, 49.160747], [16.588693, 49.160552], [16.588667, 49.160464], [16.588612, 49.16022], [16.588594, 49.160158], [16.58857, 49.160055], [16.588552, 49.159971], [16.588544, 49.159919], [16.588524, 49.159841], [16.588443, 49.159459], [16.588399, 49.15927], [16.588893, 49.159223], [16.589393, 49.159181], [16.589621, 49.159164], [16.590517, 49.159085], [16.591175, 49.159034], [16.591807, 49.15898], [16.59222, 49.158944], [16.592424, 49.158922], [16.593041, 49.15887], [16.593858, 49.158805], [16.593893, 49.158773], [16.593629, 49.157501], [16.593849, 49.157499], [16.594082, 49.157492], [16.59443, 49.157488], [16.59503, 49.157476], [16.591743, 49.155589], [16.590377, 49.154809], [16.590842, 49.15476], [16.591083, 49.154738], [16.591182, 49.154733], [16.591744, 49.154681], [16.592102, 49.154649], [16.592166, 49.154642], [16.592168, 49.154614], [16.59217, 49.154344], [16.592181, 49.153836], [16.592183, 49.153667], [16.592189, 49.153496], [16.592191, 49.153326], [16.592203, 49.152983], [16.592213, 49.152535], [16.59324, 49.152438], [16.594032, 49.152366], [16.594863, 49.152285], [16.596341, 49.152146], [16.596319, 49.151226], [16.596113, 49.150103], [16.595517, 49.148326], [16.595299, 49.147453], [16.594876, 49.146227], [16.594617, 49.145661], [16.594163, 49.144878], [16.593894, 49.144387], [16.593433, 49.143092], [16.593254, 49.142589], [16.593244, 49.142539], [16.593249, 49.142165], [16.592914, 49.141737], [16.592238, 49.140491], [16.591824, 49.139733], [16.590343, 49.137082], [16.589673, 49.135831], [16.592583, 49.135595], [16.596733, 49.13525], [16.597759, 49.135135], [16.597963, 49.135111], [16.598619, 49.135038], [16.599146, 49.134978], [16.599202, 49.136342], [16.598844, 49.136386], [16.599035, 49.136552], [16.599155, 49.136665], [16.599262, 49.136778], [16.599296, 49.136859], [16.599304, 49.136881], [16.599348, 49.137029], [16.599365, 49.137115], [16.599378, 49.137164], [16.599389, 49.137206], [16.599402, 49.137265], [16.599425, 49.13737], [16.599427, 49.137399], [16.599427, 49.137412], [16.602965, 49.137232], [16.603039, 49.137229], [16.603141, 49.137223], [16.603495, 49.137205], [16.603492, 49.137219], [16.603488, 49.137244], [16.60333, 49.138101], [16.606464, 49.138617], [16.606455, 49.138405], [16.607108, 49.138003], [16.607442, 49.137878], [16.608076, 49.137723], [16.608655, 49.137522], [16.608799, 49.137479], [16.610876, 49.136983], [16.611465, 49.136851], [16.611735, 49.136818], [16.611993, 49.13681], [16.612219, 49.136821], [16.612821, 49.136832], [16.613172, 49.136752], [16.613536, 49.136701], [16.613728, 49.136675], [16.613908, 49.136647], [16.614078, 49.136624], [16.614256, 49.136599], [16.614606, 49.136552], [16.614782, 49.136526], [16.614953, 49.136501], [16.615127, 49.136477], [16.615308, 49.136454], [16.615479, 49.136431], [16.615815, 49.136384], [16.615695, 49.136017], [16.615873, 49.13596], [16.617774, 49.136216], [16.619817, 49.136492], [16.620209, 49.136584], [16.621016, 49.136692], [16.621133, 49.13675], [16.621248, 49.136851], [16.622927, 49.137218], [16.622994, 49.137223], [16.623282, 49.137259], [16.623368, 49.137268], [16.623537, 49.137291], [16.624282, 49.137366], [16.625113, 49.137366], [16.625223, 49.137364], [16.626077, 49.137276], [16.626729, 49.137263], [16.627149, 49.137267], [16.627178, 49.137266], [16.627285, 49.137268], [16.628016, 49.137254], [16.628064, 49.137251], [16.628093, 49.137412], [16.628143, 49.137411], [16.62944, 49.137369], [16.629642, 49.137362], [16.629926, 49.137353], [16.630834, 49.137327], [16.631683, 49.137303], [16.631719, 49.137315], [16.63172, 49.137384], [16.631874, 49.13966], [16.631978, 49.141209], [16.632051, 49.142353], [16.633054, 49.144372], [16.632995, 49.144388], [16.630249, 49.145039], [16.630185, 49.145056], [16.630021, 49.145092], [16.629726, 49.144549], [16.629646, 49.1444], [16.629223, 49.144436], [16.629569, 49.145073], [16.62976, 49.145394], [16.629894, 49.145655], [16.630212, 49.146494], [16.630739, 49.147575], [16.631118, 49.148345], [16.631453, 49.14904], [16.631682, 49.149468], [16.632334, 49.150724], [16.632603, 49.151323], [16.632646, 49.151384], [16.632846, 49.151622], [16.632982, 49.151773], [16.633048, 49.152149], [16.633069, 49.152539], [16.63307, 49.15264], [16.633073, 49.152738], [16.633069, 49.152842], [16.633059, 49.152988], [16.63315, 49.153353], [16.633263, 49.154319], [16.633194, 49.154346], [16.633347, 49.15559], [16.633498, 49.156835], [16.633537, 49.157123], [16.633627, 49.15791], [16.633733, 49.158638], [16.63404, 49.160837], [16.634073, 49.161292], [16.634108, 49.161806], [16.63413, 49.162392], [16.634072, 49.162786], [16.634057, 49.162879], [16.63411, 49.162916], [16.634099, 49.163066], [16.634105, 49.163098], [16.634136, 49.163202], [16.634132, 49.163315], [16.634087, 49.163685], [16.634043, 49.164018], [16.633873, 49.164988], [16.633741, 49.165612], [16.633515, 49.166604], [16.633325, 49.16757], [16.632991, 49.169082], [16.632872, 49.169647], [16.632765, 49.170131], [16.632509, 49.171396], [16.63238, 49.171625], [16.632383, 49.171645], [16.632386, 49.171666], [16.632372, 49.171706], [16.632387, 49.171903], [16.632244, 49.172612], [16.632144, 49.173085], [16.631945, 49.173931], [16.631897, 49.174242], [16.63181, 49.174624], [16.63155, 49.175819], [16.631443, 49.176261], [16.63129, 49.176887], [16.631286, 49.176926], [16.631274, 49.177038], [16.631274, 49.17709], [16.631262, 49.177151], [16.631243, 49.177411], [16.630627, 49.180296], [16.630625, 49.180308], [16.630589, 49.180474]]]}}, {"type": "Feature", "properties": {"zone_id": 20399295, "name": "Brno-Tuřany", "admin_level": "9", "source": "OSM relation 20399295"}, "geometry": {"type": "Polygon", "coordinates": [[[16.668529, 49.136916], [16.668262, 49.137108], [16.666678, 49.138202], [16.666082, 49.138632], [16.666002, 49.138688], [16.665409, 49.139075], [16.665223, 49.139198], [16.664989, 49.139373], [16.665011, 49.139386], [16.664976, 49.139427], [16.664968, 49.139437], [16.664687, 49.139271], [16.663769, 49.139712], [16.663167, 49.13996], [16.662796, 49.140162], [16.662471, 49.14038], [16.662411, 49.140413], [16.66236, 49.140451], [16.662307, 49.140476], [16.662195, 49.140543], [16.66175, 49.140155], [16.661744, 49.140147], [16.660916, 49.140443], [16.659799, 49.140855], [16.65943, 49.140994], [16.658868, 49.141179], [16.658823, 49.141201], [16.658379, 49.141368], [16.658294, 49.141396], [16.65804, 49.141489], [16.657592, 49.141647], [16.657034, 49.141745], [16.656951, 49.14171], [16.656567, 49.141526], [16.65648, 49.141501], [16.656209, 49.141423], [16.655792, 49.141286], [16.655508, 49.141197], [16.655379, 49.141157], [16.655067, 49.141055], [16.654941, 49.141014], [16.654684, 49.140924], [16.654503, 49.140903], [16.65399, 49.141184], [16.653645, 49.141436], [16.653469, 49.141602], [16.653017, 49.141548], [16.65279, 49.1415], [16.652116, 49.141351], [16.651616, 49.141257], [16.650901, 49.141187], [16.650371, 49.1411], [16.650357, 49.141124], [16.649712, 49.141021], [16.649737, 49.140972], [16.649756, 49.140949], [16.649784, 49.140909], [16.649867, 49.140757], [16.649893, 49.140685], [16.649138, 49.14036], [16.649139, 49.140405], [16.649127, 49.140429], [16.648806, 49.14064], [16.648687, 49.140571], [16.647701, 49.14118], [16.646262, 49.142062], [16.646182, 49.142114], [16.646088, 49.142189], [16.646007, 49.142271], [16.645958, 49.142333], [16.645498, 49.142963], [16.645419, 49.143059], [16.645373, 49.143148], [16.645297, 49.143246], [16.645241, 49.143324], [16.645248, 49.143337], [16.645239, 49.143404], [16.64513, 49.143399], [16.644895, 49.143402], [16.644379, 49.143383], [16.642548, 49.143364], [16.641859, 49.143364], [16.641566, 49.143343], [16.641446, 49.14334], [16.640308, 49.14282], [16.64012, 49.142732], [16.640176, 49.143245], [16.640294, 49.145089], [16.636916, 49.145642], [16.636126, 49.145764], [16.634108, 49.146087], [16.634066, 49.146087], [16.633979, 49.14607], [16.633919, 49.14608], [16.633302, 49.144864], [16.633054, 49.144372], [16.632995, 49.144388], [16.630249, 49.145039], [16.630185, 49.145056], [16.630021, 49.145092], [16.629726, 49.144549], [16.629646, 49.1444], [16.629223, 49.144436], [16.629569, 49.145073], [16.62976, 49.145394], [16.629894, 49.145655], [16.630212, 49.146494], [16.630739, 49.147575], [16.631118, 49.148345], [16.631453, 49.14904], [16.631682, 49.149468], [16.632334, 49.150724], [16.632603, 49.151323], [16.632646, 49.151384], [16.632846, 49.151622], [16.632982, 49.151773], [16.633048, 49.152149], [16.633069, 49.152539], [16.63307, 49.15264], [16.633073, 49.152738], [16.633069, 49.152842], [16.633059, 49.152988], [16.63315, 49.153353], [16.633263, 49.154319], [16.633194, 49.154346], [16.633347, 49.15559], [16.633498, 49.156835], [16.633537, 49.157123], [16.633627, 49.15791], [16.633733, 49.158638], [16.63404, 49.160837], [16.634073, 49.161292], [16.634108, 49.161806], [16.63413, 49.162392], [16.634072, 49.162786], [16.634057, 49.162879], [16.63411, 49.162916], [16.634099, 49.163066], [16.634105, 49.163098], [16.634136, 49.163202], [16.634132, 49.163315], [16.634087, 49.163685], [16.634043, 49.164018], [16.633873, 49.164988], [16.633741, 49.165612], [16.633515, 49.166604], [16.633325, 49.16757], [16.632991, 49.169082], [16.632872, 49.169647], [16.632765, 49.170131], [16.632509, 49.171396], [16.632968, 49.171337], [16.634399, 49.171187], [16.635229, 49.171086], [16.635416, 49.171048], [16.636206, 49.170915], [16.637178, 49.170715], [16.637694, 49.170537], [16.637869, 49.170481], [16.639645, 49.169874], [16.640814, 49.16948], [16.642428, 49.168908], [16.642509, 49.168962], [16.643144, 49.16873], [16.643273, 49.168688], [16.643336, 49.168617], [16.643424, 49.16851], [16.643438, 49.168514], [16.643693, 49.168574], [16.644205, 49.168385], [16.644447, 49.168279], [16.644642, 49.168192], [16.644877, 49.168094], [16.645503, 49.167728], [16.645597, 49.167675], [16.645757, 49.167563], [16.645848, 49.167505], [16.645933, 49.167443], [16.646009, 49.167393], [16.646087, 49.167338], [16.646151, 49.167279], [16.646203, 49.167236], [16.646378, 49.167082], [16.646435, 49.167031], [16.646543, 49.166938], [16.646669, 49.166798], [16.646883, 49.166568], [16.646927, 49.166522], [16.647181, 49.166205], [16.647423, 49.165818], [16.647486, 49.165722], [16.647796, 49.165821], [16.647944, 49.16587], [16.648127, 49.165918], [16.648749, 49.166111], [16.648753, 49.16615], [16.65059, 49.16599], [16.651369, 49.165869], [16.651747, 49.165772], [16.651811, 49.165746], [16.651811, 49.165837], [16.651806, 49.166036], [16.651922, 49.166265], [16.651945, 49.166314], [16.651984, 49.166384], [16.652015, 49.166444], [16.652109, 49.166798], [16.6521, 49.166975], [16.652095, 49.167014], [16.652059, 49.167206], [16.652043, 49.167332], [16.652032, 49.167401], [16.652021, 49.167452], [16.652014, 49.167592], [16.652014, 49.167681], [16.652021, 49.167745], [16.652024, 49.16782], [16.652037, 49.167916], [16.653721, 49.16802], [16.655343, 49.168116], [16.655844, 49.168172], [16.657938, 49.168263], [16.660349, 49.168379], [16.66044, 49.168373], [16.660836, 49.168346], [16.661073, 49.168334], [16.662568, 49.168268], [16.665863, 49.168131], [16.668787, 49.167983], [16.669097, 49.167236], [16.66986, 49.166759], [16.670178, 49.166577], [16.67057, 49.166373], [16.671336, 49.166895], [16.671406, 49.166938], [16.671678, 49.167078], [16.671811, 49.167159], [16.67195, 49.167353], [16.671955, 49.167416], [16.671949, 49.167465], [16.671979, 49.167892], [16.672045, 49.16808], [16.672111, 49.168227], [16.672396, 49.168621], [16.672522, 49.168755], [16.672707, 49.16885], [16.672921, 49.168964], [16.674103, 49.168735], [16.675851, 49.16824], [16.677164, 49.167781], [16.677717, 49.167587], [16.67762, 49.167499], [16.677361, 49.167283], [16.677035, 49.167029], [16.677758, 49.166758], [16.678316, 49.166555], [16.678954, 49.166319], [16.68004, 49.165925], [16.680171, 49.16586], [16.680478, 49.165742], [16.681682, 49.165304], [16.682342, 49.16506], [16.683192, 49.164762], [16.68336, 49.164957], [16.684278, 49.164475], [16.684744, 49.164231], [16.684826, 49.164191], [16.686093, 49.163565], [16.686315, 49.163472], [16.686471, 49.163419], [16.686878, 49.163298], [16.686948, 49.163274], [16.687439, 49.163069], [16.68818, 49.162642], [16.68852, 49.162466], [16.688537, 49.162458], [16.688851, 49.162298], [16.688864, 49.16229], [16.68984, 49.161786], [16.690638, 49.161358], [16.690801, 49.161267], [16.690916, 49.161212], [16.691231, 49.161045], [16.691375, 49.160975], [16.691378, 49.160999], [16.691526, 49.162036], [16.692118, 49.161775], [16.692886, 49.161476], [16.694078, 49.161154], [16.694583, 49.161044], [16.694681, 49.161019], [16.69511, 49.161116], [16.695582, 49.161081], [16.696574, 49.161063], [16.696807, 49.160591], [16.696921, 49.160322], [16.697059, 49.159982], [16.697098, 49.159871], [16.697538, 49.15856], [16.697733, 49.158037], [16.697936, 49.157201], [16.698146, 49.156415], [16.698194, 49.156272], [16.698275, 49.155927], [16.698586, 49.155307], [16.698818, 49.154516], [16.699038, 49.153662], [16.69909, 49.15324], [16.699136, 49.152846], [16.699176, 49.152595], [16.699253, 49.152087], [16.699279, 49.15188], [16.699559, 49.151096], [16.699723, 49.150546], [16.699926, 49.14989], [16.700187, 49.148502], [16.70295, 49.145359], [16.703039, 49.145352], [16.70337, 49.145326], [16.70387, 49.14423], [16.705341, 49.144572], [16.706537, 49.144773], [16.707823, 49.144901], [16.708813, 49.145028], [16.709438, 49.145123], [16.711053, 49.145353], [16.712372, 49.14555], [16.712373, 49.145512], [16.711963, 49.143543], [16.711944, 49.143444], [16.710428, 49.143501], [16.709881, 49.143512], [16.709557, 49.143521], [16.709108, 49.1435], [16.709075, 49.142884], [16.709876, 49.140498], [16.709533, 49.138939], [16.708841, 49.135865], [16.708749, 49.135443], [16.70868, 49.135453], [16.708097, 49.132984], [16.707842, 49.131446], [16.707792, 49.130713], [16.707745, 49.130356], [16.707706, 49.130066], [16.706255, 49.128205], [16.704285, 49.127185], [16.699999, 49.126733], [16.699291, 49.12692], [16.696884, 49.12823], [16.696868, 49.128223], [16.693041, 49.127194], [16.692808, 49.127308], [16.692681, 49.127206], [16.692125, 49.126713], [16.691821, 49.126475], [16.690637, 49.125651], [16.690369, 49.125411], [16.689701, 49.12465], [16.689586, 49.12469], [16.688233, 49.125202], [16.686224, 49.126005], [16.686242, 49.126027], [16.685713, 49.126242], [16.684646, 49.126683], [16.683665, 49.127066], [16.683036, 49.127319], [16.681892, 49.127764], [16.681842, 49.127781], [16.681727, 49.12784], [16.681671, 49.127861], [16.681655, 49.127832], [16.68067, 49.128512], [16.679888, 49.129047], [16.67948, 49.129324], [16.678392, 49.130075], [16.676855, 49.131143], [16.675614, 49.132009], [16.673232, 49.133662], [16.671719, 49.134701], [16.671151, 49.135083], [16.668894, 49.136652], [16.668529, 49.136916]]]}}, {"type": "Feature", "properties": {"zone_id": 20399296, "name": "Brno-Chrlice", "admin_level": "9", "source": "OSM relation 20399296"}, "geometry": {"type": "Polygon", "coordinates": [[[16.626314, 49.10988], [16.626571, 49.110145], [16.630852, 49.110073], [16.635261, 49.110006], [16.634337, 49.111318], [16.63428, 49.111597], [16.634187, 49.111801], [16.63374, 49.112571], [16.633395, 49.112867], [16.633142, 49.113253], [16.632938, 49.113452], [16.63259, 49.113703], [16.632485, 49.113823], [16.632419, 49.113963], [16.632341, 49.114289], [16.632227, 49.11469], [16.632164, 49.115104], [16.632171, 49.11552], [16.63229, 49.115794], [16.632348, 49.116054], [16.632316, 49.116226], [16.632233, 49.116379], [16.632228, 49.116444], [16.632248, 49.116497], [16.632441, 49.116637], [16.632745, 49.116787], [16.632944, 49.116896], [16.633136, 49.117089], [16.633248, 49.11727], [16.633383, 49.117468], [16.633578, 49.117632], [16.633669, 49.117764], [16.633736, 49.117777], [16.637183, 49.118403], [16.637852, 49.118515], [16.639715, 49.118447], [16.64266, 49.118093], [16.64279, 49.118102], [16.642862, 49.118091], [16.643265, 49.117983], [16.646221, 49.117746], [16.650862, 49.117237], [16.652082, 49.116928], [16.655122, 49.116162], [16.65866, 49.115274], [16.659526, 49.115062], [16.660904, 49.11471], [16.661493, 49.114578], [16.661625, 49.11455], [16.661758, 49.114531], [16.665388, 49.114509], [16.66672, 49.114533], [16.667329, 49.114553], [16.671342, 49.114682], [16.674182, 49.11463], [16.67429, 49.114631], [16.674158, 49.114945], [16.674125, 49.115111], [16.674195, 49.115766], [16.679788, 49.115524], [16.680335, 49.117438], [16.680814, 49.119193], [16.68175, 49.11915], [16.681702, 49.119079], [16.682345, 49.11892], [16.682437, 49.119098], [16.683422, 49.118996], [16.683839, 49.11895], [16.683939, 49.119101], [16.683945, 49.119128], [16.684236, 49.120029], [16.684539, 49.120955], [16.68456, 49.121008], [16.685011, 49.122394], [16.685618, 49.124232], [16.686194, 49.125965], [16.686201, 49.125984], [16.686224, 49.126005], [16.686242, 49.126027], [16.685713, 49.126242], [16.684646, 49.126683], [16.683665, 49.127066], [16.683036, 49.127319], [16.681892, 49.127764], [16.681842, 49.127781], [16.681727, 49.12784], [16.681671, 49.127861], [16.681655, 49.127832], [16.68067, 49.128512], [16.679888, 49.129047], [16.67948, 49.129324], [16.678392, 49.130075], [16.676855, 49.131143], [16.675614, 49.132009], [16.673232, 49.133662], [16.671719, 49.134701], [16.671151, 49.135083], [16.668894, 49.136652], [16.668529, 49.136916], [16.668262, 49.137108], [16.666678, 49.138202], [16.666082, 49.138632], [16.666002, 49.138688], [16.665409, 49.139075], [16.665223, 49.139198], [16.664989, 49.139373], [16.665011, 49.139386], [16.664976, 49.139427], [16.664968, 49.139437], [16.664687, 49.139271], [16.663769, 49.139712], [16.663167, 49.13996], [16.662796, 49.140162], [16.662471, 49.14038], [16.662411, 49.140413], [16.66236, 49.140451], [16.662307, 49.140476], [16.662195, 49.140543], [16.66175, 49.140155], [16.661744, 49.140147], [16.660916, 49.140443], [16.659799, 49.140855], [16.65943, 49.140994], [16.658868, 49.141179], [16.658823, 49.141201], [16.658379, 49.141368], [16.658294, 49.141396], [16.65804, 49.141489], [16.657592, 49.141647], [16.657034, 49.141745], [16.656951, 49.14171], [16.656567, 49.141526], [16.65648, 49.141501], [16.656209, 49.141423], [16.655792, 49.141286], [16.655508, 49.141197], [16.655379, 49.141157], [16.655067, 49.141055], [16.654941, 49.141014], [16.654684, 49.140924], [16.654503, 49.140903], [16.65399, 49.141184], [16.653645, 49.141436], [16.653469, 49.141602], [16.653017, 49.141548], [16.65279, 49.1415], [16.652116, 49.141351], [16.651616, 49.141257], [16.650901, 49.141187], [16.650371, 49.1411], [16.650357, 49.141124], [16.649712, 49.141021], [16.649737, 49.140972], [16.649756, 49.140949], [16.649784, 49.140909], [16.649867, 49.140757], [16.649893, 49.140685], [16.649138, 49.14036], [16.649139, 49.140405], [16.649127, 49.140429], [16.648806, 49.14064], [16.648687, 49.140571], [16.647701, 49.14118], [16.646262, 49.142062], [16.646182, 49.142114], [16.646088, 49.142189], [16.646007, 49.142271], [16.645958, 49.142333], [16.645498, 49.142963], [16.645419, 49.143059], [16.645373, 49.143148], [16.645297, 49.143246], [16.645241, 49.143324], [16.645248, 49.143337], [16.645239, 49.143404], [16.64513, 49.143399], [16.644895, 49.143402], [16.644379, 49.143383], [16.642548, 49.143364], [16.641859, 49.143364], [16.641566, 49.143343], [16.641446, 49.14334], [16.640308, 49.14282], [16.64012, 49.142732], [16.640164, 49.142597], [16.640058, 49.140876], [16.640031, 49.14056], [16.639882, 49.138351], [16.639755, 49.136416], [16.639685, 49.135594], [16.639661, 49.135042], [16.6396, 49.134028], [16.639633, 49.134017], [16.639741, 49.133836], [16.640107, 49.133709], [16.641716, 49.133003], [16.642014, 49.132861], [16.642002, 49.131969], [16.642001, 49.13186], [16.642007, 49.131816], [16.641958, 49.131791], [16.639765, 49.131809], [16.63917, 49.131816], [16.638139, 49.131823], [16.633668, 49.131862], [16.633444, 49.131857], [16.632329, 49.131865], [16.63227, 49.131843], [16.631864, 49.125508], [16.627262, 49.125634], [16.626847, 49.125642], [16.626758, 49.125468], [16.626803, 49.124885], [16.62675, 49.123987], [16.62663, 49.122189], [16.626582, 49.12144], [16.626521, 49.121386], [16.626506, 49.121087], [16.626518, 49.120303], [16.626467, 49.119752], [16.626393, 49.119409], [16.626311, 49.119104], [16.625987, 49.118405], [16.62592, 49.118255], [16.625524, 49.117399], [16.625299, 49.116869], [16.625148, 49.116528], [16.624827, 49.115783], [16.624429, 49.114912], [16.624379, 49.114778], [16.624241, 49.114423], [16.624173, 49.114115], [16.624153, 49.114056], [16.624097, 49.113614], [16.624093, 49.113525], [16.624138, 49.11328], [16.624145, 49.113228], [16.624208, 49.113022], [16.624343, 49.112754], [16.624447, 49.112589], [16.624912, 49.111865], [16.625463, 49.11105], [16.62569, 49.110894], [16.626102, 49.110313], [16.626195, 49.110111], [16.626314, 49.10988]]]}}]}